Date,Open,High,Low,Close,Volume,Dividends,Stock Splits,RClose
2007-11-07 00:00:00+08:00,0.153568,0.153568,0.150633,0.152590,137792,0.000000,0.000000,1.000541
2007-11-09 00:00:00+08:00,0.149655,0.154546,0.149655,0.153568,950920,0.000000,0.000000,1.001519
2007-11-12 00:00:00+08:00,0.151612,0.152590,0.150634,0.150634,227130,0.000000,0.000000,0.998585
2007-11-13 00:00:00+08:00,0.151612,0.152590,0.150633,0.152590,937292,0.000000,0.000000,1.000541
2007-11-14 00:00:00+08:00,0.152590,0.153568,0.152590,0.153568,661707,0.000000,0.000000,1.001519
2007-11-15 00:00:00+08:00,0.152590,0.152590,0.150634,0.150634,66625,0.000000,0.000000,0.998585
2007-11-16 00:00:00+08:00,0.150633,0.151612,0.150633,0.151612,107508,0.000000,0.000000,0.999563
2007-11-19 00:00:00+08:00,0.151612,0.151612,0.148677,0.148677,381579,0.000000,0.000000,0.996628
2007-11-20 00:00:00+08:00,0.146721,0.149655,0.146721,0.148677,290727,0.000000,0.000000,0.996628
2007-11-21 00:00:00+08:00,0.148677,0.148677,0.148677,0.148677,16656,0.000000,0.000000,0.996628
2007-11-22 00:00:00+08:00,0.147699,0.148677,0.147699,0.148677,208960,0.000000,0.000000,0.996628
2007-11-23 00:00:00+08:00,0.147699,0.147699,0.147699,0.147699,40883,0.000000,0.000000,0.995650
2007-11-26 00:00:00+08:00,0.147699,0.148677,0.147699,0.148677,74196,0.000000,0.000000,0.996628
2007-11-27 00:00:00+08:00,0.149655,0.149655,0.147699,0.148677,808585,0.000000,0.000000,0.996628
2007-11-28 00:00:00+08:00,0.148677,0.148677,0.148677,0.148677,492116,0.000000,0.000000,0.996628
2007-11-29 00:00:00+08:00,0.149655,0.149655,0.148677,0.148677,540571,0.000000,0.000000,0.996628
2007-11-30 00:00:00+08:00,0.148677,0.148677,0.147699,0.148677,645051,0.000000,0.000000,0.996628
2007-12-03 00:00:00+08:00,0.148677,0.148677,0.148677,0.148677,555713,0.000000,0.000000,0.996628
2007-12-04 00:00:00+08:00,0.148677,0.148677,0.148677,0.148677,243787,0.000000,0.000000,0.996628
2007-12-05 00:00:00+08:00,0.148677,0.148677,0.147699,0.147699,408835,0.000000,0.000000,0.995650
2007-12-06 00:00:00+08:00,0.150634,0.150634,0.150634,0.150634,18170,0.000000,0.000000,0.998585
2007-12-07 00:00:00+08:00,0.148677,0.148677,0.148677,0.148677,1514,0.000000,0.000000,0.996628
2007-12-10 00:00:00+08:00,0.150634,0.150634,0.150634,0.150634,10599,0.000000,0.000000,0.998585
2007-12-11 00:00:00+08:00,0.150633,0.151612,0.149655,0.151612,317983,0.000000,0.000000,0.999563
2007-12-12 00:00:00+08:00,0.150633,0.152590,0.150633,0.152590,237730,0.000000,0.000000,1.000541
2007-12-13 00:00:00+08:00,0.149655,0.149655,0.149655,0.149655,45426,0.000000,0.000000,0.997606
2007-12-14 00:00:00+08:00,0.150634,0.150634,0.150634,0.150634,30284,0.000000,0.000000,0.998585
2007-12-17 00:00:00+08:00,0.149655,0.149655,0.149655,0.149655,215017,0.000000,0.000000,0.997606
2007-12-18 00:00:00+08:00,0.149655,0.150634,0.148677,0.149655,230159,0.000000,0.000000,0.997606
2007-12-19 00:00:00+08:00,0.149655,0.149655,0.149655,0.149655,261957,0.000000,0.000000,0.997606
2007-12-21 00:00:00+08:00,0.149655,0.149655,0.148677,0.148677,289213,0.000000,0.000000,0.996628
2007-12-24 00:00:00+08:00,0.148677,0.149655,0.148677,0.149655,143849,0.000000,0.000000,0.997606
2007-12-26 00:00:00+08:00,0.148677,0.148677,0.148677,0.148677,6056,0.000000,0.000000,0.996628
2007-12-27 00:00:00+08:00,0.148677,0.150634,0.148677,0.150634,192304,0.000000,0.000000,0.998585
2007-12-28 00:00:00+08:00,0.149655,0.149655,0.149655,0.149655,36340,0.000000,0.000000,0.997606
2007-12-31 00:00:00+08:00,0.150634,0.150634,0.149655,0.150634,57539,0.000000,0.000000,0.998585
2008-01-02 00:00:00+08:00,0.150634,0.150634,0.150634,0.150634,107508,0.000000,0.000000,0.998585
2008-01-03 00:00:00+08:00,0.150634,0.150634,0.150634,0.150634,204417,0.000000,0.000000,0.998585
2008-01-04 00:00:00+08:00,0.150634,0.150634,0.149655,0.150634,317983,0.000000,0.000000,0.998585
2008-01-07 00:00:00+08:00,0.149655,0.150634,0.149655,0.149655,1013003,0.000000,0.000000,0.997606
2008-01-08 00:00:00+08:00,0.149655,0.149655,0.149655,0.149655,955463,0.000000,0.000000,0.997606
2008-01-09 00:00:00+08:00,0.149655,0.149655,0.148677,0.149655,1029659,0.000000,0.000000,0.997606
2008-01-10 00:00:00+08:00,0.149655,0.149655,0.148677,0.149655,458804,0.000000,0.000000,0.997606
2008-01-11 00:00:00+08:00,0.149655,0.149655,0.148677,0.149655,355838,0.000000,0.000000,0.997606
2008-01-14 00:00:00+08:00,0.150634,0.150634,0.149655,0.150634,445176,0.000000,0.000000,0.998585
2008-01-15 00:00:00+08:00,0.149655,0.149655,0.148677,0.148677,370980,0.000000,0.000000,0.996628
2008-01-16 00:00:00+08:00,0.147699,0.147699,0.144765,0.146721,325554,0.000000,0.000000,0.994672
2008-01-17 00:00:00+08:00,0.146721,0.146721,0.144765,0.146721,431548,0.000000,0.000000,0.994672
2008-01-18 00:00:00+08:00,0.146721,0.146721,0.145743,0.146721,127193,0.000000,0.000000,0.994672
2008-01-21 00:00:00+08:00,0.146721,0.146721,0.144765,0.144765,419434,0.000000,0.000000,0.992716
2008-01-22 00:00:00+08:00,0.142809,0.142809,0.139874,0.140852,946378,0.000000,0.000000,0.988803
2008-01-23 00:00:00+08:00,0.142808,0.144765,0.142808,0.143787,1118997,0.000000,0.000000,0.991738
2008-01-24 00:00:00+08:00,0.144765,0.146721,0.144765,0.144765,996346,0.000000,0.000000,0.992716
2008-01-25 00:00:00+08:00,0.145743,0.145743,0.143787,0.144765,2094145,0.000000,0.000000,0.992716
2008-01-28 00:00:00+08:00,0.145743,0.145743,0.143787,0.144765,1656540,0.000000,0.000000,0.992716
2008-01-29 00:00:00+08:00,0.143981,0.144961,0.141043,0.142022,1414267,0.000660,0.000000,0.989313
2008-01-30 00:00:00+08:00,0.141043,0.145940,0.141043,0.142022,850983,0.000000,0.000000,0.989313
2008-01-31 00:00:00+08:00,0.141043,0.143002,0.141043,0.143002,65110,0.000000,0.000000,0.990293
2008-02-01 00:00:00+08:00,0.141043,0.141043,0.139084,0.140063,470917,0.000000,0.000000,0.987354
2008-02-04 00:00:00+08:00,0.137125,0.139084,0.137125,0.139084,261957,0.000000,0.000000,0.986375
2008-02-05 00:00:00+08:00,0.139084,0.139084,0.139084,0.139084,949406,0.000000,0.000000,0.986375
2008-02-06 00:00:00+08:00,0.139084,0.140063,0.139084,0.139084,452747,0.000000,0.000000,0.986375
2008-02-11 00:00:00+08:00,0.140063,0.140063,0.139084,0.140063,919122,0.000000,0.000000,0.987354
2008-02-12 00:00:00+08:00,0.140063,0.141043,0.140063,0.140063,910037,0.000000,0.000000,0.987354
2008-02-13 00:00:00+08:00,0.141043,0.141043,0.141043,0.141043,51482,0.000000,0.000000,0.988334
2008-02-14 00:00:00+08:00,0.142022,0.143002,0.141043,0.141043,128707,0.000000,0.000000,0.988334
2008-02-15 00:00:00+08:00,0.143002,0.143981,0.143002,0.143981,77224,0.000000,0.000000,0.991272
2008-02-18 00:00:00+08:00,0.143981,0.148878,0.143981,0.144961,581454,0.000000,0.000000,0.992252
2008-02-19 00:00:00+08:00,0.152796,0.152796,0.146919,0.146919,890352,0.000000,0.000000,0.994210
2008-02-20 00:00:00+08:00,0.146919,0.146919,0.143981,0.143981,28769,0.000000,0.000000,0.991272
2008-02-21 00:00:00+08:00,0.144961,0.148878,0.144961,0.148878,39369,0.000000,0.000000,0.996169
2008-02-22 00:00:00+08:00,0.144961,0.144961,0.143981,0.143981,228644,0.000000,0.000000,0.991272
2008-02-25 00:00:00+08:00,0.143981,0.145940,0.143981,0.144961,351295,0.000000,0.000000,0.992252
2008-02-26 00:00:00+08:00,0.144961,0.144961,0.144961,0.144961,1147767,0.000000,0.000000,0.992252
2008-02-27 00:00:00+08:00,0.143981,0.144961,0.143981,0.144961,579940,0.000000,0.000000,0.992252
2008-02-28 00:00:00+08:00,0.143002,0.144961,0.143002,0.144961,90852,0.000000,0.000000,0.992252
2008-02-29 00:00:00+08:00,0.143981,0.143981,0.143002,0.143002,343724,0.000000,0.000000,0.990293
2008-03-03 00:00:00+08:00,0.143981,0.144961,0.142022,0.142022,448204,0.000000,0.000000,0.989313
2008-03-04 00:00:00+08:00,0.142022,0.142022,0.141043,0.142022,1771619,0.000000,0.000000,0.989313
2008-03-05 00:00:00+08:00,0.142022,0.142022,0.140063,0.141043,1671682,0.000000,0.000000,0.988334
2008-03-06 00:00:00+08:00,0.142022,0.143002,0.141043,0.141043,952434,0.000000,0.000000,0.988334
2008-03-07 00:00:00+08:00,0.142022,0.142022,0.141043,0.141043,449718,0.000000,0.000000,0.988334
2008-03-10 00:00:00+08:00,0.141043,0.141043,0.139084,0.139084,1087199,0.000000,0.000000,0.986375
2008-03-11 00:00:00+08:00,0.139084,0.139084,0.138104,0.138104,1468778,0.000000,0.000000,0.985395
2008-03-12 00:00:00+08:00,0.139084,0.139084,0.138104,0.138104,1069028,0.000000,0.000000,0.985395
2008-03-13 00:00:00+08:00,0.141043,0.141043,0.138104,0.138104,573883,0.000000,0.000000,0.985395
2008-03-14 00:00:00+08:00,0.141043,0.141043,0.138104,0.138104,0,0.000000,0.000000,0.985395
2008-03-17 00:00:00+08:00,0.137125,0.137125,0.136145,0.136145,660193,0.000000,0.000000,0.983436
2008-03-18 00:00:00+08:00,0.137125,0.137125,0.136145,0.137125,148392,0.000000,0.000000,0.984416
2008-03-19 00:00:00+08:00,0.138104,0.138104,0.136145,0.136145,242272,0.000000,0.000000,0.983436
2008-03-20 00:00:00+08:00,0.136145,0.137125,0.136145,0.137125,86309,0.000000,0.000000,0.984416
2008-03-24 00:00:00+08:00,0.137125,0.139084,0.137125,0.138104,89338,0.000000,0.000000,0.985395
2008-03-25 00:00:00+08:00,0.139084,0.141043,0.139084,0.140063,199875,0.000000,0.000000,0.987354
2008-03-26 00:00:00+08:00,0.141043,0.141043,0.141043,0.141043,45426,0.000000,0.000000,0.988334
2008-03-27 00:00:00+08:00,0.141043,0.141043,0.139084,0.140063,109022,0.000000,0.000000,0.987354
2008-03-28 00:00:00+08:00,0.140063,0.141043,0.138104,0.141043,1297673,0.000000,0.000000,0.988334
2008-03-31 00:00:00+08:00,0.140063,0.141043,0.138104,0.139084,417920,0.000000,0.000000,0.986375
2008-04-01 00:00:00+08:00,0.138104,0.138104,0.136145,0.137125,2060833,0.000000,0.000000,0.984416
2008-04-02 00:00:00+08:00,0.139084,0.139084,0.137125,0.137125,1514205,0.000000,0.000000,0.984416
2008-04-03 00:00:00+08:00,0.139084,0.139084,0.138104,0.139084,30284,0.000000,0.000000,0.986375
2008-04-04 00:00:00+08:00,0.139084,0.139084,0.139084,0.139084,340696,0.000000,0.000000,0.986375
2008-04-07 00:00:00+08:00,0.139084,0.140063,0.137125,0.140063,1594457,0.000000,0.000000,0.987354
2008-04-08 00:00:00+08:00,0.139084,0.139084,0.137125,0.137125,1689852,0.000000,0.000000,0.984416
2008-04-09 00:00:00+08:00,0.138104,0.138104,0.138104,0.138104,116593,0.000000,0.000000,0.985395
2008-04-10 00:00:00+08:00,0.140063,0.140063,0.137125,0.137125,832812,0.000000,0.000000,0.984416
2008-04-11 00:00:00+08:00,0.138104,0.138104,0.137125,0.137125,420948,0.000000,0.000000,0.984416
2008-04-14 00:00:00+08:00,0.137125,0.138104,0.137125,0.137125,190789,0.000000,0.000000,0.984416
2008-04-15 00:00:00+08:00,0.139084,0.139084,0.138104,0.138104,6056,0.000000,0.000000,0.985395
2008-04-16 00:00:00+08:00,0.139084,0.139084,0.138104,0.138104,57539,0.000000,0.000000,0.985395
2008-04-17 00:00:00+08:00,0.139084,0.139084,0.138104,0.138104,52997,0.000000,0.000000,0.985395
2008-04-18 00:00:00+08:00,0.139084,0.139084,0.137125,0.137125,1240133,0.000000,0.000000,0.984416
2008-04-21 00:00:00+08:00,0.138104,0.142022,0.138104,0.138104,0,0.000000,0.000000,0.985395
2008-04-22 00:00:00+08:00,0.139084,0.140063,0.138104,0.138104,2896674,0.000000,0.000000,0.985395
2008-04-23 00:00:00+08:00,0.140063,0.142022,0.140063,0.141043,816156,0.000000,0.000000,0.988334
2008-04-24 00:00:00+08:00,0.142022,0.143002,0.142022,0.142022,420948,0.000000,0.000000,0.989313
2008-04-25 00:00:00+08:00,0.143002,0.143002,0.142022,0.143002,339181,0.000000,0.000000,0.990293
2008-04-28 00:00:00+08:00,0.143981,0.143981,0.143002,0.143981,301326,0.000000,0.000000,0.991272
2008-04-29 00:00:00+08:00,0.142313,0.142313,0.139368,0.139368,322525,0.000991,0.000000,0.985668
2008-04-30 00:00:00+08:00,0.140350,0.141331,0.140350,0.141331,451233,0.000000,0.000000,0.987631
2008-05-02 00:00:00+08:00,0.142313,0.142313,0.142313,0.142313,31798,0.000000,0.000000,0.988613
2008-05-05 00:00:00+08:00,0.142313,0.142313,0.142313,0.142313,60568,0.000000,0.000000,0.988613
2008-05-06 00:00:00+08:00,0.142313,0.142313,0.142313,0.142313,96909,0.000000,0.000000,0.988613
2008-05-07 00:00:00+08:00,0.142313,0.142313,0.141331,0.141331,198360,0.000000,0.000000,0.987631
2008-05-08 00:00:00+08:00,0.141331,0.142313,0.141331,0.142313,152934,0.000000,0.000000,0.988613
2008-05-09 00:00:00+08:00,0.142313,0.142313,0.141331,0.141331,168076,0.000000,0.000000,0.987631
2008-05-12 00:00:00+08:00,0.142313,0.144276,0.142313,0.144276,222588,0.000000,0.000000,0.990576
2008-05-13 00:00:00+08:00,0.144276,0.145257,0.143294,0.145257,534514,0.000000,0.000000,0.991557
2008-05-14 00:00:00+08:00,0.144276,0.144276,0.144276,0.144276,36340,0.000000,0.000000,0.990576
2008-05-15 00:00:00+08:00,0.144276,0.144276,0.144276,0.144276,10599,0.000000,0.000000,0.990576
2008-05-16 00:00:00+08:00,0.144276,0.144276,0.144276,0.144276,52997,0.000000,0.000000,0.990576
2008-05-20 00:00:00+08:00,0.144276,0.145257,0.144276,0.144276,89338,0.000000,0.000000,0.990576
2008-05-21 00:00:00+08:00,0.144276,0.144276,0.144276,0.144276,86309,0.000000,0.000000,0.990576
2008-05-22 00:00:00+08:00,0.143294,0.143294,0.143294,0.143294,15142,0.000000,0.000000,0.989594
2008-05-23 00:00:00+08:00,0.144276,0.145257,0.144276,0.144276,0,0.000000,0.000000,0.990576
2008-05-26 00:00:00+08:00,0.143294,0.143294,0.142313,0.143294,678363,0.000000,0.000000,0.989594
2008-05-27 00:00:00+08:00,0.143294,0.143294,0.143294,0.143294,10599,0.000000,0.000000,0.989594
2008-05-28 00:00:00+08:00,0.143294,0.143294,0.143294,0.143294,42397,0.000000,0.000000,0.989594
2008-05-29 00:00:00+08:00,0.142313,0.142313,0.142313,0.142313,4542,0.000000,0.000000,0.988613
2008-05-30 00:00:00+08:00,0.141331,0.143294,0.141331,0.142313,80252,0.000000,0.000000,0.988613
2008-06-02 00:00:00+08:00,0.143294,0.143294,0.142313,0.143294,30284,0.000000,0.000000,0.989594
2008-06-03 00:00:00+08:00,0.143294,0.143294,0.143294,0.143294,57539,0.000000,0.000000,0.989594
2008-06-04 00:00:00+08:00,0.142313,0.145257,0.141331,0.144276,234701,0.000000,0.000000,0.990576
2008-06-05 00:00:00+08:00,0.142313,0.142313,0.142313,0.142313,1514,0.000000,0.000000,0.988613
2008-06-06 00:00:00+08:00,0.142313,0.143294,0.142313,0.143294,3028,0.000000,0.000000,0.989594
2008-06-09 00:00:00+08:00,0.140349,0.142313,0.140349,0.142313,277099,0.000000,0.000000,0.988613
2008-06-10 00:00:00+08:00,0.142313,0.143294,0.140350,0.141331,286184,0.000000,0.000000,0.987631
2008-06-11 00:00:00+08:00,0.141331,0.141331,0.141331,0.141331,3028,0.000000,0.000000,0.987631
2008-06-12 00:00:00+08:00,0.141331,0.141331,0.141331,0.141331,19684,0.000000,0.000000,0.987631
2008-06-13 00:00:00+08:00,0.141331,0.141331,0.141331,0.141331,19684,0.000000,0.000000,0.987631
2008-06-16 00:00:00+08:00,0.140350,0.141331,0.140350,0.141331,269528,0.000000,0.000000,0.987631
2008-06-17 00:00:00+08:00,0.141331,0.142313,0.141331,0.141331,56025,0.000000,0.000000,0.987631
2008-06-18 00:00:00+08:00,0.143294,0.143294,0.141331,0.141331,205931,0.000000,0.000000,0.987631
2008-06-19 00:00:00+08:00,0.141331,0.141331,0.140349,0.140349,177161,0.000000,0.000000,0.986649
2008-06-20 00:00:00+08:00,0.141331,0.146238,0.140349,0.140349,437605,0.000000,0.000000,0.986649
2008-06-23 00:00:00+08:00,0.141331,0.141331,0.141331,0.141331,33312,0.000000,0.000000,0.987631
2008-06-24 00:00:00+08:00,0.142313,0.142313,0.141331,0.141331,77224,0.000000,0.000000,0.987631
2008-06-25 00:00:00+08:00,0.143294,0.143294,0.141331,0.141331,12113,0.000000,0.000000,0.987631
2008-06-26 00:00:00+08:00,0.142313,0.143294,0.141331,0.141331,45426,0.000000,0.000000,0.987631
2008-06-27 00:00:00+08:00,0.141331,0.142313,0.140349,0.142313,43911,0.000000,0.000000,0.988613
2008-06-30 00:00:00+08:00,0.142313,0.142313,0.140350,0.141331,66625,0.000000,0.000000,0.987631
2008-07-01 00:00:00+08:00,0.141331,0.141331,0.140349,0.140349,51482,0.000000,0.000000,0.986649
2008-07-02 00:00:00+08:00,0.140350,0.140350,0.139368,0.139368,225616,0.000000,0.000000,0.985668
2008-07-03 00:00:00+08:00,0.139368,0.141331,0.138387,0.139368,416406,0.000000,0.000000,0.985668
2008-07-04 00:00:00+08:00,0.139368,0.139368,0.139368,0.139368,263471,0.000000,0.000000,0.985668
2008-07-07 00:00:00+08:00,0.139368,0.141331,0.139368,0.141331,109022,0.000000,0.000000,0.987631
2008-07-08 00:00:00+08:00,0.140349,0.141331,0.138387,0.140349,943349,0.000000,0.000000,0.986649
2008-07-09 00:00:00+08:00,0.139368,0.139368,0.139368,0.139368,236215,0.000000,0.000000,0.985668
2008-07-10 00:00:00+08:00,0.139368,0.139368,0.138387,0.138387,389150,0.000000,0.000000,0.984687
2008-07-11 00:00:00+08:00,0.138387,0.138387,0.138387,0.138387,395207,0.000000,0.000000,0.984687
2008-07-14 00:00:00+08:00,0.139368,0.141331,0.137405,0.141331,533000,0.000000,0.000000,0.987631
2008-07-15 00:00:00+08:00,0.137405,0.139368,0.137405,0.139368,18170,0.000000,0.000000,0.985668
2008-07-16 00:00:00+08:00,0.138387,0.138387,0.138387,0.138387,96909,0.000000,0.000000,0.984687
2008-07-17 00:00:00+08:00,0.138387,0.138387,0.138387,0.138387,181704,0.000000,0.000000,0.984687
2008-07-18 00:00:00+08:00,0.138387,0.139368,0.138387,0.138387,340696,0.000000,0.000000,0.984687
2008-07-21 00:00:00+08:00,0.139368,0.140349,0.139368,0.140349,33312,0.000000,0.000000,0.986649
2008-07-22 00:00:00+08:00,0.140350,0.141331,0.140350,0.141331,93880,0.000000,0.000000,0.987631
2008-07-23 00:00:00+08:00,0.142313,0.143294,0.142313,0.143294,587511,0.000000,0.000000,0.989594
2008-07-24 00:00:00+08:00,0.144276,0.144276,0.144276,0.144276,93880,0.000000,0.000000,0.990576
2008-07-25 00:00:00+08:00,0.144276,0.144276,0.143294,0.143294,151420,0.000000,0.000000,0.989594
2008-07-28 00:00:00+08:00,0.145257,0.145257,0.143294,0.145257,324039,0.000000,0.000000,0.991557
2008-07-29 00:00:00+08:00,0.145257,0.145257,0.143294,0.144276,248329,0.000000,0.000000,0.990576
2008-07-30 00:00:00+08:00,0.141543,0.141543,0.140560,0.141543,59053,0.000726,0.000000,0.987117
2008-07-31 00:00:00+08:00,0.141543,0.141543,0.140560,0.140560,181704,0.000000,0.000000,0.986134
2008-08-01 00:00:00+08:00,0.140560,0.140560,0.139577,0.140560,40883,0.000000,0.000000,0.986134
2008-08-04 00:00:00+08:00,0.139577,0.139577,0.137611,0.137611,546628,0.000000,0.000000,0.983185
2008-08-05 00:00:00+08:00,0.139577,0.139577,0.137611,0.138594,457289,0.000000,0.000000,0.984168
2008-08-06 00:00:00+08:00,0.138594,0.139577,0.138594,0.138594,83281,0.000000,0.000000,0.984168
2008-08-07 00:00:00+08:00,0.139577,0.139577,0.138594,0.139577,77224,0.000000,0.000000,0.985151
2008-08-08 00:00:00+08:00,0.139577,0.139577,0.139577,0.139577,230159,0.000000,0.000000,0.985151
2008-08-11 00:00:00+08:00,0.140560,0.141543,0.139577,0.139577,171105,0.000000,0.000000,0.985151
2008-08-12 00:00:00+08:00,0.140560,0.140560,0.136628,0.137611,953949,0.000000,0.000000,0.983185
2008-08-13 00:00:00+08:00,0.139577,0.140560,0.138594,0.139577,576912,0.000000,0.000000,0.985151
2008-08-14 00:00:00+08:00,0.138594,0.139577,0.138594,0.138594,0,0.000000,0.000000,0.984168
2008-08-15 00:00:00+08:00,0.138594,0.139577,0.136628,0.136628,1075085,0.000000,0.000000,0.982202
2008-08-18 00:00:00+08:00,0.137611,0.137611,0.136628,0.136628,211988,0.000000,0.000000,0.982202
2008-08-19 00:00:00+08:00,0.137611,0.137611,0.136628,0.136628,348267,0.000000,0.000000,0.982202
2008-08-20 00:00:00+08:00,0.136628,0.136628,0.136628,0.136628,336153,0.000000,0.000000,0.982202
2008-08-21 00:00:00+08:00,0.136628,0.138594,0.136628,0.136628,0,0.000000,0.000000,0.982202
2008-08-22 00:00:00+08:00,0.136628,0.136628,0.136628,0.136628,348267,0.000000,0.000000,0.982202
2008-08-25 00:00:00+08:00,0.136628,0.136628,0.136628,0.136628,54511,0.000000,0.000000,0.982202
2008-08-26 00:00:00+08:00,0.136628,0.136628,0.136628,0.136628,128707,0.000000,0.000000,0.982202
2008-08-27 00:00:00+08:00,0.136628,0.136628,0.136628,0.136628,96909,0.000000,0.000000,0.982202
2008-08-28 00:00:00+08:00,0.137611,0.137611,0.137611,0.137611,60568,0.000000,0.000000,0.983185
2008-08-29 00:00:00+08:00,0.137611,0.137611,0.137611,0.137611,30284,0.000000,0.000000,0.983185
2008-09-01 00:00:00+08:00,0.137611,0.137611,0.137611,0.137611,143849,0.000000,0.000000,0.983185
2008-09-02 00:00:00+08:00,0.137611,0.137611,0.137611,0.137611,24227,0.000000,0.000000,0.983185
2008-09-03 00:00:00+08:00,0.137611,0.137611,0.136628,0.136628,224102,0.000000,0.000000,0.982202
2008-09-04 00:00:00+08:00,0.136628,0.136628,0.135645,0.136628,145363,0.000000,0.000000,0.982202
2008-09-05 00:00:00+08:00,0.135645,0.136628,0.135645,0.135645,165048,0.000000,0.000000,0.981219
2008-09-08 00:00:00+08:00,0.136628,0.137611,0.136628,0.136628,63596,0.000000,0.000000,0.982202
2008-09-09 00:00:00+08:00,0.137611,0.137611,0.137611,0.137611,116593,0.000000,0.000000,0.983185
2008-09-10 00:00:00+08:00,0.136628,0.136628,0.136628,0.136628,165048,0.000000,0.000000,0.982202
2008-09-11 00:00:00+08:00,0.136628,0.136628,0.135645,0.136628,98423,0.000000,0.000000,0.982202
2008-09-12 00:00:00+08:00,0.136628,0.136628,0.136628,0.136628,48454,0.000000,0.000000,0.982202
2008-09-15 00:00:00+08:00,0.135645,0.137611,0.132696,0.132696,422463,0.000000,0.000000,0.978270
2008-09-16 00:00:00+08:00,0.132696,0.132696,0.130731,0.130731,408835,0.000000,0.000000,0.976305
2008-09-17 00:00:00+08:00,0.133679,0.133679,0.123850,0.126799,929721,0.000000,0.000000,0.972373
2008-09-18 00:00:00+08:00,0.123850,0.123850,0.117952,0.122867,230159,0.000000,0.000000,0.968441
2008-09-19 00:00:00+08:00,0.123850,0.127782,0.123850,0.126799,726818,0.000000,0.000000,0.972373
2008-09-22 00:00:00+08:00,0.134662,0.134662,0.127782,0.128765,104480,0.000000,0.000000,0.974339
2008-09-23 00:00:00+08:00,0.128765,0.128765,0.124833,0.125816,56025,0.000000,0.000000,0.971390
2008-09-24 00:00:00+08:00,0.125816,0.125816,0.123850,0.124833,225616,0.000000,0.000000,0.970407
2008-09-25 00:00:00+08:00,0.124833,0.125816,0.124833,0.125816,18170,0.000000,0.000000,0.971390
2008-09-26 00:00:00+08:00,0.124833,0.124833,0.124833,0.124833,56025,0.000000,0.000000,0.970407
2008-09-29 00:00:00+08:00,0.124833,0.125816,0.121884,0.121884,325554,0.000000,0.000000,0.967458
2008-09-30 00:00:00+08:00,0.115004,0.119918,0.115004,0.119918,420948,0.000000,0.000000,0.965492
2008-10-02 00:00:00+08:00,0.120901,0.121884,0.119918,0.120901,101451,0.000000,0.000000,0.966475
2008-10-03 00:00:00+08:00,0.119918,0.119918,0.118935,0.118935,240758,0.000000,0.000000,0.964509
2008-10-06 00:00:00+08:00,0.119918,0.119918,0.116969,0.116969,93880,0.000000,0.000000,0.962543
2008-10-07 00:00:00+08:00,0.115987,0.116969,0.115987,0.116969,166562,0.000000,0.000000,0.962543
2008-10-08 00:00:00+08:00,0.116969,0.116969,0.111072,0.111072,448204,0.000000,0.000000,0.956646
2008-10-09 00:00:00+08:00,0.111072,0.111072,0.110089,0.110089,274071,0.000000,0.000000,0.955663
2008-10-10 00:00:00+08:00,0.102225,0.105174,0.094362,0.097311,1579315,0.000000,0.000000,0.942885
2008-10-13 00:00:00+08:00,0.096328,0.096328,0.079618,0.082567,1197736,0.000000,0.000000,0.928141
2008-10-14 00:00:00+08:00,0.086498,0.090430,0.078635,0.078635,847954,0.000000,0.000000,0.924209
2008-10-15 00:00:00+08:00,0.078635,0.087481,0.078635,0.079618,437605,0.000000,0.000000,0.925192
2008-10-16 00:00:00+08:00,0.078635,0.078635,0.076669,0.077652,361894,0.000000,0.000000,0.923226
2008-10-17 00:00:00+08:00,0.078635,0.078635,0.077652,0.077652,242272,0.000000,0.000000,0.923226
2008-10-20 00:00:00+08:00,0.078635,0.078635,0.076669,0.078635,289213,0.000000,0.000000,0.924209
2008-10-21 00:00:00+08:00,0.080601,0.082567,0.080601,0.081584,2805821,0.000000,0.000000,0.927158
2008-10-22 00:00:00+08:00,0.082567,0.086498,0.082567,0.086498,3157117,0.000000,0.000000,0.932072
2008-10-23 00:00:00+08:00,0.085515,0.086498,0.083550,0.086498,1368841,0.000000,0.000000,0.932072
2008-10-24 00:00:00+08:00,0.084533,0.084533,0.082567,0.083550,754074,0.000000,0.000000,0.929124
2008-10-27 00:00:00+08:00,0.083550,0.083550,0.083550,0.083550,0,0.000000,0.000000,0.929124
2008-10-29 00:00:00+08:00,0.084414,0.084414,0.081326,0.082356,287698,0.012680,0.000000,0.915250
2008-10-30 00:00:00+08:00,0.082356,0.083385,0.082356,0.083385,322525,0.000000,0.000000,0.916279
2008-10-31 00:00:00+08:00,0.082356,0.083385,0.081326,0.083385,107508,0.000000,0.000000,0.916279
2008-11-03 00:00:00+08:00,0.084414,0.087503,0.083385,0.086473,473946,0.000000,0.000000,0.919367
2008-11-04 00:00:00+08:00,0.086473,0.087503,0.086473,0.087503,124164,0.000000,0.000000,0.920397
2008-11-05 00:00:00+08:00,0.088532,0.088532,0.085444,0.085444,340696,0.000000,0.000000,0.918338
2008-11-06 00:00:00+08:00,0.085444,0.086473,0.084414,0.086473,145363,0.000000,0.000000,0.919367
2008-11-07 00:00:00+08:00,0.083385,0.085444,0.083385,0.084414,84795,0.000000,0.000000,0.917308
2008-11-10 00:00:00+08:00,0.085444,0.087503,0.085444,0.086473,63596,0.000000,0.000000,0.919367
2008-11-11 00:00:00+08:00,0.084414,0.086473,0.084414,0.084414,230159,0.000000,0.000000,0.917308
2008-11-12 00:00:00+08:00,0.084414,0.084414,0.082356,0.082356,395207,0.000000,0.000000,0.915250
2008-11-13 00:00:00+08:00,0.082356,0.084414,0.082356,0.084414,52997,0.000000,0.000000,0.917308
2008-11-14 00:00:00+08:00,0.084414,0.084414,0.084414,0.084414,69653,0.000000,0.000000,0.917308
2008-11-17 00:00:00+08:00,0.085444,0.085444,0.084414,0.084414,361894,0.000000,0.000000,0.917308
2008-11-18 00:00:00+08:00,0.083385,0.083385,0.083385,0.083385,6056,0.000000,0.000000,0.916279
2008-11-19 00:00:00+08:00,0.083385,0.084414,0.083385,0.084414,45426,0.000000,0.000000,0.917308
2008-11-20 00:00:00+08:00,0.082356,0.083385,0.081326,0.081326,177161,0.000000,0.000000,0.914220
2008-11-21 00:00:00+08:00,0.081326,0.081326,0.078238,0.081326,357352,0.000000,0.000000,0.914220
2008-11-24 00:00:00+08:00,0.082356,0.082356,0.076179,0.078238,254386,0.000000,0.000000,0.911132
2008-11-25 00:00:00+08:00,0.077208,0.078238,0.077208,0.078238,564798,0.000000,0.000000,0.911132
2008-11-26 00:00:00+08:00,0.078238,0.079267,0.077208,0.077208,60568,0.000000,0.000000,0.910102
2008-11-27 00:00:00+08:00,0.081326,0.081326,0.081326,0.081326,3028,0.000000,0.000000,0.914220
2008-11-28 00:00:00+08:00,0.080296,0.082356,0.080296,0.082356,19684,0.000000,0.000000,0.915250
2008-12-01 00:00:00+08:00,0.081326,0.081326,0.080296,0.081326,104480,0.000000,0.000000,0.914220
2008-12-02 00:00:00+08:00,0.080296,0.082356,0.080296,0.082356,83281,0.000000,0.000000,0.915250
2008-12-03 00:00:00+08:00,0.082356,0.082356,0.081326,0.081326,43911,0.000000,0.000000,0.914220
2008-12-04 00:00:00+08:00,0.082356,0.083385,0.082356,0.083385,31798,0.000000,0.000000,0.916279
2008-12-05 00:00:00+08:00,0.082356,0.082356,0.082356,0.082356,60568,0.000000,0.000000,0.915250
2008-12-09 00:00:00+08:00,0.083385,0.083385,0.082356,0.082356,289213,0.000000,0.000000,0.915250
2008-12-10 00:00:00+08:00,0.082356,0.082356,0.082356,0.082356,264985,0.000000,0.000000,0.915250
2008-12-11 00:00:00+08:00,0.083385,0.083385,0.083385,0.083385,43911,0.000000,0.000000,0.916279
2008-12-12 00:00:00+08:00,0.083385,0.084414,0.083385,0.084414,146877,0.000000,0.000000,0.917308
2008-12-15 00:00:00+08:00,0.085444,0.085444,0.083385,0.084414,458804,0.000000,0.000000,0.917308
2008-12-16 00:00:00+08:00,0.085444,0.085444,0.082356,0.084414,254386,0.000000,0.000000,0.917308
2008-12-17 00:00:00+08:00,0.086473,0.086473,0.083385,0.084414,90852,0.000000,0.000000,0.917308
2008-12-18 00:00:00+08:00,0.084414,0.084414,0.081326,0.082356,693505,0.000000,0.000000,0.915250
2008-12-19 00:00:00+08:00,0.079267,0.084414,0.079267,0.083385,619309,0.000000,0.000000,0.916279
2008-12-22 00:00:00+08:00,0.083385,0.083385,0.082356,0.082356,296784,0.000000,0.000000,0.915250
2008-12-23 00:00:00+08:00,0.082356,0.082356,0.082356,0.082356,52997,0.000000,0.000000,0.915250
2008-12-24 00:00:00+08:00,0.082356,0.082356,0.082356,0.082356,0,0.000000,0.000000,0.915250
2008-12-26 00:00:00+08:00,0.082356,0.082356,0.082356,0.082356,22713,0.000000,0.000000,0.915250
2008-12-29 00:00:00+08:00,0.081326,0.085444,0.081326,0.082356,124164,0.000000,0.000000,0.915250
2008-12-30 00:00:00+08:00,0.082356,0.084414,0.081326,0.082356,846440,0.000000,0.000000,0.915250
2008-12-31 00:00:00+08:00,0.082356,0.084414,0.082356,0.083385,275585,0.000000,0.000000,0.916279
2009-01-02 00:00:00+08:00,0.082356,0.085444,0.082356,0.084414,269528,0.000000,0.000000,0.917308
2009-01-05 00:00:00+08:00,0.084414,0.088532,0.084414,0.088532,443662,0.000000,0.000000,0.921426
2009-01-06 00:00:00+08:00,0.086473,0.086473,0.086473,0.086473,52997,0.000000,0.000000,0.919367
2009-01-07 00:00:00+08:00,0.087503,0.088532,0.082356,0.084414,445176,0.000000,0.000000,0.917308
2009-01-08 00:00:00+08:00,0.084414,0.084414,0.084414,0.084414,0,0.000000,0.000000,0.917308
2009-01-09 00:00:00+08:00,0.084414,0.084414,0.084414,0.084414,151420,0.000000,0.000000,0.917308
2009-01-12 00:00:00+08:00,0.085444,0.085444,0.085444,0.085444,6056,0.000000,0.000000,0.918338
2009-01-13 00:00:00+08:00,0.085444,0.086473,0.085444,0.085444,210474,0.000000,0.000000,0.918338
2009-01-14 00:00:00+08:00,0.088532,0.089562,0.087503,0.087503,115079,0.000000,0.000000,0.920397
2009-01-15 00:00:00+08:00,0.087503,0.087503,0.086473,0.086473,39369,0.000000,0.000000,0.919367
2009-01-16 00:00:00+08:00,0.087503,0.090591,0.087503,0.089562,272556,0.000000,0.000000,0.922456
2009-01-19 00:00:00+08:00,0.088532,0.088532,0.086473,0.086473,77224,0.000000,0.000000,0.919367
2009-01-20 00:00:00+08:00,0.087503,0.089562,0.087503,0.089562,158991,0.000000,0.000000,0.922456
2009-01-21 00:00:00+08:00,0.089562,0.089562,0.089562,0.089562,10025551,0.000000,0.000000,0.922456
2009-01-22 00:00:00+08:00,0.090591,0.092650,0.089562,0.089562,741960,0.000000,0.000000,0.922456
2009-01-23 00:00:00+08:00,0.090591,0.092650,0.090591,0.091620,280127,0.000000,0.000000,0.924514
2009-01-28 00:00:00+08:00,0.091620,0.093679,0.090591,0.093679,313440,0.000000,0.000000,0.926573
2009-01-29 00:00:00+08:00,0.094709,0.097797,0.092650,0.093679,1924554,0.000000,0.000000,0.926573
2009-01-30 00:00:00+08:00,0.095701,0.097851,0.094626,0.096776,866125,0.012812,0.000000,0.916858
2009-02-02 00:00:00+08:00,0.096776,0.098927,0.096776,0.096776,539056,0.000000,0.000000,0.916858
2009-02-03 00:00:00+08:00,0.096776,0.096776,0.096776,0.096776,271042,0.000000,0.000000,0.916858
2009-02-04 00:00:00+08:00,0.098927,0.098927,0.096776,0.098927,71167,0.000000,0.000000,0.919009
2009-02-05 00:00:00+08:00,0.097851,0.097851,0.097851,0.097851,205931,0.000000,0.000000,0.917933
2009-02-06 00:00:00+08:00,0.097851,0.097851,0.094626,0.094626,149906,0.000000,0.000000,0.914708
2009-02-09 00:00:00+08:00,0.095701,0.096776,0.095701,0.096776,33312,0.000000,0.000000,0.916858
2009-02-10 00:00:00+08:00,0.093550,0.100002,0.093550,0.093550,0,0.000000,0.000000,0.913632
2009-02-11 00:00:00+08:00,0.094626,0.094626,0.094626,0.094626,3028,0.000000,0.000000,0.914708
2009-02-12 00:00:00+08:00,0.096776,0.097851,0.095701,0.096776,89338,0.000000,0.000000,0.916858
2009-02-13 00:00:00+08:00,0.095701,0.095701,0.094626,0.095701,216531,0.000000,0.000000,0.915783
2009-02-16 00:00:00+08:00,0.095701,0.095701,0.094626,0.094626,93880,0.000000,0.000000,0.914708
2009-02-17 00:00:00+08:00,0.094626,0.094626,0.087099,0.091400,861582,0.000000,0.000000,0.911482
2009-02-18 00:00:00+08:00,0.091400,0.093550,0.091400,0.093550,151420,0.000000,0.000000,0.913632
2009-02-19 00:00:00+08:00,0.092475,0.092475,0.092475,0.092475,15142,0.000000,0.000000,0.912557
2009-02-20 00:00:00+08:00,0.092475,0.092475,0.091400,0.092475,154448,0.000000,0.000000,0.912557
2009-02-23 00:00:00+08:00,0.091400,0.092475,0.091400,0.092475,187761,0.000000,0.000000,0.912557
2009-02-24 00:00:00+08:00,0.092475,0.092475,0.092475,0.092475,90852,0.000000,0.000000,0.912557
2009-02-25 00:00:00+08:00,0.092475,0.095701,0.092475,0.093550,252872,0.000000,0.000000,0.913632
2009-02-26 00:00:00+08:00,0.093550,0.094626,0.093550,0.094626,104480,0.000000,0.000000,0.914708
2009-02-27 00:00:00+08:00,0.094626,0.095701,0.094626,0.095701,189275,0.000000,0.000000,0.915783
2009-03-02 00:00:00+08:00,0.094626,0.094626,0.092475,0.092475,328582,0.000000,0.000000,0.912557
2009-03-03 00:00:00+08:00,0.092475,0.093550,0.090324,0.093550,175647,0.000000,0.000000,0.913632
2009-03-04 00:00:00+08:00,0.093550,0.094626,0.093550,0.094626,215017,0.000000,0.000000,0.914708
2009-03-05 00:00:00+08:00,0.095701,0.096776,0.094626,0.094626,258929,0.000000,0.000000,0.914708
2009-03-06 00:00:00+08:00,0.095701,0.097851,0.094626,0.096776,496659,0.000000,0.000000,0.916858
2009-03-09 00:00:00+08:00,0.096776,0.101077,0.096776,0.096776,387636,0.000000,0.000000,0.916858
2009-03-10 00:00:00+08:00,0.101077,0.101077,0.096776,0.097851,116593,0.000000,0.000000,0.917933
2009-03-11 00:00:00+08:00,0.098927,0.105379,0.098927,0.105379,446690,0.000000,0.000000,0.925461
2009-03-12 00:00:00+08:00,0.105379,0.105379,0.101077,0.101077,152934,0.000000,0.000000,0.921159
2009-03-13 00:00:00+08:00,0.101077,0.104303,0.101077,0.104303,293755,0.000000,0.000000,0.924385
2009-03-16 00:00:00+08:00,0.103228,0.103228,0.103228,0.103228,122650,0.000000,0.000000,0.923310
2009-03-17 00:00:00+08:00,0.101077,0.103228,0.101077,0.103228,60568,0.000000,0.000000,0.923310
2009-03-18 00:00:00+08:00,0.103228,0.103228,0.102152,0.102152,22713,0.000000,0.000000,0.922234
2009-03-19 00:00:00+08:00,0.102152,0.103228,0.102152,0.103228,151420,0.000000,0.000000,0.923310
2009-03-20 00:00:00+08:00,0.102152,0.102152,0.092475,0.092475,145363,0.000000,0.000000,0.912557
2009-03-23 00:00:00+08:00,0.103228,0.105379,0.103228,0.105379,151420,0.000000,0.000000,0.925461
2009-03-24 00:00:00+08:00,0.103228,0.104303,0.102152,0.104303,62082,0.000000,0.000000,0.924385
2009-03-25 00:00:00+08:00,0.105379,0.105379,0.104303,0.104303,158991,0.000000,0.000000,0.924385
2009-03-26 00:00:00+08:00,0.104303,0.108604,0.104303,0.107529,295269,0.000000,0.000000,0.927611
2009-03-27 00:00:00+08:00,0.107529,0.109680,0.107529,0.108604,899437,0.000000,0.000000,0.928686
2009-03-30 00:00:00+08:00,0.107529,0.107529,0.103228,0.103228,225616,0.000000,0.000000,0.923310
2009-03-31 00:00:00+08:00,0.107529,0.107529,0.107529,0.107529,45426,0.000000,0.000000,0.927611
2009-04-01 00:00:00+08:00,0.116131,0.116131,0.107529,0.107529,184733,0.000000,0.000000,0.927611
2009-04-02 00:00:00+08:00,0.110755,0.118282,0.110755,0.118282,337667,0.000000,0.000000,0.938364
2009-04-03 00:00:00+08:00,0.116131,0.116131,0.113981,0.113981,128707,0.000000,0.000000,0.934063
2009-04-06 00:00:00+08:00,0.113981,0.113981,0.112905,0.112905,205931,0.000000,0.000000,0.932987
2009-04-07 00:00:00+08:00,0.112906,0.112906,0.111830,0.111830,225616,0.000000,0.000000,0.931912
2009-04-08 00:00:00+08:00,0.111830,0.111830,0.111830,0.111830,0,0.000000,0.000000,0.931912
2009-04-09 00:00:00+08:00,0.112905,0.112905,0.112905,0.112905,105994,0.000000,0.000000,0.932987
2009-04-13 00:00:00+08:00,0.113981,0.113981,0.113981,0.113981,104480,0.000000,0.000000,0.934063
2009-04-14 00:00:00+08:00,0.113981,0.113981,0.113981,0.113981,22713,0.000000,0.000000,0.934063
2009-04-15 00:00:00+08:00,0.113981,0.120433,0.113981,0.120433,236215,0.000000,0.000000,0.940515
2009-04-16 00:00:00+08:00,0.120433,0.120433,0.116131,0.116131,78738,0.000000,0.000000,0.936213
2009-04-17 00:00:00+08:00,0.120433,0.122583,0.119357,0.122583,399750,0.000000,0.000000,0.942665
2009-04-20 00:00:00+08:00,0.122583,0.124734,0.119357,0.120433,208960,0.000000,0.000000,0.940515
2009-04-21 00:00:00+08:00,0.120433,0.120433,0.116131,0.120433,128707,0.000000,0.000000,0.940515
2009-04-22 00:00:00+08:00,0.122583,0.123659,0.122583,0.123659,125679,0.000000,0.000000,0.943741
2009-04-23 00:00:00+08:00,0.123659,0.124734,0.123659,0.123659,169590,0.000000,0.000000,0.943741
2009-04-24 00:00:00+08:00,0.124734,0.126884,0.120433,0.120433,570855,0.000000,0.000000,0.940515
2009-04-27 00:00:00+08:00,0.122583,0.122583,0.120433,0.121508,158991,0.000000,0.000000,0.941590
2009-04-28 00:00:00+08:00,0.122583,0.122583,0.120433,0.122583,213502,0.000000,0.000000,0.942665
2009-04-29 00:00:00+08:00,0.121914,0.121914,0.120836,0.121914,42397,0.001255,0.000000,0.940741
2009-04-30 00:00:00+08:00,0.122993,0.122993,0.121914,0.121914,336153,0.000000,0.000000,0.940741
2009-05-01 00:00:00+08:00,0.121914,0.121914,0.121914,0.121914,0,0.000000,0.000000,0.940741
2009-05-04 00:00:00+08:00,0.119756,0.119756,0.119756,0.119756,10599,0.000000,0.000000,0.938583
2009-05-05 00:00:00+08:00,0.121914,0.121914,0.120836,0.121914,95394,0.000000,0.000000,0.940741
2009-05-06 00:00:00+08:00,0.122993,0.124072,0.122993,0.122993,1723165,0.000000,0.000000,0.941820
2009-05-07 00:00:00+08:00,0.124072,0.124072,0.122993,0.124072,778301,0.000000,0.000000,0.942899
2009-05-08 00:00:00+08:00,0.124072,0.127309,0.124072,0.126230,978176,0.000000,0.000000,0.945057
2009-05-11 00:00:00+08:00,0.126230,0.127309,0.122993,0.122993,1061457,0.000000,0.000000,0.941820
2009-05-12 00:00:00+08:00,0.122993,0.122993,0.120836,0.120836,75710,0.000000,0.000000,0.939663
2009-05-13 00:00:00+08:00,0.122993,0.124072,0.121914,0.124072,875210,0.000000,0.000000,0.942899
2009-05-14 00:00:00+08:00,0.122993,0.122993,0.122993,0.122993,128707,0.000000,0.000000,0.941820
2009-05-15 00:00:00+08:00,0.122993,0.122993,0.121914,0.122993,146877,0.000000,0.000000,0.941820
2009-05-18 00:00:00+08:00,0.121914,0.121914,0.121914,0.121914,104480,0.000000,0.000000,0.940741
2009-05-19 00:00:00+08:00,0.124072,0.124072,0.122993,0.124072,165048,0.000000,0.000000,0.942899
2009-05-20 00:00:00+08:00,0.124072,0.124072,0.124072,0.124072,1582344,0.000000,0.000000,0.942899
2009-05-21 00:00:00+08:00,0.124072,0.124072,0.124072,0.124072,519372,0.000000,0.000000,0.942899
2009-05-22 00:00:00+08:00,0.122993,0.124072,0.122993,0.122993,287698,0.000000,0.000000,0.941820
2009-05-25 00:00:00+08:00,0.124072,0.125151,0.122993,0.125151,310412,0.000000,0.000000,0.943978
2009-05-26 00:00:00+08:00,0.126230,0.128388,0.126230,0.128388,202903,0.000000,0.000000,0.947215
2009-05-27 00:00:00+08:00,0.129467,0.132703,0.129467,0.131624,172619,0.000000,0.000000,0.950451
2009-05-28 00:00:00+08:00,0.130545,0.131624,0.130545,0.131624,57539,0.000000,0.000000,0.950451
2009-05-29 00:00:00+08:00,0.131624,0.132703,0.130545,0.130545,84795,0.000000,0.000000,0.949372
2009-06-01 00:00:00+08:00,0.132703,0.138098,0.132703,0.137019,464860,0.000000,0.000000,0.955846
2009-06-02 00:00:00+08:00,0.141334,0.144571,0.134861,0.135940,414892,0.000000,0.000000,0.954767
2009-06-03 00:00:00+08:00,0.138098,0.139177,0.138098,0.139177,216531,0.000000,0.000000,0.958004
2009-06-04 00:00:00+08:00,0.139177,0.140256,0.138098,0.140256,292241,0.000000,0.000000,0.959083
2009-06-05 00:00:00+08:00,0.140256,0.141334,0.140256,0.141334,275585,0.000000,0.000000,0.960161
2009-06-08 00:00:00+08:00,0.142413,0.142413,0.138098,0.138098,396721,0.000000,0.000000,0.956925
2009-06-09 00:00:00+08:00,0.138098,0.140256,0.138098,0.138098,195332,0.000000,0.000000,0.956925
2009-06-10 00:00:00+08:00,0.139177,0.140256,0.139177,0.140256,22713,0.000000,0.000000,0.959083
2009-06-11 00:00:00+08:00,0.140256,0.141334,0.140256,0.140256,87823,0.000000,0.000000,0.959083
2009-06-12 00:00:00+08:00,0.138098,0.138098,0.134861,0.134861,425491,0.000000,0.000000,0.953688
2009-06-15 00:00:00+08:00,0.135940,0.135940,0.133782,0.133782,202903,0.000000,0.000000,0.952609
2009-06-16 00:00:00+08:00,0.131624,0.132703,0.131624,0.132703,196846,0.000000,0.000000,0.951530
2009-06-17 00:00:00+08:00,0.134861,0.134861,0.134861,0.134861,45426,0.000000,0.000000,0.953688
2009-06-18 00:00:00+08:00,0.132703,0.132703,0.131624,0.131624,75710,0.000000,0.000000,0.950451
2009-06-19 00:00:00+08:00,0.132703,0.139177,0.132703,0.139177,84795,0.000000,0.000000,0.958004
2009-06-22 00:00:00+08:00,0.137019,0.137019,0.133782,0.133782,72681,0.000000,0.000000,0.952609
2009-06-23 00:00:00+08:00,0.131624,0.134861,0.131624,0.134861,140821,0.000000,0.000000,0.953688
2009-06-24 00:00:00+08:00,0.134861,0.140256,0.134861,0.140256,289213,0.000000,0.000000,0.959083
2009-06-25 00:00:00+08:00,0.140256,0.140256,0.140256,0.140256,1514,0.000000,0.000000,0.959083
2009-06-26 00:00:00+08:00,0.140256,0.140256,0.138098,0.138098,59053,0.000000,0.000000,0.956925
2009-06-29 00:00:00+08:00,0.138098,0.138098,0.137019,0.137019,310412,0.000000,0.000000,0.955846
2009-06-30 00:00:00+08:00,0.137019,0.137019,0.135940,0.135940,313440,0.000000,0.000000,0.954767
2009-07-01 00:00:00+08:00,0.137019,0.137019,0.137019,0.137019,174133,0.000000,0.000000,0.955846
2009-07-02 00:00:00+08:00,0.137019,0.137019,0.137019,0.137019,19684,0.000000,0.000000,0.955846
2009-07-03 00:00:00+08:00,0.137019,0.137019,0.137019,0.137019,0,0.000000,0.000000,0.955846
2009-07-06 00:00:00+08:00,0.135940,0.135940,0.135940,0.135940,66625,0.000000,0.000000,0.954767
2009-07-07 00:00:00+08:00,0.138098,0.138098,0.138098,0.138098,28769,0.000000,0.000000,0.956925
2009-07-08 00:00:00+08:00,0.135940,0.135940,0.135940,0.135940,22713,0.000000,0.000000,0.954767
2009-07-09 00:00:00+08:00,0.135940,0.135940,0.135940,0.135940,0,0.000000,0.000000,0.954767
2009-07-10 00:00:00+08:00,0.137019,0.137019,0.137019,0.137019,15142,0.000000,0.000000,0.955846
2009-07-13 00:00:00+08:00,0.135940,0.135940,0.135940,0.135940,45426,0.000000,0.000000,0.954767
2009-07-14 00:00:00+08:00,0.140256,0.140256,0.140256,0.140256,75710,0.000000,0.000000,0.959083
2009-07-15 00:00:00+08:00,0.141334,0.142413,0.140256,0.142413,263471,0.000000,0.000000,0.961240
2009-07-16 00:00:00+08:00,0.142413,0.143492,0.141334,0.142413,275585,0.000000,0.000000,0.961240
2009-07-17 00:00:00+08:00,0.142413,0.142413,0.140256,0.140256,42397,0.000000,0.000000,0.959083
2009-07-20 00:00:00+08:00,0.140256,0.143492,0.140256,0.143492,311926,0.000000,0.000000,0.962319
2009-07-21 00:00:00+08:00,0.143492,0.145650,0.143492,0.145650,180190,0.000000,0.000000,0.964477
2009-07-22 00:00:00+08:00,0.146729,0.147808,0.146729,0.146729,277099,0.000000,0.000000,0.965556
2009-07-23 00:00:00+08:00,0.148887,0.152123,0.148887,0.151044,414892,0.000000,0.000000,0.969871
2009-07-24 00:00:00+08:00,0.152123,0.153202,0.151044,0.153202,1000889,0.000000,0.000000,0.972029
2009-07-27 00:00:00+08:00,0.152123,0.154281,0.152123,0.153202,531485,0.000000,0.000000,0.972029
2009-07-28 00:00:00+08:00,0.155360,0.155360,0.153202,0.154281,364923,0.000000,0.000000,0.973108
2009-07-29 00:00:00+08:00,0.154281,0.154281,0.153202,0.154281,328582,0.000000,0.000000,0.973108
2009-07-30 00:00:00+08:00,0.154789,0.154789,0.152578,0.154789,74196,0.011425,0.000000,0.962191
2009-07-31 00:00:00+08:00,0.153684,0.154789,0.153684,0.153684,121136,0.000000,0.000000,0.961086
2009-08-03 00:00:00+08:00,0.154789,0.154789,0.152578,0.153684,90852,0.000000,0.000000,0.961086
2009-08-04 00:00:00+08:00,0.153684,0.154789,0.152578,0.152578,133250,0.000000,0.000000,0.959980
2009-08-05 00:00:00+08:00,0.152578,0.152578,0.150367,0.150367,124164,0.000000,0.000000,0.957769
2009-08-06 00:00:00+08:00,0.149261,0.152578,0.149261,0.150367,109022,0.000000,0.000000,0.957769
2009-08-07 00:00:00+08:00,0.150367,0.150367,0.149261,0.150367,83281,0.000000,0.000000,0.957769
2009-08-11 00:00:00+08:00,0.151473,0.151473,0.151473,0.151473,125679,0.000000,0.000000,0.958875
2009-08-12 00:00:00+08:00,0.150367,0.150367,0.148156,0.148156,666250,0.000000,0.000000,0.955558
2009-08-13 00:00:00+08:00,0.149261,0.151473,0.149261,0.151473,431548,0.000000,0.000000,0.958875
2009-08-14 00:00:00+08:00,0.152578,0.153684,0.151473,0.153684,913065,0.000000,0.000000,0.961086
2009-08-17 00:00:00+08:00,0.152578,0.152578,0.150367,0.152578,302841,0.000000,0.000000,0.959980
2009-08-18 00:00:00+08:00,0.150367,0.152578,0.150367,0.152578,77224,0.000000,0.000000,0.959980
2009-08-19 00:00:00+08:00,0.150367,0.151473,0.150367,0.151473,52997,0.000000,0.000000,0.958875
2009-08-20 00:00:00+08:00,0.151473,0.151473,0.150367,0.151473,134764,0.000000,0.000000,0.958875
2009-08-21 00:00:00+08:00,0.151473,0.151473,0.150367,0.151473,299812,0.000000,0.000000,0.958875
2009-08-24 00:00:00+08:00,0.151473,0.152578,0.151473,0.152578,293755,0.000000,0.000000,0.959980
2009-08-25 00:00:00+08:00,0.152578,0.154789,0.152578,0.153684,819184,0.000000,0.000000,0.961086
2009-08-26 00:00:00+08:00,0.153684,0.153684,0.151473,0.151473,245301,0.000000,0.000000,0.958875
2009-08-27 00:00:00+08:00,0.152578,0.153684,0.152578,0.152578,145363,0.000000,0.000000,0.959980
2009-08-28 00:00:00+08:00,0.153684,0.153684,0.152578,0.152578,201389,0.000000,0.000000,0.959980
2009-08-31 00:00:00+08:00,0.152578,0.152578,0.151473,0.152578,585997,0.000000,0.000000,0.959980
2009-09-01 00:00:00+08:00,0.152578,0.152578,0.151473,0.151473,317983,0.000000,0.000000,0.958875
2009-09-02 00:00:00+08:00,0.151473,0.151473,0.151473,0.151473,40883,0.000000,0.000000,0.958875
2009-09-03 00:00:00+08:00,0.150367,0.151473,0.150367,0.151473,499687,0.000000,0.000000,0.958875
2009-09-04 00:00:00+08:00,0.152578,0.152578,0.151473,0.152578,278613,0.000000,0.000000,0.959980
2009-09-07 00:00:00+08:00,0.151473,0.152578,0.151473,0.151473,725304,0.000000,0.000000,0.958875
2009-09-08 00:00:00+08:00,0.151473,0.151473,0.150367,0.150367,540571,0.000000,0.000000,0.957769
2009-09-09 00:00:00+08:00,0.150367,0.150367,0.150367,0.150367,290727,0.000000,0.000000,0.957769
2009-09-10 00:00:00+08:00,0.151473,0.151473,0.151473,0.151473,225616,0.000000,0.000000,0.958875
2009-09-11 00:00:00+08:00,0.151473,0.151473,0.150367,0.150367,523914,0.000000,0.000000,0.957769
2009-09-14 00:00:00+08:00,0.150367,0.150367,0.148156,0.148156,887324,0.000000,0.000000,0.955558
2009-09-15 00:00:00+08:00,0.150367,0.150367,0.145944,0.147050,1206821,0.000000,0.000000,0.954452
2009-09-16 00:00:00+08:00,0.148156,0.148156,0.145944,0.147050,1806446,0.000000,0.000000,0.954452
2009-09-17 00:00:00+08:00,0.148156,0.149261,0.147050,0.147050,1287074,0.000000,0.000000,0.954452
2009-09-18 00:00:00+08:00,0.148156,0.148156,0.144839,0.144839,884295,0.000000,0.000000,0.952241
2009-09-21 00:00:00+08:00,0.144839,0.144839,0.144839,0.144839,0,0.000000,0.000000,0.952241
2009-09-22 00:00:00+08:00,0.145944,0.147050,0.144839,0.144839,252872,0.000000,0.000000,0.952241
2009-09-23 00:00:00+08:00,0.144839,0.147050,0.144839,0.145945,249843,0.000000,0.000000,0.953347
2009-09-24 00:00:00+08:00,0.145944,0.147050,0.144839,0.144839,554199,0.000000,0.000000,0.952241
2009-09-25 00:00:00+08:00,0.145945,0.152578,0.145945,0.145945,407321,0.000000,0.000000,0.953347
2009-09-28 00:00:00+08:00,0.145944,0.148156,0.144839,0.147050,457289,0.000000,0.000000,0.954452
2009-09-29 00:00:00+08:00,0.147050,0.149261,0.147050,0.148156,149906,0.000000,0.000000,0.955558
2009-09-30 00:00:00+08:00,0.149261,0.149261,0.148156,0.148156,190789,0.000000,0.000000,0.955558
2009-10-01 00:00:00+08:00,0.149261,0.149261,0.148156,0.149261,196846,0.000000,0.000000,0.956663
2009-10-02 00:00:00+08:00,0.148156,0.150367,0.147050,0.150367,105994,0.000000,0.000000,0.957769
2009-10-05 00:00:00+08:00,0.150367,0.150367,0.147050,0.148156,372494,0.000000,0.000000,0.955558
2009-10-06 00:00:00+08:00,0.148156,0.150367,0.147050,0.148156,243787,0.000000,0.000000,0.955558
2009-10-07 00:00:00+08:00,0.150367,0.151473,0.149261,0.151473,116593,0.000000,0.000000,0.958875
2009-10-08 00:00:00+08:00,0.150367,0.151473,0.150367,0.151473,56025,0.000000,0.000000,0.958875
2009-10-09 00:00:00+08:00,0.151473,0.153684,0.151473,0.153684,411863,0.000000,0.000000,0.961086
2009-10-12 00:00:00+08:00,0.153684,0.153684,0.153684,0.153684,83281,0.000000,0.000000,0.961086
2009-10-13 00:00:00+08:00,0.154789,0.154789,0.153684,0.154789,133250,0.000000,0.000000,0.962191
2009-10-14 00:00:00+08:00,0.154789,0.155895,0.153684,0.155895,215017,0.000000,0.000000,0.963297
2009-10-15 00:00:00+08:00,0.155895,0.157001,0.155895,0.157001,274071,0.000000,0.000000,0.964403
2009-10-16 00:00:00+08:00,0.154789,0.155895,0.154789,0.155895,92366,0.000000,0.000000,0.963297
2009-10-19 00:00:00+08:00,0.154789,0.157001,0.154789,0.157001,146877,0.000000,0.000000,0.964403
2009-10-20 00:00:00+08:00,0.157001,0.158106,0.157001,0.158106,582968,0.000000,0.000000,0.965508
2009-10-21 00:00:00+08:00,0.157001,0.159212,0.157001,0.159212,272556,0.000000,0.000000,0.966614
2009-10-22 00:00:00+08:00,0.159212,0.160318,0.154789,0.159212,699562,0.000000,0.000000,0.966614
2009-10-23 00:00:00+08:00,0.159212,0.159212,0.158106,0.158106,283156,0.000000,0.000000,0.965508
2009-10-26 00:00:00+08:00,0.159212,0.160318,0.158106,0.159212,585997,0.000000,0.000000,0.966614
2009-10-27 00:00:00+08:00,0.160318,0.160318,0.159212,0.160318,557227,0.000000,0.000000,0.967720
2009-10-28 00:00:00+08:00,0.160318,0.162529,0.159212,0.159212,617795,0.000000,0.000000,0.966614
2009-10-29 00:00:00+08:00,0.158985,0.160121,0.158985,0.160121,640508,0.012548,0.000000,0.954975
2009-10-30 00:00:00+08:00,0.158985,0.160121,0.158985,0.160121,65110,0.000000,0.000000,0.954975
2009-11-02 00:00:00+08:00,0.158985,0.160121,0.157849,0.160121,287698,0.000000,0.000000,0.954975
2009-11-03 00:00:00+08:00,0.160121,0.161256,0.160121,0.160121,187761,0.000000,0.000000,0.954975
2009-11-04 00:00:00+08:00,0.161256,0.161256,0.160121,0.160121,122650,0.000000,0.000000,0.954975
2009-11-05 00:00:00+08:00,0.160121,0.161256,0.160121,0.161256,257414,0.000000,0.000000,0.956110
2009-11-06 00:00:00+08:00,0.161256,0.161256,0.160121,0.160121,75710,0.000000,0.000000,0.954975
2009-11-09 00:00:00+08:00,0.160121,0.160121,0.158985,0.160121,413377,0.000000,0.000000,0.954975
2009-11-10 00:00:00+08:00,0.161256,0.161256,0.161256,0.161256,96909,0.000000,0.000000,0.956110
2009-11-11 00:00:00+08:00,0.160121,0.160121,0.160121,0.160121,83281,0.000000,0.000000,0.954975
2009-11-12 00:00:00+08:00,0.161256,0.162392,0.161256,0.162392,336153,0.000000,0.000000,0.957246
2009-11-13 00:00:00+08:00,0.162392,0.162392,0.162392,0.162392,81767,0.000000,0.000000,0.957246
2009-11-17 00:00:00+08:00,0.165799,0.166934,0.165799,0.165799,1209849,0.000000,0.000000,0.960653
2009-11-18 00:00:00+08:00,0.165799,0.170341,0.165799,0.169206,628395,0.000000,0.000000,0.964060
2009-11-19 00:00:00+08:00,0.169206,0.171477,0.169206,0.170341,302841,0.000000,0.000000,0.965195
2009-11-20 00:00:00+08:00,0.171477,0.171477,0.169206,0.169206,240758,0.000000,0.000000,0.964060
2009-11-23 00:00:00+08:00,0.166934,0.172612,0.166934,0.171477,387636,0.000000,0.000000,0.966331
2009-11-24 00:00:00+08:00,0.172612,0.172612,0.171477,0.171477,234701,0.000000,0.000000,0.966331
2009-11-25 00:00:00+08:00,0.172612,0.177155,0.172612,0.177155,481517,0.000000,0.000000,0.972009
2009-11-26 00:00:00+08:00,0.177155,0.177155,0.173748,0.173748,325554,0.000000,0.000000,0.968602
2009-11-30 00:00:00+08:00,0.173748,0.173748,0.171477,0.173748,261957,0.000000,0.000000,0.968602
2009-12-01 00:00:00+08:00,0.172612,0.174884,0.171477,0.171477,278613,0.000000,0.000000,0.966331
2009-12-02 00:00:00+08:00,0.173748,0.173748,0.170341,0.170341,370980,0.000000,0.000000,0.965195
2009-12-03 00:00:00+08:00,0.173748,0.173748,0.171477,0.171477,45426,0.000000,0.000000,0.966331
2009-12-04 00:00:00+08:00,0.171477,0.173748,0.171477,0.172612,75710,0.000000,0.000000,0.967466
2009-12-07 00:00:00+08:00,0.173748,0.174883,0.172612,0.174883,102965,0.000000,0.000000,0.969737
2009-12-08 00:00:00+08:00,0.174884,0.177155,0.174884,0.177155,263471,0.000000,0.000000,0.972009
2009-12-09 00:00:00+08:00,0.177155,0.180561,0.177155,0.177155,186247,0.000000,0.000000,0.972009
2009-12-10 00:00:00+08:00,0.177155,0.179426,0.177155,0.177155,337667,0.000000,0.000000,0.972009
2009-12-11 00:00:00+08:00,0.177155,0.177155,0.177155,0.177155,87823,0.000000,0.000000,0.972009
2009-12-14 00:00:00+08:00,0.177155,0.177155,0.177155,0.177155,46940,0.000000,0.000000,0.972009
2009-12-15 00:00:00+08:00,0.177155,0.179426,0.177155,0.179426,337667,0.000000,0.000000,0.974280
2009-12-16 00:00:00+08:00,0.180561,0.180561,0.179426,0.179426,237730,0.000000,0.000000,0.974280
2009-12-17 00:00:00+08:00,0.180561,0.180561,0.180561,0.180561,271042,0.000000,0.000000,0.975415
2009-12-18 00:00:00+08:00,0.179426,0.180561,0.179426,0.180561,107508,0.000000,0.000000,0.975415
2009-12-21 00:00:00+08:00,0.180561,0.181697,0.179426,0.180561,130221,0.000000,0.000000,0.975415
2009-12-22 00:00:00+08:00,0.180561,0.180561,0.180561,0.180561,237730,0.000000,0.000000,0.975415
2009-12-23 00:00:00+08:00,0.181697,0.181697,0.180561,0.180561,171105,0.000000,0.000000,0.975415
2009-12-28 00:00:00+08:00,0.181697,0.182833,0.181697,0.182833,328582,0.000000,0.000000,0.977687
2009-12-29 00:00:00+08:00,0.182833,0.185104,0.182833,0.185104,4330626,0.000000,0.000000,0.979958
2009-12-30 00:00:00+08:00,0.185104,0.186240,0.185104,0.185104,268014,0.000000,0.000000,0.979958
2010-01-04 00:00:00+08:00,0.185104,0.188511,0.185104,0.188511,555713,0.000000,0.000000,0.983365
2010-01-05 00:00:00+08:00,0.189646,0.194189,0.189646,0.194189,601139,0.000000,0.000000,0.989043
2010-01-06 00:00:00+08:00,0.195324,0.196460,0.191918,0.195324,1162909,0.000000,0.000000,0.990178
2010-01-07 00:00:00+08:00,0.194189,0.195324,0.194189,0.195324,196846,0.000000,0.000000,0.990178
2010-01-08 00:00:00+08:00,0.193053,0.197596,0.193053,0.195324,504230,0.000000,0.000000,0.990178
2010-01-11 00:00:00+08:00,0.197596,0.199867,0.195324,0.197596,548142,0.000000,0.000000,0.992450
2010-01-12 00:00:00+08:00,0.197596,0.199867,0.197596,0.197596,546628,0.000000,0.000000,0.992450
2010-01-13 00:00:00+08:00,0.196460,0.196460,0.194189,0.196460,301326,0.000000,0.000000,0.991314
2010-01-14 00:00:00+08:00,0.196460,0.197596,0.195324,0.195324,172619,0.000000,0.000000,0.990178
2010-01-15 00:00:00+08:00,0.194189,0.196460,0.194189,0.194189,142335,0.000000,0.000000,0.989043
2010-01-18 00:00:00+08:00,0.193053,0.195324,0.191918,0.195324,439119,0.000000,0.000000,0.990178
2010-01-19 00:00:00+08:00,0.195324,0.196460,0.194189,0.194189,242272,0.000000,0.000000,0.989043
2010-01-20 00:00:00+08:00,0.194189,0.196460,0.193053,0.195324,257414,0.000000,0.000000,0.990178
2010-01-21 00:00:00+08:00,0.193053,0.197596,0.193053,0.195324,230159,0.000000,0.000000,0.990178
2010-01-22 00:00:00+08:00,0.193053,0.195324,0.191918,0.195324,445176,0.000000,0.000000,0.990178
2010-01-25 00:00:00+08:00,0.195324,0.197596,0.194189,0.195324,458804,0.000000,0.000000,0.990178
2010-01-26 00:00:00+08:00,0.197596,0.201003,0.193053,0.194189,1205307,0.000000,0.000000,0.989043
2010-01-27 00:00:00+08:00,0.194189,0.195324,0.193053,0.193053,433062,0.000000,0.000000,0.987907
2010-01-28 00:00:00+08:00,0.194029,0.195191,0.190544,0.194029,661707,0.012680,0.000000,0.976203
2010-01-29 00:00:00+08:00,0.191706,0.195191,0.191706,0.191706,284670,0.000000,0.000000,0.973880
2010-02-01 00:00:00+08:00,0.190544,0.191706,0.188220,0.189382,252872,0.000000,0.000000,0.971556
2010-02-02 00:00:00+08:00,0.190544,0.191706,0.190544,0.190544,124164,0.000000,0.000000,0.972718
2010-02-03 00:00:00+08:00,0.190544,0.191706,0.190544,0.190544,128707,0.000000,0.000000,0.972718
2010-02-04 00:00:00+08:00,0.191706,0.191706,0.189382,0.189382,227130,0.000000,0.000000,0.971556
2010-02-05 00:00:00+08:00,0.188220,0.188220,0.185896,0.188220,301326,0.000000,0.000000,0.970394
2010-02-08 00:00:00+08:00,0.189382,0.189382,0.187058,0.187058,286184,0.000000,0.000000,0.969232
2010-02-09 00:00:00+08:00,0.185897,0.185897,0.184734,0.185897,319497,0.000000,0.000000,0.968071
2010-02-10 00:00:00+08:00,0.187058,0.188220,0.185896,0.188220,255900,0.000000,0.000000,0.970394
2010-02-11 00:00:00+08:00,0.188220,0.189382,0.188220,0.189382,165048,0.000000,0.000000,0.971556
2010-02-12 00:00:00+08:00,0.190544,0.190544,0.188220,0.188220,155963,0.000000,0.000000,0.970394
2010-02-17 00:00:00+08:00,0.190544,0.192868,0.190544,0.192868,146877,0.000000,0.000000,0.975042
2010-02-18 00:00:00+08:00,0.192867,0.194029,0.191706,0.191706,274071,0.000000,0.000000,0.973880
2010-02-19 00:00:00+08:00,0.192867,0.194029,0.191706,0.194029,83281,0.000000,0.000000,0.976203
2010-02-22 00:00:00+08:00,0.191706,0.192867,0.191706,0.191706,93880,0.000000,0.000000,0.973880
2010-02-23 00:00:00+08:00,0.190544,0.194029,0.190544,0.194029,263471,0.000000,0.000000,0.976203
2010-02-24 00:00:00+08:00,0.192867,0.194029,0.190544,0.191706,582968,0.000000,0.000000,0.973880
2010-02-25 00:00:00+08:00,0.190544,0.192867,0.190544,0.191706,143849,0.000000,0.000000,0.973880
2010-02-26 00:00:00+08:00,0.190544,0.191706,0.189382,0.191706,346752,0.000000,0.000000,0.973880
2010-03-01 00:00:00+08:00,0.192867,0.192867,0.191706,0.191706,211988,0.000000,0.000000,0.973880
2010-03-02 00:00:00+08:00,0.191706,0.192867,0.191706,0.191706,133250,0.000000,0.000000,0.973880
2010-03-03 00:00:00+08:00,0.191706,0.192867,0.191706,0.191706,213502,0.000000,0.000000,0.973880
2010-03-04 00:00:00+08:00,0.191706,0.192867,0.191706,0.191706,296784,0.000000,0.000000,0.973880
2010-03-05 00:00:00+08:00,0.190544,0.196353,0.190544,0.191706,349781,0.000000,0.000000,0.973880
2010-03-08 00:00:00+08:00,0.192868,0.194029,0.192868,0.192868,196846,0.000000,0.000000,0.975042
2010-03-09 00:00:00+08:00,0.194029,0.194029,0.192868,0.192868,289213,0.000000,0.000000,0.975042
2010-03-10 00:00:00+08:00,0.195191,0.197515,0.195191,0.195191,263471,0.000000,0.000000,0.977365
2010-03-11 00:00:00+08:00,0.194029,0.195191,0.192867,0.194029,189275,0.000000,0.000000,0.976203
2010-03-12 00:00:00+08:00,0.194029,0.195191,0.194029,0.194029,231673,0.000000,0.000000,0.976203
2010-03-15 00:00:00+08:00,0.194029,0.195191,0.194029,0.194029,96909,0.000000,0.000000,0.976203
2010-03-16 00:00:00+08:00,0.194029,0.195191,0.192868,0.192868,93880,0.000000,0.000000,0.975042
2010-03-17 00:00:00+08:00,0.195191,0.195191,0.194029,0.194029,296784,0.000000,0.000000,0.976203
2010-03-18 00:00:00+08:00,0.195191,0.196353,0.195191,0.195191,286184,0.000000,0.000000,0.977365
2010-03-19 00:00:00+08:00,0.195191,0.197515,0.194029,0.195191,261957,0.000000,0.000000,0.977365
2010-03-22 00:00:00+08:00,0.195191,0.195191,0.194029,0.194029,81767,0.000000,0.000000,0.976203
2010-03-23 00:00:00+08:00,0.194029,0.196353,0.194029,0.194029,213502,0.000000,0.000000,0.976203
2010-03-24 00:00:00+08:00,0.195191,0.195191,0.195191,0.195191,281642,0.000000,0.000000,0.977365
2010-03-25 00:00:00+08:00,0.194029,0.195191,0.194029,0.194029,184733,0.000000,0.000000,0.976203
2010-03-26 00:00:00+08:00,0.194029,0.195191,0.194029,0.194029,196846,0.000000,0.000000,0.976203
2010-03-29 00:00:00+08:00,0.195191,0.195191,0.194029,0.194029,395207,0.000000,0.000000,0.976203
2010-03-30 00:00:00+08:00,0.195191,0.196353,0.194029,0.195191,460318,0.000000,0.000000,0.977365
2010-03-31 00:00:00+08:00,0.195191,0.196353,0.195191,0.195191,302841,0.000000,0.000000,0.977365
2010-04-01 00:00:00+08:00,0.195191,0.196353,0.195191,0.196353,337667,0.000000,0.000000,0.978527
2010-04-05 00:00:00+08:00,0.196353,0.198677,0.196353,0.197515,316468,0.000000,0.000000,0.979689
2010-04-06 00:00:00+08:00,0.198677,0.202162,0.198677,0.198677,361894,0.000000,0.000000,0.980851
2010-04-07 00:00:00+08:00,0.198677,0.199838,0.198677,0.199838,237730,0.000000,0.000000,0.982012
2010-04-08 00:00:00+08:00,0.201000,0.201000,0.199838,0.199838,134764,0.000000,0.000000,0.982012
2010-04-09 00:00:00+08:00,0.201000,0.202162,0.199838,0.199838,352809,0.000000,0.000000,0.982012
2010-04-12 00:00:00+08:00,0.201000,0.203324,0.201000,0.202162,355838,0.000000,0.000000,0.984336
2010-04-13 00:00:00+08:00,0.202162,0.203324,0.202162,0.202162,390664,0.000000,0.000000,0.984336
2010-04-14 00:00:00+08:00,0.203324,0.203324,0.202162,0.202162,307383,0.000000,0.000000,0.984336
2010-04-15 00:00:00+08:00,0.202162,0.204486,0.202162,0.202162,277099,0.000000,0.000000,0.984336
2010-04-16 00:00:00+08:00,0.202162,0.202162,0.201000,0.201000,207446,0.000000,0.000000,0.983174
2010-04-19 00:00:00+08:00,0.202162,0.202162,0.199838,0.201000,242272,0.000000,0.000000,0.983174
2010-04-20 00:00:00+08:00,0.201000,0.201000,0.199838,0.199838,158991,0.000000,0.000000,0.982012
2010-04-21 00:00:00+08:00,0.201000,0.202162,0.199838,0.201000,227130,0.000000,0.000000,0.983174
2010-04-22 00:00:00+08:00,0.201000,0.202162,0.201000,0.201000,157477,0.000000,0.000000,0.983174
2010-04-23 00:00:00+08:00,0.202162,0.203324,0.202162,0.202162,348267,0.000000,0.000000,0.984336
2010-04-26 00:00:00+08:00,0.202162,0.205648,0.202162,0.204486,1020574,0.000000,0.000000,0.986660
2010-04-27 00:00:00+08:00,0.207972,0.209133,0.204486,0.207972,317983,0.000000,0.000000,0.990146
2010-04-28 00:00:00+08:00,0.207972,0.207972,0.204486,0.204486,405806,0.000000,0.000000,0.986660
2010-04-29 00:00:00+08:00,0.204248,0.205436,0.201873,0.203061,596596,0.012548,0.000000,0.972687
2010-04-30 00:00:00+08:00,0.203061,0.203061,0.200686,0.201873,782843,0.000000,0.000000,0.971499
2010-05-03 00:00:00+08:00,0.204248,0.204248,0.201873,0.201873,440633,0.000000,0.000000,0.971499
2010-05-04 00:00:00+08:00,0.201873,0.201873,0.199498,0.199498,392179,0.000000,0.000000,0.969124
2010-05-05 00:00:00+08:00,0.199499,0.199499,0.197124,0.197124,352809,0.000000,0.000000,0.966750
2010-05-06 00:00:00+08:00,0.198311,0.199498,0.197124,0.199498,252872,0.000000,0.000000,0.969124
2010-05-07 00:00:00+08:00,0.197124,0.197124,0.195936,0.195936,696534,0.000000,0.000000,0.965562
2010-05-10 00:00:00+08:00,0.197124,0.212561,0.197124,0.204248,903980,0.000000,0.000000,0.973874
2010-05-11 00:00:00+08:00,0.205436,0.207811,0.198311,0.198311,369466,0.000000,0.000000,0.967937
2010-05-12 00:00:00+08:00,0.198311,0.203061,0.198311,0.201873,475460,0.000000,0.000000,0.971499
2010-05-13 00:00:00+08:00,0.204248,0.204248,0.201873,0.201873,272556,0.000000,0.000000,0.971499
2010-05-14 00:00:00+08:00,0.201873,0.204248,0.200686,0.200686,413377,0.000000,0.000000,0.970312
2010-05-17 00:00:00+08:00,0.200686,0.200686,0.198311,0.198311,237730,0.000000,0.000000,0.967937
2010-05-18 00:00:00+08:00,0.198311,0.200686,0.198311,0.199498,177161,0.000000,0.000000,0.969124
2010-05-19 00:00:00+08:00,0.199499,0.199499,0.197124,0.197124,623852,0.000000,0.000000,0.966750
2010-05-20 00:00:00+08:00,0.197124,0.198311,0.197124,0.197124,473946,0.000000,0.000000,0.966750
2010-05-21 00:00:00+08:00,0.194749,0.197124,0.192374,0.195936,649593,0.000000,0.000000,0.965562
2010-05-24 00:00:00+08:00,0.197124,0.197124,0.195936,0.195936,264985,0.000000,0.000000,0.965562
2010-05-25 00:00:00+08:00,0.194749,0.194749,0.189999,0.189999,1073571,0.000000,0.000000,0.959625
2010-05-26 00:00:00+08:00,0.189999,0.193561,0.189999,0.193561,576912,0.000000,0.000000,0.963187
2010-05-27 00:00:00+08:00,0.193561,0.194749,0.191186,0.192374,189275,0.000000,0.000000,0.962000
2010-05-31 00:00:00+08:00,0.195936,0.197124,0.194749,0.197124,380065,0.000000,0.000000,0.966750
2010-06-01 00:00:00+08:00,0.194749,0.195936,0.194749,0.194749,171105,0.000000,0.000000,0.964375
2010-06-02 00:00:00+08:00,0.194749,0.199498,0.194749,0.199498,207446,0.000000,0.000000,0.969124
2010-06-03 00:00:00+08:00,0.201873,0.201873,0.199498,0.199498,192304,0.000000,0.000000,0.969124
2010-06-04 00:00:00+08:00,0.195936,0.198311,0.195936,0.197124,121136,0.000000,0.000000,0.966750
2010-06-07 00:00:00+08:00,0.194749,0.197124,0.193561,0.193561,201389,0.000000,0.000000,0.963187
2010-06-08 00:00:00+08:00,0.194749,0.197124,0.194749,0.194749,213502,0.000000,0.000000,0.964375
2010-06-09 00:00:00+08:00,0.194749,0.195936,0.194749,0.194749,136278,0.000000,0.000000,0.964375
2010-06-10 00:00:00+08:00,0.194749,0.197124,0.194749,0.195936,131735,0.000000,0.000000,0.965562
2010-06-11 00:00:00+08:00,0.195936,0.198311,0.195936,0.197124,131735,0.000000,0.000000,0.966750
2010-06-14 00:00:00+08:00,0.198311,0.199498,0.198311,0.199498,287698,0.000000,0.000000,0.969124
2010-06-15 00:00:00+08:00,0.198311,0.200686,0.198311,0.198311,181704,0.000000,0.000000,0.967937
2010-06-16 00:00:00+08:00,0.199499,0.201873,0.199499,0.200686,264985,0.000000,0.000000,0.970312
2010-06-17 00:00:00+08:00,0.199499,0.200686,0.197124,0.200686,533000,0.000000,0.000000,0.970312
2010-06-18 00:00:00+08:00,0.198311,0.200686,0.198311,0.199498,205931,0.000000,0.000000,0.969124
2010-06-21 00:00:00+08:00,0.199498,0.200686,0.199498,0.199498,155963,0.000000,0.000000,0.969124
2010-06-22 00:00:00+08:00,0.201873,0.203061,0.201873,0.201873,281642,0.000000,0.000000,0.971499
2010-06-23 00:00:00+08:00,0.199499,0.203061,0.199499,0.203061,302841,0.000000,0.000000,0.972687
2010-06-24 00:00:00+08:00,0.201873,0.201873,0.199498,0.199498,149906,0.000000,0.000000,0.969124
2010-06-25 00:00:00+08:00,0.201873,0.201873,0.201873,0.201873,36340,0.000000,0.000000,0.971499
2010-06-28 00:00:00+08:00,0.200686,0.203061,0.200686,0.203061,124164,0.000000,0.000000,0.972687
2010-06-29 00:00:00+08:00,0.204248,0.204248,0.200686,0.200686,211988,0.000000,0.000000,0.970312
2010-06-30 00:00:00+08:00,0.200686,0.204248,0.200686,0.203061,93880,0.000000,0.000000,0.972687
2010-07-01 00:00:00+08:00,0.203061,0.204248,0.201874,0.204248,72681,0.000000,0.000000,0.973874
2010-07-02 00:00:00+08:00,0.201873,0.201873,0.200686,0.201873,254386,0.000000,0.000000,0.971499
2010-07-05 00:00:00+08:00,0.203061,0.203061,0.203061,0.203061,101451,0.000000,0.000000,0.972687
2010-07-06 00:00:00+08:00,0.204248,0.204248,0.203061,0.203061,101451,0.000000,0.000000,0.972687
2010-07-07 00:00:00+08:00,0.203061,0.203061,0.200686,0.200686,113565,0.000000,0.000000,0.970312
2010-07-08 00:00:00+08:00,0.200686,0.200686,0.200686,0.200686,6064391,0.000000,0.000000,0.970312
2010-07-09 00:00:00+08:00,0.204248,0.206623,0.204248,0.205436,398235,0.000000,0.000000,0.975062
2010-07-12 00:00:00+08:00,0.205436,0.207811,0.205436,0.205436,211988,0.000000,0.000000,0.975062
2010-07-13 00:00:00+08:00,0.208999,0.208999,0.205436,0.206623,115079,0.000000,0.000000,0.976249
2010-07-14 00:00:00+08:00,0.207811,0.208999,0.206623,0.208999,360380,0.000000,0.000000,0.978625
2010-07-15 00:00:00+08:00,0.208999,0.210186,0.208999,0.208999,502716,0.000000,0.000000,0.978625
2010-07-16 00:00:00+08:00,0.210186,0.212561,0.210186,0.210186,216531,0.000000,0.000000,0.979812
2010-07-19 00:00:00+08:00,0.208999,0.210186,0.208999,0.210186,166562,0.000000,0.000000,0.979812
2010-07-20 00:00:00+08:00,0.210186,0.211374,0.210186,0.210186,528457,0.000000,0.000000,0.979812
2010-07-21 00:00:00+08:00,0.213749,0.213749,0.210186,0.210186,224102,0.000000,0.000000,0.979812
2010-07-22 00:00:00+08:00,0.208999,0.211374,0.208999,0.211374,30284,0.000000,0.000000,0.981000
2010-07-23 00:00:00+08:00,0.211374,0.211374,0.211374,0.211374,178676,0.000000,0.000000,0.981000
2010-07-26 00:00:00+08:00,0.212561,0.213749,0.212561,0.212561,411863,0.000000,0.000000,0.982187
2010-07-27 00:00:00+08:00,0.212561,0.213749,0.211374,0.212561,423977,0.000000,0.000000,0.982187
2010-07-28 00:00:00+08:00,0.213748,0.214936,0.212561,0.214936,896409,0.000000,0.000000,0.984562
2010-07-29 00:00:00+08:00,0.216123,0.216123,0.214936,0.214936,389150,0.000000,0.000000,0.984562
2010-07-30 00:00:00+08:00,0.214742,0.214742,0.213529,0.214742,466375,0.012680,0.000000,0.971688
2010-08-02 00:00:00+08:00,0.213529,0.214742,0.211102,0.214742,218045,0.000000,0.000000,0.971688
2010-08-03 00:00:00+08:00,0.214742,0.215955,0.213529,0.214742,466375,0.000000,0.000000,0.971688
2010-08-04 00:00:00+08:00,0.214742,0.214742,0.213529,0.213529,37855,0.000000,0.000000,0.970475
2010-08-05 00:00:00+08:00,0.213529,0.214742,0.213529,0.214742,36340,0.000000,0.000000,0.971688
2010-08-06 00:00:00+08:00,0.214742,0.215955,0.213529,0.214742,134764,0.000000,0.000000,0.971688
2010-08-10 00:00:00+08:00,0.213529,0.218382,0.213529,0.213529,794957,0.000000,0.000000,0.970475
2010-08-11 00:00:00+08:00,0.213529,0.213529,0.213529,0.213529,219559,0.000000,0.000000,0.970475
2010-08-12 00:00:00+08:00,0.213529,0.213529,0.211102,0.211102,208960,0.000000,0.000000,0.968048
2010-08-13 00:00:00+08:00,0.211102,0.212315,0.211102,0.211102,180190,0.000000,0.000000,0.968048
2010-08-16 00:00:00+08:00,0.211102,0.212315,0.211102,0.211102,838869,0.000000,0.000000,0.968048
2010-08-17 00:00:00+08:00,0.211102,0.213529,0.211102,0.211102,428520,0.000000,0.000000,0.968048
2010-08-18 00:00:00+08:00,0.211102,0.211102,0.211102,0.211102,215017,0.000000,0.000000,0.968048
2010-08-19 00:00:00+08:00,0.211102,0.211102,0.209889,0.211102,243787,0.000000,0.000000,0.968048
2010-08-20 00:00:00+08:00,0.211102,0.213529,0.209889,0.211102,314954,0.000000,0.000000,0.968048
2010-08-23 00:00:00+08:00,0.212315,0.213529,0.212315,0.213529,46940,0.000000,0.000000,0.970475
2010-08-24 00:00:00+08:00,0.211102,0.213529,0.211102,0.212315,190789,0.000000,0.000000,0.969261
2010-08-25 00:00:00+08:00,0.213529,0.213529,0.213529,0.213529,12113,0.000000,0.000000,0.970475
2010-08-26 00:00:00+08:00,0.213529,0.215955,0.213529,0.215955,311926,0.000000,0.000000,0.972901
2010-08-27 00:00:00+08:00,0.213529,0.214742,0.213529,0.214742,45426,0.000000,0.000000,0.971688
2010-08-30 00:00:00+08:00,0.214742,0.215955,0.214742,0.214742,349781,0.000000,0.000000,0.971688
2010-08-31 00:00:00+08:00,0.215955,0.215955,0.209889,0.209889,1135653,0.000000,0.000000,0.966835
2010-09-01 00:00:00+08:00,0.212315,0.212315,0.207462,0.211102,2866390,0.000000,0.000000,0.968048
2010-09-02 00:00:00+08:00,0.211102,0.211102,0.207462,0.211102,2337932,0.000000,0.000000,0.968048
2010-09-03 00:00:00+08:00,0.209889,0.209889,0.206249,0.207462,5794862,0.000000,0.000000,0.964408
2010-09-06 00:00:00+08:00,0.209889,0.209889,0.206249,0.209889,2736168,0.000000,0.000000,0.966835
2010-09-07 00:00:00+08:00,0.209889,0.211102,0.208676,0.208676,508772,0.000000,0.000000,0.965622
2010-09-08 00:00:00+08:00,0.209889,0.211102,0.208676,0.211102,278613,0.000000,0.000000,0.968048
2010-09-09 00:00:00+08:00,0.211102,0.211102,0.211102,0.211102,290727,0.000000,0.000000,0.968048
2010-09-13 00:00:00+08:00,0.212315,0.213529,0.212315,0.213529,333125,0.000000,0.000000,0.970475
2010-09-14 00:00:00+08:00,0.213529,0.214742,0.212315,0.212315,728332,0.000000,0.000000,0.969261
2010-09-15 00:00:00+08:00,0.213529,0.213529,0.213529,0.213529,16656,0.000000,0.000000,0.970475
2010-09-16 00:00:00+08:00,0.214742,0.214742,0.214742,0.214742,130221,0.000000,0.000000,0.971688
2010-09-17 00:00:00+08:00,0.214742,0.214742,0.213529,0.214742,112051,0.000000,0.000000,0.971688
2010-09-20 00:00:00+08:00,0.214742,0.215955,0.214742,0.214742,381579,0.000000,0.000000,0.971688
2010-09-21 00:00:00+08:00,0.215955,0.219595,0.215955,0.218382,1371869,0.000000,0.000000,0.975328
2010-09-22 00:00:00+08:00,0.218382,0.218382,0.215955,0.215955,142335,0.000000,0.000000,0.972901
2010-09-23 00:00:00+08:00,0.215955,0.218382,0.215955,0.217168,142335,0.000000,0.000000,0.974114
2010-09-24 00:00:00+08:00,0.218382,0.220808,0.217168,0.218382,808585,0.000000,0.000000,0.975328
2010-09-27 00:00:00+08:00,0.218382,0.220808,0.218382,0.220808,233187,0.000000,0.000000,0.977754
2010-09-28 00:00:00+08:00,0.219595,0.220808,0.219595,0.219595,149906,0.000000,0.000000,0.976541
2010-09-29 00:00:00+08:00,0.219595,0.223234,0.219595,0.220808,542085,0.000000,0.000000,0.977754
2010-09-30 00:00:00+08:00,0.220808,0.223234,0.219595,0.222021,184733,0.000000,0.000000,0.978967
2010-10-01 00:00:00+08:00,0.220808,0.222021,0.220808,0.222021,131735,0.000000,0.000000,0.978967
2010-10-04 00:00:00+08:00,0.223234,0.225661,0.223234,0.223234,422463,0.000000,0.000000,0.980180
2010-10-05 00:00:00+08:00,0.223234,0.223234,0.222021,0.222021,115079,0.000000,0.000000,0.978967
2010-10-06 00:00:00+08:00,0.222021,0.224448,0.222021,0.224448,210474,0.000000,0.000000,0.981394
2010-10-07 00:00:00+08:00,0.223234,0.225661,0.223234,0.223234,298298,0.000000,0.000000,0.980180
2010-10-08 00:00:00+08:00,0.224448,0.224448,0.223234,0.223234,143849,0.000000,0.000000,0.980180
2010-10-11 00:00:00+08:00,0.223234,0.223234,0.223234,0.223234,136278,0.000000,0.000000,0.980180
2010-10-12 00:00:00+08:00,0.224448,0.224448,0.224448,0.224448,118107,0.000000,0.000000,0.981394
2010-10-13 00:00:00+08:00,0.225661,0.228087,0.224448,0.228087,416406,0.000000,0.000000,0.985033
2010-10-14 00:00:00+08:00,0.228087,0.231727,0.224448,0.224448,278613,0.000000,0.000000,0.981394
2010-10-15 00:00:00+08:00,0.230514,0.230514,0.229300,0.229300,314954,0.000000,0.000000,0.986246
2010-10-18 00:00:00+08:00,0.229301,0.230514,0.229301,0.230514,230159,0.000000,0.000000,0.987460
2010-10-19 00:00:00+08:00,0.230514,0.230514,0.229300,0.229300,417920,0.000000,0.000000,0.986246
2010-10-20 00:00:00+08:00,0.229301,0.230514,0.228087,0.230514,545113,0.000000,0.000000,0.987460
2010-10-21 00:00:00+08:00,0.230514,0.230514,0.228087,0.228087,358866,0.000000,0.000000,0.985033
2010-10-22 00:00:00+08:00,0.228087,0.230514,0.225661,0.230514,522400,0.000000,0.000000,0.987460
2010-10-25 00:00:00+08:00,0.230514,0.230514,0.228087,0.230514,387636,0.000000,0.000000,0.987460
2010-10-26 00:00:00+08:00,0.229301,0.235367,0.229301,0.230514,884295,0.000000,0.000000,0.987460
2010-10-27 00:00:00+08:00,0.231727,0.232941,0.230514,0.230514,982719,0.000000,0.000000,0.987460
2010-10-28 00:00:00+08:00,0.234081,0.237797,0.230365,0.231604,870667,0.012812,0.000000,0.975738
2010-10-29 00:00:00+08:00,0.234081,0.237797,0.230365,0.234081,130221,0.000000,0.000000,0.978215
2010-11-01 00:00:00+08:00,0.235319,0.236558,0.234081,0.235319,292241,0.000000,0.000000,0.979453
2010-11-02 00:00:00+08:00,0.234081,0.235319,0.232842,0.232842,858554,0.000000,0.000000,0.976976
2010-11-03 00:00:00+08:00,0.235319,0.235319,0.234081,0.235319,27255,0.000000,0.000000,0.979453
2010-11-04 00:00:00+08:00,0.235319,0.236558,0.235319,0.235319,151420,0.000000,0.000000,0.979453
2010-11-08 00:00:00+08:00,0.237797,0.243989,0.237797,0.242751,873696,0.000000,0.000000,0.986885
2010-11-09 00:00:00+08:00,0.242751,0.245228,0.240274,0.242751,2610489,0.000000,0.000000,0.986885
2010-11-10 00:00:00+08:00,0.241512,0.241512,0.235319,0.239035,3382733,0.000000,0.000000,0.983169
2010-11-11 00:00:00+08:00,0.239035,0.240273,0.236558,0.237796,2883046,0.000000,0.000000,0.981930
2010-11-12 00:00:00+08:00,0.237796,0.237796,0.236558,0.237796,1827645,0.000000,0.000000,0.981930
2010-11-15 00:00:00+08:00,0.236558,0.237797,0.235319,0.236558,3325194,0.000000,0.000000,0.980692
2010-11-16 00:00:00+08:00,0.236558,0.237796,0.236558,0.237796,1284045,0.000000,0.000000,0.981930
2010-11-18 00:00:00+08:00,0.236558,0.237796,0.236558,0.237796,1267389,0.000000,0.000000,0.981930
2010-11-19 00:00:00+08:00,0.239035,0.240274,0.237797,0.239035,581454,0.000000,0.000000,0.983169
2010-11-22 00:00:00+08:00,0.240274,0.240274,0.239035,0.239035,691991,0.000000,0.000000,0.983169
2010-11-23 00:00:00+08:00,0.240274,0.241512,0.239035,0.239035,1168966,0.000000,0.000000,0.983169
2010-11-24 00:00:00+08:00,0.239035,0.239035,0.237797,0.239035,637480,0.000000,0.000000,0.983169
2010-11-25 00:00:00+08:00,0.240274,0.240274,0.239035,0.240274,1182594,0.000000,0.000000,0.984408
2010-11-26 00:00:00+08:00,0.240274,0.240274,0.240274,0.240274,994832,0.000000,0.000000,0.984408
2010-11-29 00:00:00+08:00,0.240274,0.241512,0.240274,0.241512,960005,0.000000,0.000000,0.985646
2010-11-30 00:00:00+08:00,0.242751,0.243989,0.241512,0.243989,2294020,0.000000,0.000000,0.988123
2010-12-01 00:00:00+08:00,0.242094,0.252324,0.238684,0.250618,1702800,0.000000,0.000000,0.994752
2010-12-02 00:00:00+08:00,0.252324,0.255733,0.250618,0.254028,776600,0.000000,0.000000,0.998162
2010-12-03 00:00:00+08:00,0.254028,0.255733,0.250618,0.250618,625900,0.000000,0.000000,0.994752
2010-12-06 00:00:00+08:00,0.252324,0.252324,0.250619,0.252324,301400,0.000000,0.000000,0.996458
2010-12-07 00:00:00+08:00,0.250618,0.250618,0.250618,0.250618,469700,0.000000,0.000000,0.994752
2010-12-08 00:00:00+08:00,0.247209,0.248914,0.240390,0.240390,3550800,0.000000,0.000000,0.984524
2010-12-09 00:00:00+08:00,0.240389,0.240389,0.233570,0.233570,4094200,0.000000,0.000000,0.977704
2010-12-10 00:00:00+08:00,0.233570,0.233570,0.230160,0.230160,3179000,0.000000,0.000000,0.974294
2010-12-13 00:00:00+08:00,0.231865,0.231865,0.225046,0.226750,8848400,0.000000,0.000000,0.970884
2010-12-14 00:00:00+08:00,0.228455,0.230160,0.228455,0.230160,13431000,0.000000,0.000000,0.974294
2010-12-15 00:00:00+08:00,0.231865,0.236980,0.231865,0.235275,2171400,0.000000,0.000000,0.979409
2010-12-16 00:00:00+08:00,0.236980,0.236980,0.233570,0.235275,767800,0.000000,0.000000,0.979409
2010-12-17 00:00:00+08:00,0.235275,0.236980,0.233570,0.235275,679800,0.000000,0.000000,0.979409
2010-12-20 00:00:00+08:00,0.236980,0.242094,0.235275,0.240390,905300,0.000000,0.000000,0.984524
2010-12-21 00:00:00+08:00,0.242094,0.242094,0.238684,0.242094,509300,0.000000,0.000000,0.986228
2010-12-22 00:00:00+08:00,0.240389,0.240389,0.235275,0.238684,966900,0.000000,0.000000,0.982818
2010-12-23 00:00:00+08:00,0.245504,0.245504,0.240390,0.240390,583000,0.000000,0.000000,0.984524
2010-12-24 00:00:00+08:00,0.242094,0.242094,0.240389,0.242094,0,0.000000,0.000000,0.986228
2010-12-27 00:00:00+08:00,0.240389,0.242094,0.240389,0.242094,85800,0.000000,0.000000,0.986228
2010-12-28 00:00:00+08:00,0.240390,0.242094,0.240390,0.240390,600600,0.000000,0.000000,0.984524
2010-12-29 00:00:00+08:00,0.240390,0.242094,0.240390,0.240390,590700,0.000000,0.000000,0.984524
2010-12-30 00:00:00+08:00,0.240390,0.240390,0.238684,0.240390,614900,0.000000,0.000000,0.984524
2010-12-31 00:00:00+08:00,0.238684,0.242094,0.238684,0.240390,0,0.000000,0.000000,0.984524
2011-01-03 00:00:00+08:00,0.242094,0.245504,0.242094,0.245504,1832600,0.000000,0.000000,0.989638
2011-01-04 00:00:00+08:00,0.245504,0.248914,0.245504,0.247209,1912900,0.000000,0.000000,0.991343
2011-01-05 00:00:00+08:00,0.247209,0.248914,0.245504,0.247209,1709400,0.000000,0.000000,0.991343
2011-01-06 00:00:00+08:00,0.247209,0.252324,0.247209,0.252324,2564100,0.000000,0.000000,0.996458
2011-01-07 00:00:00+08:00,0.252323,0.257438,0.252323,0.255733,2693900,0.000000,0.000000,0.999867
2011-01-10 00:00:00+08:00,0.257438,0.262553,0.254028,0.257438,3693800,0.000000,0.000000,1.001572
2011-01-11 00:00:00+08:00,0.257438,0.260848,0.257438,0.259143,1186900,0.000000,0.000000,1.003277
2011-01-12 00:00:00+08:00,0.259143,0.262553,0.259143,0.260848,1600500,0.000000,0.000000,1.004982
2011-01-13 00:00:00+08:00,0.262553,0.262553,0.259143,0.260848,1552100,0.000000,0.000000,1.004982
2011-01-14 00:00:00+08:00,0.260848,0.260848,0.259143,0.259143,2098800,0.000000,0.000000,1.003277
2011-01-17 00:00:00+08:00,0.259143,0.262553,0.257438,0.260848,1241900,0.000000,0.000000,1.004982
2011-01-18 00:00:00+08:00,0.260848,0.260848,0.259143,0.260848,1421200,0.000000,0.000000,1.004982
2011-01-19 00:00:00+08:00,0.260848,0.260848,0.260848,0.260848,544500,0.000000,0.000000,1.004982
2011-01-20 00:00:00+08:00,0.260848,0.262553,0.259143,0.260848,496100,0.000000,0.000000,1.004982
2011-01-21 00:00:00+08:00,0.259143,0.260848,0.259143,0.259143,1328800,0.000000,0.000000,1.003277
2011-01-24 00:00:00+08:00,0.260848,0.260848,0.259143,0.260848,1248500,0.000000,0.000000,1.004982
2011-01-25 00:00:00+08:00,0.260848,0.260848,0.259143,0.259143,2774200,0.000000,0.000000,1.003277
2011-01-26 00:00:00+08:00,0.259143,0.260848,0.259143,0.260848,1620300,0.000000,0.000000,1.004982
2011-01-27 00:00:00+08:00,0.262124,0.262124,0.260400,0.260400,1107700,0.007909,0.000000,0.996625
2011-01-28 00:00:00+08:00,0.260400,0.263849,0.258675,0.262124,1795200,0.000000,0.000000,0.998349
2011-01-31 00:00:00+08:00,0.262124,0.262124,0.260400,0.260400,812900,0.000000,0.000000,0.996625
2011-02-01 00:00:00+08:00,0.260400,0.262124,0.260400,0.262124,194700,0.000000,0.000000,0.998349
2011-02-02 00:00:00+08:00,0.262124,0.262124,0.260400,0.262124,178200,0.000000,0.000000,0.998349
2011-02-07 00:00:00+08:00,0.262124,0.262124,0.262124,0.262124,959200,0.000000,0.000000,0.998349
2011-02-08 00:00:00+08:00,0.262124,0.262124,0.260400,0.260400,790900,0.000000,0.000000,0.996625
2011-02-09 00:00:00+08:00,0.260400,0.262124,0.260400,0.260400,286000,0.000000,0.000000,0.996625
2011-02-10 00:00:00+08:00,0.260400,0.260400,0.258675,0.260400,1995400,0.000000,0.000000,0.996625
2011-02-11 00:00:00+08:00,0.258675,0.258675,0.253501,0.255226,2990900,0.000000,0.000000,0.991451
2011-02-14 00:00:00+08:00,0.255226,0.256951,0.253501,0.255226,2281400,0.000000,0.000000,0.991451
2011-02-15 00:00:00+08:00,0.255226,0.256951,0.255226,0.255226,634700,0.000000,0.000000,0.991451
2011-02-16 00:00:00+08:00,0.255226,0.256950,0.253501,0.256950,590700,0.000000,0.000000,0.993175
2011-02-17 00:00:00+08:00,0.256951,0.256951,0.255226,0.255226,59400,0.000000,0.000000,0.991451
2011-02-18 00:00:00+08:00,0.256951,0.256951,0.255226,0.255226,752400,0.000000,0.000000,0.991451
2011-02-21 00:00:00+08:00,0.255226,0.256950,0.253501,0.256950,731500,0.000000,0.000000,0.993175
2011-02-22 00:00:00+08:00,0.255226,0.255226,0.250052,0.250052,1884300,0.000000,0.000000,0.986277
2011-02-23 00:00:00+08:00,0.250052,0.250052,0.248328,0.250052,950400,0.000000,0.000000,0.986277
2011-02-24 00:00:00+08:00,0.250052,0.251777,0.248328,0.250052,1285900,0.000000,0.000000,0.986277
2011-02-25 00:00:00+08:00,0.250052,0.251777,0.248328,0.251777,847000,0.000000,0.000000,0.988002
2011-02-28 00:00:00+08:00,0.251777,0.253501,0.250052,0.251777,541200,0.000000,0.000000,0.988002
2011-03-01 00:00:00+08:00,0.251777,0.253501,0.251777,0.253501,379500,0.000000,0.000000,0.989726
2011-03-02 00:00:00+08:00,0.253501,0.253501,0.253501,0.253501,333300,0.000000,0.000000,0.989726
2011-03-03 00:00:00+08:00,0.251777,0.255226,0.251777,0.255226,101200,0.000000,0.000000,0.991451
2011-03-04 00:00:00+08:00,0.253501,0.256950,0.253501,0.256950,260700,0.000000,0.000000,0.993175
2011-03-07 00:00:00+08:00,0.256951,0.256951,0.255226,0.255226,143000,0.000000,0.000000,0.991451
2011-03-08 00:00:00+08:00,0.255226,0.255226,0.255226,0.255226,261800,0.000000,0.000000,0.991451
2011-03-09 00:00:00+08:00,0.255226,0.256951,0.255226,0.255226,242000,0.000000,0.000000,0.991451
2011-03-10 00:00:00+08:00,0.256951,0.256951,0.255226,0.255226,99000,0.000000,0.000000,0.991451
2011-03-11 00:00:00+08:00,0.256951,0.256951,0.255226,0.255226,312400,0.000000,0.000000,0.991451
2011-03-14 00:00:00+08:00,0.255226,0.255226,0.253501,0.255226,299200,0.000000,0.000000,0.991451
2011-03-15 00:00:00+08:00,0.255226,0.255226,0.246604,0.250052,1806200,0.000000,0.000000,0.986277
2011-03-16 00:00:00+08:00,0.250052,0.251777,0.250052,0.250052,311300,0.000000,0.000000,0.986277
2011-03-17 00:00:00+08:00,0.250052,0.250052,0.246604,0.248328,643500,0.000000,0.000000,0.984553
2011-03-18 00:00:00+08:00,0.248328,0.250052,0.248328,0.250052,495000,0.000000,0.000000,0.986277
2011-03-21 00:00:00+08:00,0.250052,0.253501,0.250052,0.253501,479600,0.000000,0.000000,0.989726
2011-03-22 00:00:00+08:00,0.253501,0.255226,0.251777,0.253501,704000,0.000000,0.000000,0.989726
2011-03-23 00:00:00+08:00,0.253501,0.255226,0.251777,0.251777,424600,0.000000,0.000000,0.988002
2011-03-24 00:00:00+08:00,0.251777,0.253501,0.251777,0.253501,567600,0.000000,0.000000,0.989726
2011-03-25 00:00:00+08:00,0.255226,0.255226,0.253501,0.253501,272800,0.000000,0.000000,0.989726
2011-03-28 00:00:00+08:00,0.255226,0.255226,0.253501,0.255226,375100,0.000000,0.000000,0.991451
2011-03-29 00:00:00+08:00,0.255226,0.256951,0.253501,0.255226,601700,0.000000,0.000000,0.991451
2011-03-30 00:00:00+08:00,0.255226,0.256950,0.253501,0.253501,438900,0.000000,0.000000,0.989726
2011-03-31 00:00:00+08:00,0.255226,0.255226,0.255226,0.255226,188100,0.000000,0.000000,0.991451
2011-04-01 00:00:00+08:00,0.256950,0.256950,0.250052,0.253501,2222000,0.000000,0.000000,0.989726
2011-04-04 00:00:00+08:00,0.253501,0.255226,0.251777,0.251777,793100,0.000000,0.000000,0.988002
2011-04-05 00:00:00+08:00,0.255226,0.255226,0.251777,0.251777,806300,0.000000,0.000000,0.988002
2011-04-06 00:00:00+08:00,0.253501,0.253501,0.250052,0.253501,2087800,0.000000,0.000000,0.989726
2011-04-07 00:00:00+08:00,0.253501,0.255226,0.251777,0.253501,1389300,0.000000,0.000000,0.989726
2011-04-08 00:00:00+08:00,0.256950,0.256950,0.251777,0.253501,1289200,0.000000,0.000000,0.989726
2011-04-11 00:00:00+08:00,0.253501,0.255226,0.251777,0.253501,1150600,0.000000,0.000000,0.989726
2011-04-12 00:00:00+08:00,0.253501,0.253501,0.251777,0.251777,636900,0.000000,0.000000,0.988002
2011-04-13 00:00:00+08:00,0.251777,0.253501,0.251777,0.251777,870100,0.000000,0.000000,0.988002
2011-04-14 00:00:00+08:00,0.253501,0.253501,0.251777,0.251777,709500,0.000000,0.000000,0.988002
2011-04-15 00:00:00+08:00,0.253501,0.253501,0.251777,0.251777,576400,0.000000,0.000000,0.988002
2011-04-18 00:00:00+08:00,0.253501,0.255226,0.251777,0.255226,322300,0.000000,0.000000,0.991451
2011-04-19 00:00:00+08:00,0.255226,0.255226,0.253501,0.253501,1038400,0.000000,0.000000,0.989726
2011-04-20 00:00:00+08:00,0.253501,0.255226,0.253501,0.255226,643500,0.000000,0.000000,0.991451
2011-04-21 00:00:00+08:00,0.255226,0.258675,0.255226,0.258675,1558700,0.000000,0.000000,0.994900
2011-04-25 00:00:00+08:00,0.258675,0.262124,0.258675,0.262124,1211100,0.000000,0.000000,0.998349
2011-04-26 00:00:00+08:00,0.260399,0.260399,0.258675,0.258675,839300,0.000000,0.000000,0.994900
2011-04-27 00:00:00+08:00,0.262480,0.262480,0.258957,0.258957,1563100,0.014364,0.000000,0.980818
2011-04-28 00:00:00+08:00,0.260719,0.262480,0.260719,0.260719,640200,0.000000,0.000000,0.982580
2011-04-29 00:00:00+08:00,0.260719,0.262480,0.258957,0.258957,595100,0.000000,0.000000,0.980818
2011-05-03 00:00:00+08:00,0.260719,0.260719,0.258957,0.260719,330000,0.000000,0.000000,0.982580
2011-05-04 00:00:00+08:00,0.258957,0.260719,0.258957,0.258957,1100000,0.000000,0.000000,0.980818
2011-05-05 00:00:00+08:00,0.258957,0.260719,0.258957,0.258957,552200,0.000000,0.000000,0.980818
2011-05-06 00:00:00+08:00,0.258957,0.258957,0.258957,0.258957,162800,0.000000,0.000000,0.980818
2011-05-09 00:00:00+08:00,0.260719,0.260719,0.258957,0.260719,334400,0.000000,0.000000,0.982580
2011-05-10 00:00:00+08:00,0.260719,0.264242,0.260719,0.264242,933900,0.000000,0.000000,0.986103
2011-05-11 00:00:00+08:00,0.266003,0.266003,0.264242,0.264242,265100,0.000000,0.000000,0.986103
2011-05-12 00:00:00+08:00,0.262480,0.264242,0.262480,0.262480,235400,0.000000,0.000000,0.984341
2011-05-13 00:00:00+08:00,0.264242,0.264242,0.262480,0.264242,270600,0.000000,0.000000,0.986103
2011-05-16 00:00:00+08:00,0.264242,0.264242,0.262480,0.264242,286000,0.000000,0.000000,0.986103
2011-05-18 00:00:00+08:00,0.262480,0.266004,0.262480,0.266004,905300,0.000000,0.000000,0.987865
2011-05-19 00:00:00+08:00,0.264242,0.266003,0.262480,0.264242,281600,0.000000,0.000000,0.986103
2011-05-20 00:00:00+08:00,0.266003,0.266003,0.264242,0.264242,249700,0.000000,0.000000,0.986103
2011-05-23 00:00:00+08:00,0.264242,0.266003,0.262480,0.262480,257400,0.000000,0.000000,0.984341
2011-05-24 00:00:00+08:00,0.264242,0.264242,0.262480,0.264242,129800,0.000000,0.000000,0.986103
2011-05-25 00:00:00+08:00,0.264242,0.266003,0.262480,0.264242,607200,0.000000,0.000000,0.986103
2011-05-26 00:00:00+08:00,0.266003,0.266003,0.264242,0.264242,152900,0.000000,0.000000,0.986103
2011-05-27 00:00:00+08:00,0.266003,0.269527,0.266003,0.267765,1141800,0.000000,0.000000,0.989626
2011-05-30 00:00:00+08:00,0.269527,0.271289,0.267765,0.271289,636900,0.000000,0.000000,0.993150
2011-05-31 00:00:00+08:00,0.271289,0.278335,0.269527,0.278335,3457300,0.000000,0.000000,1.000196
2011-06-01 00:00:00+08:00,0.276573,0.281858,0.274811,0.276573,1912900,0.000000,0.000000,0.998434
2011-06-02 00:00:00+08:00,0.274811,0.276573,0.273050,0.276573,332200,0.000000,0.000000,0.998434
2011-06-03 00:00:00+08:00,0.276573,0.278335,0.274811,0.276573,392700,0.000000,0.000000,0.998434
2011-06-06 00:00:00+08:00,0.276573,0.278335,0.274812,0.274812,168300,0.000000,0.000000,0.996673
2011-06-07 00:00:00+08:00,0.273050,0.273050,0.269527,0.271289,801900,0.000000,0.000000,0.993150
2011-06-08 00:00:00+08:00,0.273050,0.276573,0.273050,0.276573,654500,0.000000,0.000000,0.998434
2011-06-09 00:00:00+08:00,0.276573,0.276573,0.274812,0.274812,278300,0.000000,0.000000,0.996673
2011-06-10 00:00:00+08:00,0.274812,0.276573,0.273050,0.274812,217800,0.000000,0.000000,0.996673
2011-06-13 00:00:00+08:00,0.271289,0.273050,0.271289,0.273050,443300,0.000000,0.000000,0.994911
2011-06-14 00:00:00+08:00,0.274811,0.274811,0.273050,0.273050,564300,0.000000,0.000000,0.994911
2011-06-15 00:00:00+08:00,0.273050,0.274811,0.271289,0.271289,170500,0.000000,0.000000,0.993150
2011-06-16 00:00:00+08:00,0.271289,0.271289,0.269527,0.271289,378400,0.000000,0.000000,0.993150
2011-06-17 00:00:00+08:00,0.271289,0.271289,0.269527,0.271289,147400,0.000000,0.000000,0.993150
2011-06-20 00:00:00+08:00,0.271289,0.271289,0.266003,0.267765,225500,0.000000,0.000000,0.989626
2011-06-21 00:00:00+08:00,0.271289,0.274812,0.269527,0.274812,623700,0.000000,0.000000,0.996673
2011-06-22 00:00:00+08:00,0.276573,0.276573,0.274812,0.274812,430100,0.000000,0.000000,0.996673
2011-06-23 00:00:00+08:00,0.274812,0.276573,0.274812,0.274812,335500,0.000000,0.000000,0.996673
2011-06-24 00:00:00+08:00,0.274811,0.278335,0.274811,0.276573,380600,0.000000,0.000000,0.998434
2011-06-27 00:00:00+08:00,0.276573,0.276573,0.274812,0.274812,214500,0.000000,0.000000,0.996673
2011-06-28 00:00:00+08:00,0.278335,0.280097,0.276573,0.278335,558800,0.000000,0.000000,1.000196
2011-06-29 00:00:00+08:00,0.280097,0.280097,0.276573,0.278335,238700,0.000000,0.000000,1.000196
2011-06-30 00:00:00+08:00,0.280097,0.280097,0.276573,0.278335,628100,0.000000,0.000000,1.000196
2011-07-01 00:00:00+08:00,0.278335,0.280097,0.278335,0.278335,608300,0.000000,0.000000,1.000196
2011-07-04 00:00:00+08:00,0.280097,0.280097,0.278335,0.278335,315700,0.000000,0.000000,1.000196
2011-07-05 00:00:00+08:00,0.278335,0.280097,0.278335,0.280097,182600,0.000000,0.000000,1.001958
2011-07-06 00:00:00+08:00,0.280097,0.280097,0.278335,0.280097,185900,0.000000,0.000000,1.001958
2011-07-07 00:00:00+08:00,0.280097,0.283620,0.278335,0.280097,715000,0.000000,0.000000,1.001958
2011-07-08 00:00:00+08:00,0.283620,0.285381,0.281858,0.283620,522500,0.000000,0.000000,1.005481
2011-07-11 00:00:00+08:00,0.287143,0.287143,0.283620,0.283620,678700,0.000000,0.000000,1.005481
2011-07-12 00:00:00+08:00,0.285381,0.285381,0.281858,0.283620,616000,0.000000,0.000000,1.005481
2011-07-13 00:00:00+08:00,0.283620,0.283620,0.281858,0.283620,457600,0.000000,0.000000,1.005481
2011-07-14 00:00:00+08:00,0.283620,0.283620,0.281858,0.281858,114400,0.000000,0.000000,1.003719
2011-07-15 00:00:00+08:00,0.283620,0.283620,0.278335,0.280097,886600,0.000000,0.000000,1.001958
2011-07-18 00:00:00+08:00,0.281858,0.283620,0.281858,0.281858,327800,0.000000,0.000000,1.003719
2011-07-19 00:00:00+08:00,0.283620,0.285381,0.283620,0.285381,969100,0.000000,0.000000,1.007242
2011-07-20 00:00:00+08:00,0.287143,0.288905,0.285381,0.288905,272800,0.000000,0.000000,1.010766
2011-07-21 00:00:00+08:00,0.288904,0.290666,0.287143,0.290666,533500,0.000000,0.000000,1.012527
2011-07-22 00:00:00+08:00,0.290666,0.295951,0.290666,0.294189,1534500,0.000000,0.000000,1.016050
2011-07-25 00:00:00+08:00,0.294189,0.295951,0.292428,0.294189,606100,0.000000,0.000000,1.016050
2011-07-26 00:00:00+08:00,0.294189,0.294189,0.288905,0.292428,1729200,0.000000,0.000000,1.014289
2011-07-27 00:00:00+08:00,0.288904,0.292428,0.288904,0.290666,644600,0.000000,0.000000,1.012527
2011-07-28 00:00:00+08:00,0.290954,0.294546,0.289158,0.294546,805200,0.014364,0.000000,1.002043
2011-07-29 00:00:00+08:00,0.294546,0.296342,0.292750,0.294546,781000,0.000000,0.000000,1.002043
2011-08-01 00:00:00+08:00,0.294546,0.296342,0.294546,0.296342,481800,0.000000,0.000000,1.003839
2011-08-02 00:00:00+08:00,0.294546,0.294546,0.292750,0.292750,507100,0.000000,0.000000,1.000247
2011-08-03 00:00:00+08:00,0.292750,0.292750,0.290954,0.290954,578600,0.000000,0.000000,0.998451
2011-08-04 00:00:00+08:00,0.290954,0.292750,0.290954,0.290954,226600,0.000000,0.000000,0.998451
2011-08-05 00:00:00+08:00,0.287362,0.287362,0.281974,0.283770,3019500,0.000000,0.000000,0.991267
2011-08-08 00:00:00+08:00,0.280177,0.280177,0.265810,0.272994,5370200,0.000000,0.000000,0.980491
2011-08-10 00:00:00+08:00,0.274790,0.278382,0.269402,0.271197,4391200,0.000000,0.000000,0.978694
2011-08-11 00:00:00+08:00,0.267605,0.269402,0.260421,0.269402,2742300,0.000000,0.000000,0.976899
2011-08-12 00:00:00+08:00,0.272994,0.276586,0.272994,0.274790,2605900,0.000000,0.000000,0.982287
2011-08-15 00:00:00+08:00,0.276586,0.280177,0.276586,0.280177,811800,0.000000,0.000000,0.987674
2011-08-16 00:00:00+08:00,0.281974,0.283769,0.276586,0.278382,1024100,0.000000,0.000000,0.985879
2011-08-17 00:00:00+08:00,0.272994,0.280177,0.272994,0.280177,482900,0.000000,0.000000,0.987674
2011-08-18 00:00:00+08:00,0.281974,0.281974,0.278382,0.280177,619300,0.000000,0.000000,0.987674
2011-08-19 00:00:00+08:00,0.274790,0.276586,0.269402,0.271197,1502600,0.000000,0.000000,0.978694
2011-08-22 00:00:00+08:00,0.267605,0.272994,0.265810,0.271197,2665300,0.000000,0.000000,0.978694
2011-08-23 00:00:00+08:00,0.272994,0.272994,0.267605,0.272994,591800,0.000000,0.000000,0.980491
2011-08-24 00:00:00+08:00,0.274790,0.274790,0.272994,0.272994,1387100,0.000000,0.000000,0.980491
2011-08-25 00:00:00+08:00,0.272994,0.274790,0.272994,0.274790,333300,0.000000,0.000000,0.982287
2011-08-26 00:00:00+08:00,0.272994,0.274790,0.271197,0.271197,520300,0.000000,0.000000,0.978694
2011-08-29 00:00:00+08:00,0.272994,0.276586,0.272994,0.276586,437800,0.000000,0.000000,0.984083
2011-08-31 00:00:00+08:00,0.276586,0.281974,0.276586,0.281974,905300,0.000000,0.000000,0.989471
2011-09-01 00:00:00+08:00,0.281974,0.281974,0.278382,0.280177,315700,0.000000,0.000000,0.987674
2011-09-02 00:00:00+08:00,0.280177,0.280177,0.278382,0.280177,341000,0.000000,0.000000,0.987674
2011-09-05 00:00:00+08:00,0.278382,0.278382,0.274790,0.274790,234300,0.000000,0.000000,0.982287
2011-09-06 00:00:00+08:00,0.272994,0.274790,0.272994,0.272994,335500,0.000000,0.000000,0.980491
2011-09-07 00:00:00+08:00,0.272994,0.274790,0.272994,0.274790,587400,0.000000,0.000000,0.982287
2011-09-08 00:00:00+08:00,0.276586,0.278382,0.274789,0.276586,78100,0.000000,0.000000,0.984083
2011-09-09 00:00:00+08:00,0.276586,0.278382,0.276586,0.276586,220000,0.000000,0.000000,0.984083
2011-09-12 00:00:00+08:00,0.276586,0.278382,0.272994,0.274790,1071400,0.000000,0.000000,0.982287
2011-09-13 00:00:00+08:00,0.276586,0.276586,0.274790,0.274790,207900,0.000000,0.000000,0.982287
2011-09-14 00:00:00+08:00,0.276586,0.276586,0.274790,0.274790,148500,0.000000,0.000000,0.982287
2011-09-15 00:00:00+08:00,0.276586,0.276586,0.274789,0.276586,416900,0.000000,0.000000,0.984083
2011-09-16 00:00:00+08:00,0.278382,0.285566,0.276586,0.285566,2154900,0.000000,0.000000,0.993063
2011-09-19 00:00:00+08:00,0.285566,0.287362,0.281974,0.283770,1376100,0.000000,0.000000,0.991267
2011-09-20 00:00:00+08:00,0.283769,0.287362,0.281974,0.287362,761200,0.000000,0.000000,0.994859
2011-09-21 00:00:00+08:00,0.287362,0.287362,0.283769,0.287362,581900,0.000000,0.000000,0.994859
2011-09-22 00:00:00+08:00,0.285566,0.285566,0.280177,0.281974,1003200,0.000000,0.000000,0.989471
2011-09-23 00:00:00+08:00,0.280177,0.280177,0.274789,0.276586,1756700,0.000000,0.000000,0.984083
2011-09-26 00:00:00+08:00,0.276586,0.276586,0.267605,0.271197,1141800,0.000000,0.000000,0.978694
2011-09-27 00:00:00+08:00,0.272994,0.276586,0.272994,0.276586,368500,0.000000,0.000000,0.984083
2011-09-28 00:00:00+08:00,0.276586,0.276586,0.274790,0.274790,89100,0.000000,0.000000,0.982287
2011-09-29 00:00:00+08:00,0.272994,0.274790,0.269402,0.271197,411400,0.000000,0.000000,0.978694
2011-09-30 00:00:00+08:00,0.274790,0.274790,0.271197,0.272994,268400,0.000000,0.000000,0.980491
2011-10-03 00:00:00+08:00,0.271197,0.271197,0.264013,0.265809,1398100,0.000000,0.000000,0.973306
2011-10-04 00:00:00+08:00,0.264013,0.264013,0.262218,0.262218,1029600,0.000000,0.000000,0.969715
2011-10-05 00:00:00+08:00,0.264013,0.264013,0.262217,0.264013,656700,0.000000,0.000000,0.971510
2011-10-06 00:00:00+08:00,0.265809,0.269402,0.265809,0.269402,416900,0.000000,0.000000,0.976899
2011-10-07 00:00:00+08:00,0.269402,0.272994,0.269402,0.272994,414700,0.000000,0.000000,0.980491
2011-10-10 00:00:00+08:00,0.272994,0.272994,0.271197,0.272994,95700,0.000000,0.000000,0.980491
2011-10-11 00:00:00+08:00,0.278382,0.280177,0.276586,0.278382,1273800,0.000000,0.000000,0.985879
2011-10-12 00:00:00+08:00,0.278382,0.278382,0.274789,0.276586,138600,0.000000,0.000000,0.984083
2011-10-13 00:00:00+08:00,0.276586,0.278382,0.274789,0.278382,496100,0.000000,0.000000,0.985879
2011-10-14 00:00:00+08:00,0.276586,0.276586,0.276586,0.276586,53900,0.000000,0.000000,0.984083
2011-10-17 00:00:00+08:00,0.278382,0.281974,0.278382,0.281974,412500,0.000000,0.000000,0.989471
2011-10-18 00:00:00+08:00,0.280177,0.280177,0.276586,0.278382,134200,0.000000,0.000000,0.985879
2011-10-19 00:00:00+08:00,0.280177,0.281974,0.278382,0.280177,182600,0.000000,0.000000,0.987674
2011-10-20 00:00:00+08:00,0.281974,0.283770,0.281974,0.283770,591800,0.000000,0.000000,0.991267
2011-10-21 00:00:00+08:00,0.283769,0.285566,0.281974,0.285566,259600,0.000000,0.000000,0.993063
2011-10-24 00:00:00+08:00,0.287362,0.289158,0.285566,0.289158,1215500,0.000000,0.000000,0.996655
2011-10-25 00:00:00+08:00,0.289158,0.290954,0.289158,0.289158,1008700,0.000000,0.000000,0.996655
2011-10-27 00:00:00+08:00,0.290954,0.292750,0.289158,0.290954,1522400,0.000000,0.000000,0.998451
2011-10-28 00:00:00+08:00,0.292499,0.294339,0.288820,0.288820,1010900,0.017455,0.000000,0.978862
2011-10-31 00:00:00+08:00,0.290659,0.292499,0.290659,0.292499,611600,0.000000,0.000000,0.982541
2011-11-01 00:00:00+08:00,0.290659,0.290659,0.286980,0.286980,611600,0.000000,0.000000,0.977022
2011-11-02 00:00:00+08:00,0.285141,0.292499,0.283301,0.292499,511500,0.000000,0.000000,0.982541
2011-11-03 00:00:00+08:00,0.292499,0.292499,0.288820,0.288820,217800,0.000000,0.000000,0.978862
2011-11-04 00:00:00+08:00,0.290659,0.290659,0.288820,0.290659,427900,0.000000,0.000000,0.980701
2011-11-08 00:00:00+08:00,0.290659,0.292499,0.290659,0.292499,166100,0.000000,0.000000,0.982541
2011-11-09 00:00:00+08:00,0.292499,0.292499,0.290659,0.292499,57200,0.000000,0.000000,0.982541
2011-11-10 00:00:00+08:00,0.290659,0.290659,0.288820,0.288820,168300,0.000000,0.000000,0.978862
2011-11-11 00:00:00+08:00,0.292499,0.292499,0.290659,0.292499,117700,0.000000,0.000000,0.982541
2011-11-14 00:00:00+08:00,0.292499,0.292499,0.290659,0.292499,433400,0.000000,0.000000,0.982541
2011-11-15 00:00:00+08:00,0.290659,0.292499,0.288820,0.292499,457600,0.000000,0.000000,0.982541
2011-11-16 00:00:00+08:00,0.290659,0.290659,0.286980,0.290659,343200,0.000000,0.000000,0.980701
2011-11-17 00:00:00+08:00,0.288820,0.290659,0.286980,0.290659,172700,0.000000,0.000000,0.980701
2011-11-18 00:00:00+08:00,0.288820,0.290659,0.288820,0.288820,365200,0.000000,0.000000,0.978862
2011-11-21 00:00:00+08:00,0.288820,0.288820,0.286980,0.288820,264000,0.000000,0.000000,0.978862
2011-11-22 00:00:00+08:00,0.286980,0.288820,0.285141,0.288820,425700,0.000000,0.000000,0.978862
2011-11-23 00:00:00+08:00,0.286980,0.286980,0.285141,0.286980,331100,0.000000,0.000000,0.977022
2011-11-24 00:00:00+08:00,0.286980,0.286980,0.285141,0.286980,70400,0.000000,0.000000,0.977022
2011-11-25 00:00:00+08:00,0.286980,0.286980,0.285141,0.286980,121000,0.000000,0.000000,0.977022
2011-11-28 00:00:00+08:00,0.286980,0.286980,0.285141,0.286980,269500,0.000000,0.000000,0.977022
2011-11-29 00:00:00+08:00,0.286980,0.286980,0.283301,0.285141,697400,0.000000,0.000000,0.975183
2011-11-30 00:00:00+08:00,0.285141,0.286980,0.283301,0.286980,643500,0.000000,0.000000,0.977022
2011-12-01 00:00:00+08:00,0.286980,0.286980,0.283301,0.285141,1546600,0.000000,0.000000,0.975183
2011-12-02 00:00:00+08:00,0.285141,0.285141,0.281461,0.281461,1037300,0.000000,0.000000,0.971503
2011-12-05 00:00:00+08:00,0.283301,0.285141,0.281461,0.283301,709500,0.000000,0.000000,0.973343
2011-12-06 00:00:00+08:00,0.283301,0.285141,0.281461,0.283301,644600,0.000000,0.000000,0.973343
2011-12-07 00:00:00+08:00,0.283301,0.283301,0.281461,0.283301,499400,0.000000,0.000000,0.973343
2011-12-08 00:00:00+08:00,0.283301,0.283301,0.281461,0.283301,806300,0.000000,0.000000,0.973343
2011-12-09 00:00:00+08:00,0.283301,0.283301,0.279622,0.279622,783200,0.000000,0.000000,0.969664
2011-12-12 00:00:00+08:00,0.279622,0.283301,0.279622,0.279622,315700,0.000000,0.000000,0.969664
2011-12-13 00:00:00+08:00,0.279622,0.281461,0.279622,0.281461,85800,0.000000,0.000000,0.971503
2011-12-14 00:00:00+08:00,0.281461,0.281461,0.279622,0.279622,457600,0.000000,0.000000,0.969664
2011-12-15 00:00:00+08:00,0.283301,0.283301,0.277782,0.277782,919600,0.000000,0.000000,0.967824
2011-12-16 00:00:00+08:00,0.277782,0.277782,0.275943,0.275943,1475100,0.000000,0.000000,0.965985
2011-12-19 00:00:00+08:00,0.275943,0.275943,0.274103,0.275943,562100,0.000000,0.000000,0.965985
2011-12-20 00:00:00+08:00,0.274103,0.274103,0.272263,0.272263,1173700,0.000000,0.000000,0.962305
2011-12-21 00:00:00+08:00,0.275943,0.277782,0.274103,0.274103,422400,0.000000,0.000000,0.964145
2011-12-22 00:00:00+08:00,0.275943,0.277782,0.275943,0.275943,239800,0.000000,0.000000,0.965985
2011-12-23 00:00:00+08:00,0.277782,0.279622,0.277782,0.277782,258500,0.000000,0.000000,0.967824
2011-12-27 00:00:00+08:00,0.279622,0.279622,0.279622,0.279622,103400,0.000000,0.000000,0.969664
2011-12-28 00:00:00+08:00,0.281461,0.281461,0.279622,0.281461,237600,0.000000,0.000000,0.971503
2011-12-29 00:00:00+08:00,0.281461,0.281461,0.281461,0.281461,479600,0.000000,0.000000,0.971503
2011-12-30 00:00:00+08:00,0.281461,0.281461,0.277782,0.279622,1813900,0.000000,0.000000,0.969664
2012-01-03 00:00:00+08:00,0.279622,0.281461,0.279622,0.281461,402600,0.000000,0.000000,0.971503
2012-01-04 00:00:00+08:00,0.285141,0.285141,0.279622,0.279622,400400,0.000000,0.000000,0.969664
2012-01-05 00:00:00+08:00,0.283301,0.283301,0.279622,0.283301,374000,0.000000,0.000000,0.973343
2012-01-06 00:00:00+08:00,0.283301,0.283301,0.281461,0.283301,262900,0.000000,0.000000,0.973343
2012-01-09 00:00:00+08:00,0.281461,0.283301,0.281461,0.283301,614900,0.000000,0.000000,0.973343
2012-01-10 00:00:00+08:00,0.283301,0.283301,0.281461,0.281461,465300,0.000000,0.000000,0.971503
2012-01-11 00:00:00+08:00,0.283301,0.283301,0.281461,0.283301,712800,0.000000,0.000000,0.973343
2012-01-12 00:00:00+08:00,0.283301,0.283301,0.281461,0.281461,194700,0.000000,0.000000,0.971503
2012-01-13 00:00:00+08:00,0.283301,0.283301,0.281461,0.283301,1504800,0.000000,0.000000,0.973343
2012-01-16 00:00:00+08:00,0.283301,0.283301,0.279622,0.283301,761200,0.000000,0.000000,0.973343
2012-01-17 00:00:00+08:00,0.283301,0.283301,0.281461,0.283301,1346400,0.000000,0.000000,0.973343
2012-01-18 00:00:00+08:00,0.283301,0.283301,0.281461,0.283301,1525700,0.000000,0.000000,0.973343
2012-01-19 00:00:00+08:00,0.283301,0.283301,0.281461,0.281461,1710500,0.000000,0.000000,0.971503
2012-01-20 00:00:00+08:00,0.281461,0.283301,0.281461,0.283301,1003200,0.000000,0.000000,0.973343
2012-01-25 00:00:00+08:00,0.283301,0.283301,0.281461,0.281461,2009700,0.000000,0.000000,0.971503
2012-01-26 00:00:00+08:00,0.283301,0.283301,0.281461,0.283301,2071300,0.000000,0.000000,0.973343
2012-01-27 00:00:00+08:00,0.283301,0.286980,0.283301,0.283301,10439000,0.000000,0.000000,0.973343
2012-01-30 00:00:00+08:00,0.283301,0.286980,0.283301,0.285141,3924800,0.000000,0.000000,0.975183
2012-01-31 00:00:00+08:00,0.286980,0.288820,0.285141,0.286980,1683000,0.000000,0.000000,0.977022
2012-02-01 00:00:00+08:00,0.288602,0.290489,0.286716,0.288602,1750100,0.017545,0.000000,0.961099
2012-02-02 00:00:00+08:00,0.290489,0.290489,0.288602,0.290489,401500,0.000000,0.000000,0.962986
2012-02-03 00:00:00+08:00,0.290489,0.290489,0.288602,0.288602,709500,0.000000,0.000000,0.961099
2012-02-06 00:00:00+08:00,0.290489,0.290489,0.288602,0.290489,1788600,0.000000,0.000000,0.962986
2012-02-07 00:00:00+08:00,0.294261,0.294261,0.290489,0.290489,2173600,0.000000,0.000000,0.962986
2012-02-08 00:00:00+08:00,0.294261,0.294261,0.292375,0.294261,587400,0.000000,0.000000,0.966758
2012-02-09 00:00:00+08:00,0.294261,0.294261,0.292375,0.294261,660000,0.000000,0.000000,0.966758
2012-02-10 00:00:00+08:00,0.294261,0.294261,0.292375,0.294261,1279300,0.000000,0.000000,0.966758
2012-02-13 00:00:00+08:00,0.294261,0.294261,0.292375,0.294261,1728100,0.000000,0.000000,0.966758
2012-02-14 00:00:00+08:00,0.294261,0.296147,0.292375,0.296147,930600,0.000000,0.000000,0.968644
2012-02-15 00:00:00+08:00,0.296147,0.299920,0.296147,0.299920,920700,0.000000,0.000000,0.972417
2012-02-16 00:00:00+08:00,0.298034,0.298034,0.298034,0.298034,666600,0.000000,0.000000,0.970531
2012-02-17 00:00:00+08:00,0.298034,0.299920,0.298034,0.298034,841500,0.000000,0.000000,0.970531
2012-02-20 00:00:00+08:00,0.298034,0.301806,0.298034,0.299920,738100,0.000000,0.000000,0.972417
2012-02-21 00:00:00+08:00,0.301806,0.301806,0.299920,0.301806,859100,0.000000,0.000000,0.974303
2012-02-22 00:00:00+08:00,0.301806,0.301806,0.298034,0.299920,672100,0.000000,0.000000,0.972417
2012-02-23 00:00:00+08:00,0.298034,0.299920,0.298034,0.299920,169400,0.000000,0.000000,0.972417
2012-02-24 00:00:00+08:00,0.299920,0.301806,0.299920,0.301806,386100,0.000000,0.000000,0.974303
2012-02-27 00:00:00+08:00,0.301806,0.301806,0.299920,0.301806,719400,0.000000,0.000000,0.974303
2012-02-28 00:00:00+08:00,0.301806,0.303693,0.301806,0.301806,702900,0.000000,0.000000,0.974303
2012-02-29 00:00:00+08:00,0.301806,0.305579,0.301806,0.305579,1015300,0.000000,0.000000,0.978076
2012-03-01 00:00:00+08:00,0.307465,0.307465,0.303693,0.303693,721600,0.000000,0.000000,0.976190
2012-03-02 00:00:00+08:00,0.303693,0.307465,0.303693,0.305579,565400,0.000000,0.000000,0.978076
2012-03-05 00:00:00+08:00,0.307465,0.309351,0.305579,0.307465,930600,0.000000,0.000000,0.979962
2012-03-06 00:00:00+08:00,0.307465,0.309352,0.303693,0.303693,1005400,0.000000,0.000000,0.976190
2012-03-07 00:00:00+08:00,0.303693,0.307465,0.303693,0.307465,904200,0.000000,0.000000,0.979962
2012-03-08 00:00:00+08:00,0.307465,0.313124,0.307465,0.313124,1272700,0.000000,0.000000,0.985621
2012-03-09 00:00:00+08:00,0.313124,0.315010,0.311238,0.311238,580800,0.000000,0.000000,0.983735
2012-03-12 00:00:00+08:00,0.313124,0.315010,0.311238,0.313124,892100,0.000000,0.000000,0.985621
2012-03-13 00:00:00+08:00,0.313124,0.318783,0.313124,0.316897,2102100,0.000000,0.000000,0.989394
2012-03-14 00:00:00+08:00,0.318783,0.322555,0.318783,0.318783,1944800,0.000000,0.000000,0.991280
2012-03-15 00:00:00+08:00,0.318783,0.320669,0.316897,0.320669,751300,0.000000,0.000000,0.993166
2012-03-16 00:00:00+08:00,0.324442,0.337646,0.324442,0.337646,5060000,0.000000,0.000000,1.010143
2012-03-19 00:00:00+08:00,0.330101,0.331987,0.326328,0.326328,1794100,0.000000,0.000000,0.998825
2012-03-20 00:00:00+08:00,0.330101,0.330101,0.326328,0.328215,793100,0.000000,0.000000,1.000712
2012-03-21 00:00:00+08:00,0.328215,0.330101,0.328215,0.330101,262900,0.000000,0.000000,1.002598
2012-03-22 00:00:00+08:00,0.330101,0.330101,0.326328,0.328215,903100,0.000000,0.000000,1.000712
2012-03-23 00:00:00+08:00,0.328215,0.328215,0.324442,0.326328,952600,0.000000,0.000000,0.998825
2012-03-26 00:00:00+08:00,0.326328,0.326328,0.322555,0.326328,928400,0.000000,0.000000,0.998825
2012-03-27 00:00:00+08:00,0.326328,0.328215,0.326328,0.326328,636900,0.000000,0.000000,0.998825
2012-03-28 00:00:00+08:00,0.326328,0.330101,0.324442,0.324442,838200,0.000000,0.000000,0.996939
2012-03-29 00:00:00+08:00,0.326328,0.328215,0.326328,0.326328,595100,0.000000,0.000000,0.998825
2012-03-30 00:00:00+08:00,0.326328,0.328215,0.324442,0.324442,893200,0.000000,0.000000,0.996939
2012-04-02 00:00:00+08:00,0.326328,0.331987,0.324442,0.331987,601700,0.000000,0.000000,1.004484
2012-04-03 00:00:00+08:00,0.331987,0.333873,0.331987,0.333873,280500,0.000000,0.000000,1.006370
2012-04-04 00:00:00+08:00,0.330101,0.333873,0.330101,0.333873,705100,0.000000,0.000000,1.006370
2012-04-05 00:00:00+08:00,0.333873,0.333873,0.331987,0.333873,660000,0.000000,0.000000,1.006370
2012-04-09 00:00:00+08:00,0.333873,0.335759,0.331987,0.333873,518100,0.000000,0.000000,1.006370
2012-04-10 00:00:00+08:00,0.335759,0.335759,0.333873,0.333873,401500,0.000000,0.000000,1.006370
2012-04-11 00:00:00+08:00,0.331987,0.333873,0.330101,0.330101,691900,0.000000,0.000000,1.002598
2012-04-12 00:00:00+08:00,0.331987,0.331987,0.330101,0.331987,545600,0.000000,0.000000,1.004484
2012-04-13 00:00:00+08:00,0.333873,0.335759,0.333873,0.333873,391600,0.000000,0.000000,1.006370
2012-04-16 00:00:00+08:00,0.335759,0.335759,0.333873,0.335759,180400,0.000000,0.000000,1.008256
2012-04-17 00:00:00+08:00,0.335759,0.337646,0.333873,0.337646,536800,0.000000,0.000000,1.010143
2012-04-18 00:00:00+08:00,0.337646,0.347077,0.337646,0.347077,1129700,0.000000,0.000000,1.019574
2012-04-19 00:00:00+08:00,0.345191,0.347077,0.343305,0.347077,1359600,0.000000,0.000000,1.019574
2012-04-20 00:00:00+08:00,0.347077,0.348964,0.345191,0.348964,389400,0.000000,0.000000,1.021461
2012-04-23 00:00:00+08:00,0.348964,0.348964,0.343305,0.347077,1640100,0.000000,0.000000,1.019574
2012-04-24 00:00:00+08:00,0.343305,0.347077,0.343305,0.347077,1054900,0.000000,0.000000,1.019574
2012-04-25 00:00:00+08:00,0.347077,0.347077,0.345191,0.345191,809600,0.000000,0.000000,1.017688
2012-04-26 00:00:00+08:00,0.346848,0.348775,0.344921,0.346848,1558700,0.017545,0.000000,1.001800
2012-04-27 00:00:00+08:00,0.346848,0.346848,0.344921,0.344921,552200,0.000000,0.000000,0.999873
2012-04-30 00:00:00+08:00,0.344921,0.346848,0.344921,0.344921,423500,0.000000,0.000000,0.999873
2012-05-02 00:00:00+08:00,0.344921,0.348775,0.344921,0.348775,826100,0.000000,0.000000,1.003727
2012-05-03 00:00:00+08:00,0.348775,0.348775,0.346848,0.348775,652300,0.000000,0.000000,1.003727
2012-05-04 00:00:00+08:00,0.346848,0.346848,0.344921,0.344921,445500,0.000000,0.000000,0.999873
2012-05-07 00:00:00+08:00,0.344921,0.346848,0.341067,0.344921,1455300,0.000000,0.000000,0.999873
2012-05-08 00:00:00+08:00,0.344921,0.346848,0.342994,0.342994,657800,0.000000,0.000000,0.997946
2012-05-09 00:00:00+08:00,0.342994,0.344921,0.341067,0.342994,924000,0.000000,0.000000,0.997946
2012-05-10 00:00:00+08:00,0.346848,0.346848,0.339141,0.346848,1273800,0.000000,0.000000,1.001800
2012-05-11 00:00:00+08:00,0.346848,0.346848,0.342994,0.344921,899800,0.000000,0.000000,0.999873
2012-05-14 00:00:00+08:00,0.344921,0.344921,0.341067,0.341067,315700,0.000000,0.000000,0.996019
2012-05-15 00:00:00+08:00,0.341067,0.342994,0.339140,0.342994,355300,0.000000,0.000000,0.997946
2012-05-16 00:00:00+08:00,0.342994,0.342994,0.337213,0.339140,845900,0.000000,0.000000,0.994092
2012-05-17 00:00:00+08:00,0.339141,0.339141,0.335287,0.335287,1108800,0.000000,0.000000,0.990239
2012-05-18 00:00:00+08:00,0.333359,0.333359,0.325652,0.329505,2697200,0.000000,0.000000,0.984457
2012-05-21 00:00:00+08:00,0.327579,0.335286,0.325652,0.333359,1281500,0.000000,0.000000,0.988311
2012-05-22 00:00:00+08:00,0.333359,0.339140,0.333359,0.337213,754600,0.000000,0.000000,0.992165
2012-05-23 00:00:00+08:00,0.337213,0.337213,0.333359,0.335287,411400,0.000000,0.000000,0.990239
2012-05-24 00:00:00+08:00,0.335287,0.335287,0.333359,0.335287,262900,0.000000,0.000000,0.990239
2012-05-25 00:00:00+08:00,0.333359,0.337213,0.333359,0.333359,398200,0.000000,0.000000,0.988311
2012-05-28 00:00:00+08:00,0.335287,0.337213,0.335287,0.337213,1386000,0.000000,0.000000,0.992165
2012-05-29 00:00:00+08:00,0.337213,0.339140,0.337213,0.337213,336600,0.000000,0.000000,0.992165
2012-05-30 00:00:00+08:00,0.339141,0.339141,0.335287,0.335287,391600,0.000000,0.000000,0.990239
2012-05-31 00:00:00+08:00,0.337213,0.339140,0.335287,0.339140,704000,0.000000,0.000000,0.994092
2012-06-01 00:00:00+08:00,0.337213,0.339140,0.335287,0.337213,391600,0.000000,0.000000,0.992165
2012-06-04 00:00:00+08:00,0.331433,0.335286,0.331433,0.333359,438900,0.000000,0.000000,0.988311
2012-06-05 00:00:00+08:00,0.331433,0.335286,0.331433,0.333359,382800,0.000000,0.000000,0.988311
2012-06-06 00:00:00+08:00,0.331433,0.337213,0.331433,0.337213,416900,0.000000,0.000000,0.992165
2012-06-07 00:00:00+08:00,0.335287,0.337213,0.335287,0.335287,162800,0.000000,0.000000,0.990239
2012-06-08 00:00:00+08:00,0.337213,0.337213,0.333359,0.335287,567600,0.000000,0.000000,0.990239
2012-06-11 00:00:00+08:00,0.337213,0.337213,0.335287,0.337213,833800,0.000000,0.000000,0.992165
2012-06-12 00:00:00+08:00,0.335287,0.337213,0.335287,0.335287,489500,0.000000,0.000000,0.990239
2012-06-13 00:00:00+08:00,0.335287,0.337213,0.335287,0.337213,620400,0.000000,0.000000,0.992165
2012-06-14 00:00:00+08:00,0.337213,0.337213,0.335287,0.335287,893200,0.000000,0.000000,0.990239
2012-06-15 00:00:00+08:00,0.335287,0.337213,0.335287,0.335287,1234200,0.000000,0.000000,0.990239
2012-06-18 00:00:00+08:00,0.337213,0.341067,0.337213,0.341067,597300,0.000000,0.000000,0.996019
2012-06-19 00:00:00+08:00,0.341067,0.341067,0.339140,0.339140,407000,0.000000,0.000000,0.994092
2012-06-20 00:00:00+08:00,0.339140,0.341067,0.339140,0.339140,567600,0.000000,0.000000,0.994092
2012-06-21 00:00:00+08:00,0.339141,0.348775,0.339141,0.346848,48136000,0.000000,0.000000,1.001800
2012-06-22 00:00:00+08:00,0.342994,0.348775,0.342994,0.346848,653400,0.000000,0.000000,1.001800
2012-06-25 00:00:00+08:00,0.350702,0.350702,0.346848,0.348775,722700,0.000000,0.000000,1.003727
2012-06-26 00:00:00+08:00,0.346848,0.348775,0.346848,0.348775,690800,0.000000,0.000000,1.003727
2012-06-27 00:00:00+08:00,0.348775,0.352629,0.346848,0.352629,724900,0.000000,0.000000,1.007581
2012-06-28 00:00:00+08:00,0.354556,0.354556,0.350702,0.352629,1392600,0.000000,0.000000,1.007581
2012-06-29 00:00:00+08:00,0.352629,0.354556,0.352629,0.352629,865700,0.000000,0.000000,1.007581
2012-07-02 00:00:00+08:00,0.354556,0.356483,0.352629,0.354556,401500,0.000000,0.000000,1.009508
2012-07-03 00:00:00+08:00,0.356483,0.356483,0.354556,0.356483,216700,0.000000,0.000000,1.011435
2012-07-04 00:00:00+08:00,0.356483,0.358409,0.356483,0.358409,668800,0.000000,0.000000,1.013361
2012-07-05 00:00:00+08:00,0.358410,0.366117,0.356483,0.362263,1577400,0.000000,0.000000,1.017215
2012-07-06 00:00:00+08:00,0.362263,0.366117,0.362263,0.364190,1290300,0.000000,0.000000,1.019142
2012-07-09 00:00:00+08:00,0.364190,0.368044,0.360337,0.366117,1057100,0.000000,0.000000,1.021069
2012-07-10 00:00:00+08:00,0.364190,0.366117,0.362263,0.366117,999900,0.000000,0.000000,1.021069
2012-07-11 00:00:00+08:00,0.366117,0.366117,0.364190,0.364190,983400,0.000000,0.000000,1.019142
2012-07-12 00:00:00+08:00,0.364190,0.366117,0.362263,0.362263,423500,0.000000,0.000000,1.017215
2012-07-13 00:00:00+08:00,0.362263,0.366117,0.362263,0.366117,816200,0.000000,0.000000,1.021069
2012-07-16 00:00:00+08:00,0.366117,0.366117,0.364190,0.366117,639100,0.000000,0.000000,1.021069
2012-07-17 00:00:00+08:00,0.366117,0.366117,0.364190,0.364190,836000,0.000000,0.000000,1.019142
2012-07-18 00:00:00+08:00,0.366117,0.383460,0.366117,0.371898,1986600,0.000000,0.000000,1.026850
2012-07-19 00:00:00+08:00,0.373825,0.375752,0.371898,0.375752,1581800,0.000000,0.000000,1.030704
2012-07-20 00:00:00+08:00,0.375752,0.377679,0.373825,0.375752,754600,0.000000,0.000000,1.030704
2012-07-23 00:00:00+08:00,0.375752,0.375752,0.369971,0.369971,1662100,0.000000,0.000000,1.024923
2012-07-24 00:00:00+08:00,0.369971,0.371898,0.368044,0.371898,959200,0.000000,0.000000,1.026850
2012-07-25 00:00:00+08:00,0.373825,0.373825,0.371898,0.373825,1292500,0.000000,0.000000,1.028777
2012-07-26 00:00:00+08:00,0.373825,0.373825,0.369971,0.373825,2021800,0.000000,0.000000,1.028777
2012-07-27 00:00:00+08:00,0.373825,0.375752,0.373825,0.375752,1877700,0.000000,0.000000,1.030704
2012-07-30 00:00:00+08:00,0.373511,0.377442,0.369579,0.375476,737000,0.017545,0.000000,1.012883
2012-07-31 00:00:00+08:00,0.377442,0.377442,0.373511,0.373511,276100,0.000000,0.000000,1.010918
2012-08-01 00:00:00+08:00,0.375476,0.377442,0.373511,0.375476,4383500,0.000000,0.000000,1.012883
2012-08-02 00:00:00+08:00,0.377442,0.377442,0.375476,0.375476,422400,0.000000,0.000000,1.012883
2012-08-03 00:00:00+08:00,0.377443,0.377443,0.373511,0.377443,541200,0.000000,0.000000,1.014850
2012-08-06 00:00:00+08:00,0.379408,0.381374,0.377442,0.379408,6959700,0.000000,0.000000,1.016815
2012-08-07 00:00:00+08:00,0.381374,0.381374,0.379408,0.381374,907500,0.000000,0.000000,1.018781
2012-08-08 00:00:00+08:00,0.381374,0.381374,0.379408,0.381374,5574800,0.000000,0.000000,1.018781
2012-08-10 00:00:00+08:00,0.381374,0.381374,0.379408,0.381374,4893900,0.000000,0.000000,1.018781
2012-08-13 00:00:00+08:00,0.381374,0.385306,0.379408,0.379408,832700,0.000000,0.000000,1.016815
2012-08-14 00:00:00+08:00,0.383340,0.383340,0.381374,0.383340,436700,0.000000,0.000000,1.020747
2012-08-15 00:00:00+08:00,0.383340,0.383340,0.381374,0.381374,301400,0.000000,0.000000,1.018781
2012-08-16 00:00:00+08:00,0.381374,0.381374,0.379408,0.381374,352000,0.000000,0.000000,1.018781
2012-08-17 00:00:00+08:00,0.381374,0.385306,0.381374,0.381374,196900,0.000000,0.000000,1.018781
2012-08-21 00:00:00+08:00,0.381374,0.383340,0.379408,0.383340,818400,0.000000,0.000000,1.020747
2012-08-22 00:00:00+08:00,0.381374,0.383340,0.379408,0.381374,644600,0.000000,0.000000,1.018781
2012-08-23 00:00:00+08:00,0.381374,0.385306,0.381374,0.381374,761200,0.000000,0.000000,1.018781
2012-08-24 00:00:00+08:00,0.383340,0.383340,0.381374,0.381374,199100,0.000000,0.000000,1.018781
2012-08-27 00:00:00+08:00,0.385306,0.385306,0.383340,0.383340,341000,0.000000,0.000000,1.020747
2012-08-28 00:00:00+08:00,0.385306,0.391203,0.383340,0.387272,1414600,0.000000,0.000000,1.024679
2012-08-29 00:00:00+08:00,0.387272,0.389238,0.385306,0.385306,314600,0.000000,0.000000,1.022713
2012-08-30 00:00:00+08:00,0.387272,0.389238,0.385306,0.387272,304700,0.000000,0.000000,1.024679
2012-08-31 00:00:00+08:00,0.387272,0.393169,0.385306,0.393169,870100,0.000000,0.000000,1.030576
2012-09-03 00:00:00+08:00,0.393169,0.393169,0.389238,0.391203,409200,0.000000,0.000000,1.028610
2012-09-04 00:00:00+08:00,0.391203,0.393169,0.391203,0.393169,960300,0.000000,0.000000,1.030576
2012-09-05 00:00:00+08:00,0.393169,0.393169,0.389238,0.391203,504900,0.000000,0.000000,1.028610
2012-09-06 00:00:00+08:00,0.391203,0.393169,0.389238,0.391203,178200,0.000000,0.000000,1.028610
2012-09-07 00:00:00+08:00,0.391203,0.395135,0.391203,0.395135,1172600,0.000000,0.000000,1.032542
2012-09-10 00:00:00+08:00,0.395135,0.404964,0.395135,0.404964,858000,0.000000,0.000000,1.042371
2012-09-11 00:00:00+08:00,0.404964,0.404964,0.402999,0.402999,322300,0.000000,0.000000,1.040406
2012-09-12 00:00:00+08:00,0.404964,0.404964,0.401032,0.401032,337700,0.000000,0.000000,1.038439
2012-09-13 00:00:00+08:00,0.401032,0.404964,0.401032,0.402999,404800,0.000000,0.000000,1.040406
2012-09-14 00:00:00+08:00,0.404964,0.404964,0.397101,0.402999,894300,0.000000,0.000000,1.040406
2012-09-17 00:00:00+08:00,0.402999,0.402999,0.399067,0.402999,819500,0.000000,0.000000,1.040406
2012-09-18 00:00:00+08:00,0.402999,0.402999,0.399067,0.401032,542300,0.000000,0.000000,1.038439
2012-09-19 00:00:00+08:00,0.402999,0.406930,0.401033,0.406930,2862200,0.000000,0.000000,1.044337
2012-09-20 00:00:00+08:00,0.406930,0.406930,0.402999,0.404964,2559700,0.000000,0.000000,1.042371
2012-09-21 00:00:00+08:00,0.404964,0.404964,0.401032,0.404964,3076700,0.000000,0.000000,1.042371
2012-09-24 00:00:00+08:00,0.406930,0.412828,0.406930,0.408896,2138400,0.000000,0.000000,1.046303
2012-09-25 00:00:00+08:00,0.408896,0.410862,0.406930,0.410862,534600,0.000000,0.000000,1.048269
2012-09-26 00:00:00+08:00,0.410862,0.410862,0.406930,0.408896,488400,0.000000,0.000000,1.046303
2012-09-27 00:00:00+08:00,0.410862,0.410862,0.406930,0.406930,656700,0.000000,0.000000,1.044337
2012-09-28 00:00:00+08:00,0.408896,0.412828,0.408896,0.412828,436700,0.000000,0.000000,1.050235
2012-10-01 00:00:00+08:00,0.412828,0.412828,0.408896,0.410862,256300,0.000000,0.000000,1.048269
2012-10-02 00:00:00+08:00,0.410862,0.412828,0.408896,0.410862,965800,0.000000,0.000000,1.048269
2012-10-03 00:00:00+08:00,0.410862,0.410862,0.408896,0.410862,552200,0.000000,0.000000,1.048269
2012-10-04 00:00:00+08:00,0.410862,0.412828,0.408896,0.410862,962500,0.000000,0.000000,1.048269
2012-10-05 00:00:00+08:00,0.410862,0.414793,0.410862,0.412828,949300,0.000000,0.000000,1.050235
2012-10-08 00:00:00+08:00,0.412828,0.412828,0.410862,0.410862,1104400,0.000000,0.000000,1.048269
2012-10-09 00:00:00+08:00,0.410862,0.410862,0.399067,0.410862,1921700,0.000000,0.000000,1.048269
2012-10-10 00:00:00+08:00,0.408896,0.408896,0.404964,0.408896,510400,0.000000,0.000000,1.046303
2012-10-11 00:00:00+08:00,0.408896,0.408896,0.406930,0.406930,399300,0.000000,0.000000,1.044337
2012-10-12 00:00:00+08:00,0.406930,0.410862,0.406930,0.406930,537900,0.000000,0.000000,1.044337
2012-10-15 00:00:00+08:00,0.408896,0.410862,0.408896,0.408896,479600,0.000000,0.000000,1.046303
2012-10-16 00:00:00+08:00,0.410862,0.416759,0.410862,0.416759,1438800,0.000000,0.000000,1.054166
2012-10-17 00:00:00+08:00,0.416759,0.420691,0.416759,0.418725,1043900,0.000000,0.000000,1.056132
2012-10-18 00:00:00+08:00,0.418725,0.420691,0.418725,0.420691,396000,0.000000,0.000000,1.058098
2012-10-19 00:00:00+08:00,0.420691,0.420691,0.416759,0.418725,529100,0.000000,0.000000,1.056132
2012-10-22 00:00:00+08:00,0.418725,0.418725,0.416759,0.418725,272800,0.000000,0.000000,1.056132
2012-10-23 00:00:00+08:00,0.418725,0.422657,0.416759,0.422657,745800,0.000000,0.000000,1.060064
2012-10-24 00:00:00+08:00,0.418725,0.424623,0.418725,0.420691,751300,0.000000,0.000000,1.058098
2012-10-25 00:00:00+08:00,0.420691,0.420691,0.412828,0.418725,2014100,0.000000,0.000000,1.056132
2012-10-29 00:00:00+08:00,0.418725,0.420691,0.416760,0.420691,925100,0.000000,0.000000,1.058098
2012-10-30 00:00:00+08:00,0.420691,0.420691,0.414793,0.416759,586300,0.000000,0.000000,1.054166
2012-10-31 00:00:00+08:00,0.419476,0.419476,0.415481,0.417479,924000,0.015273,0.000000,1.039613
2012-11-01 00:00:00+08:00,0.417479,0.421473,0.415481,0.421473,631400,0.000000,0.000000,1.043607
2012-11-02 00:00:00+08:00,0.419476,0.421473,0.419476,0.419476,616000,0.000000,0.000000,1.041610
2012-11-05 00:00:00+08:00,0.419476,0.421473,0.417479,0.417479,508200,0.000000,0.000000,1.039613
2012-11-06 00:00:00+08:00,0.417479,0.417479,0.413484,0.413484,1053800,0.000000,0.000000,1.035618
2012-11-07 00:00:00+08:00,0.415481,0.415481,0.413484,0.415481,248600,0.000000,0.000000,1.037615
2012-11-08 00:00:00+08:00,0.411486,0.411486,0.407491,0.409489,1318900,0.000000,0.000000,1.031623
2012-11-09 00:00:00+08:00,0.407491,0.407491,0.403496,0.407491,1173700,0.000000,0.000000,1.029625
2012-11-12 00:00:00+08:00,0.405494,0.405494,0.403496,0.405494,591800,0.000000,0.000000,1.027628
2012-11-14 00:00:00+08:00,0.403496,0.405493,0.399501,0.399501,1292500,0.000000,0.000000,1.021635
2012-11-15 00:00:00+08:00,0.397504,0.397504,0.389513,0.393509,1534500,0.000000,0.000000,1.015643
2012-11-16 00:00:00+08:00,0.387516,0.409489,0.385518,0.405494,3466100,0.000000,0.000000,1.027628
2012-11-19 00:00:00+08:00,0.403496,0.407491,0.397504,0.407491,2211000,0.000000,0.000000,1.029625
2012-11-20 00:00:00+08:00,0.407491,0.407491,0.403496,0.403496,438900,0.000000,0.000000,1.025630
2012-11-21 00:00:00+08:00,0.401278,0.405311,0.401278,0.403294,768900,0.008636,0.000000,1.016792
2012-11-22 00:00:00+08:00,0.405311,0.407327,0.403294,0.403294,443300,0.000000,0.000000,1.016792
2012-11-23 00:00:00+08:00,0.403294,0.405311,0.403294,0.405311,383900,0.000000,0.000000,1.018809
2012-11-26 00:00:00+08:00,0.403294,0.405311,0.401278,0.403294,1312300,0.000000,0.000000,1.016792
2012-11-27 00:00:00+08:00,0.403294,0.407327,0.403294,0.405311,773300,0.000000,0.000000,1.018809
2012-11-28 00:00:00+08:00,0.403294,0.405311,0.403294,0.405311,248600,0.000000,0.000000,1.018809
2012-11-29 00:00:00+08:00,0.405311,0.411360,0.405311,0.409344,753500,0.000000,0.000000,1.022842
2012-11-30 00:00:00+08:00,0.411360,0.411360,0.409344,0.409344,496100,0.000000,0.000000,1.022842
2012-12-03 00:00:00+08:00,0.409344,0.409344,0.407327,0.409344,260700,0.000000,0.000000,1.022842
2012-12-04 00:00:00+08:00,0.407327,0.409344,0.407327,0.409344,92400,0.000000,0.000000,1.022842
2012-12-05 00:00:00+08:00,0.409344,0.413377,0.407327,0.407327,1235300,0.000000,0.000000,1.020825
2012-12-06 00:00:00+08:00,0.407327,0.409344,0.407327,0.407327,838200,0.000000,0.000000,1.020825
2012-12-07 00:00:00+08:00,0.407327,0.415393,0.407327,0.415393,966900,0.000000,0.000000,1.028891
2012-12-10 00:00:00+08:00,0.411360,0.415393,0.411360,0.415393,740300,0.000000,0.000000,1.028891
2012-12-11 00:00:00+08:00,0.413377,0.417410,0.413377,0.415393,493900,0.000000,0.000000,1.028891
2012-12-12 00:00:00+08:00,0.415393,0.419426,0.415393,0.417410,1196800,0.000000,0.000000,1.030908
2012-12-13 00:00:00+08:00,0.417410,0.419426,0.417410,0.417410,638000,0.000000,0.000000,1.030908
2012-12-14 00:00:00+08:00,0.415393,0.419426,0.415393,0.419426,641300,0.000000,0.000000,1.032924
2012-12-17 00:00:00+08:00,0.419426,0.421443,0.417410,0.419426,721600,0.000000,0.000000,1.032924
2012-12-18 00:00:00+08:00,0.419426,0.421443,0.417410,0.421443,468600,0.000000,0.000000,1.034941
2012-12-19 00:00:00+08:00,0.419426,0.423459,0.417410,0.419426,541200,0.000000,0.000000,1.032924
2012-12-20 00:00:00+08:00,0.419426,0.421443,0.419426,0.419426,387200,0.000000,0.000000,1.032924
2012-12-21 00:00:00+08:00,0.419426,0.419426,0.417410,0.417410,192500,0.000000,0.000000,1.030908
2012-12-24 00:00:00+08:00,0.419426,0.421443,0.417410,0.419426,294800,0.000000,0.000000,1.032924
2012-12-26 00:00:00+08:00,0.421443,0.423459,0.421443,0.423459,421300,0.000000,0.000000,1.036957
2012-12-27 00:00:00+08:00,0.421443,0.429508,0.421443,0.427492,1180300,0.000000,0.000000,1.040990
2012-12-28 00:00:00+08:00,0.427492,0.437574,0.427492,0.431525,1438800,0.000000,0.000000,1.045023
2012-12-31 00:00:00+08:00,0.431525,0.431525,0.427492,0.427492,486200,0.000000,0.000000,1.040990
2013-01-02 00:00:00+08:00,0.429508,0.431525,0.429508,0.431525,624800,0.000000,0.000000,1.045023
2013-01-03 00:00:00+08:00,0.431525,0.433541,0.429508,0.431525,701800,0.000000,0.000000,1.045023
2013-01-04 00:00:00+08:00,0.431525,0.433541,0.431525,0.433541,304700,0.000000,0.000000,1.047039
2013-01-07 00:00:00+08:00,0.431525,0.433541,0.431525,0.431525,751300,0.000000,0.000000,1.045023
2013-01-08 00:00:00+08:00,0.431525,0.431525,0.429508,0.431525,242000,0.000000,0.000000,1.045023
2013-01-09 00:00:00+08:00,0.431525,0.431525,0.429508,0.431525,360800,0.000000,0.000000,1.045023
2013-01-10 00:00:00+08:00,0.431525,0.431525,0.429508,0.431525,184800,0.000000,0.000000,1.045023
2013-01-11 00:00:00+08:00,0.431525,0.433541,0.421443,0.425475,1277100,0.000000,0.000000,1.038973
2013-01-14 00:00:00+08:00,0.427492,0.429508,0.423459,0.425475,1224300,0.000000,0.000000,1.038973
2013-01-15 00:00:00+08:00,0.425475,0.427492,0.425475,0.427492,378400,0.000000,0.000000,1.040990
2013-01-16 00:00:00+08:00,0.427492,0.427492,0.423459,0.427492,810700,0.000000,0.000000,1.040990
2013-01-17 00:00:00+08:00,0.425475,0.427492,0.423459,0.425475,293700,0.000000,0.000000,1.038973
2013-01-18 00:00:00+08:00,0.427492,0.427492,0.423459,0.423459,822800,0.000000,0.000000,1.036957
2013-01-21 00:00:00+08:00,0.425475,0.429508,0.425475,0.429508,498300,0.000000,0.000000,1.043006
2013-01-22 00:00:00+08:00,0.429508,0.429508,0.429508,0.429508,715000,0.000000,0.000000,1.043006
2013-01-23 00:00:00+08:00,0.429508,0.431525,0.429508,0.431525,383900,0.000000,0.000000,1.045023
2013-01-24 00:00:00+08:00,0.429508,0.433541,0.429508,0.433541,1067000,0.000000,0.000000,1.047039
2013-01-25 00:00:00+08:00,0.433541,0.435558,0.433541,0.435558,938300,0.000000,0.000000,1.049056
2013-01-28 00:00:00+08:00,0.435558,0.439591,0.435558,0.439591,1232000,0.000000,0.000000,1.053089
2013-01-29 00:00:00+08:00,0.438373,0.438373,0.434314,0.434314,792000,0.006364,0.000000,1.041448
2013-01-30 00:00:00+08:00,0.434314,0.434314,0.430255,0.432284,525800,0.000000,0.000000,1.039418
2013-01-31 00:00:00+08:00,0.430255,0.434314,0.430255,0.434314,686400,0.000000,0.000000,1.041448
2013-02-01 00:00:00+08:00,0.434314,0.436344,0.432285,0.434314,1379400,0.000000,0.000000,1.041448
2013-02-04 00:00:00+08:00,0.436344,0.436344,0.434314,0.436344,883300,0.000000,0.000000,1.043478
2013-02-05 00:00:00+08:00,0.436344,0.436344,0.434314,0.436344,541200,0.000000,0.000000,1.043478
2013-02-06 00:00:00+08:00,0.436344,0.440403,0.434314,0.440403,1706100,0.000000,0.000000,1.047537
2013-02-07 00:00:00+08:00,0.436344,0.440403,0.434314,0.440403,629200,0.000000,0.000000,1.047537
2013-02-08 00:00:00+08:00,0.438373,0.440403,0.436344,0.436344,411400,0.000000,0.000000,1.043478
2013-02-13 00:00:00+08:00,0.438373,0.440403,0.436344,0.436344,676500,0.000000,0.000000,1.043478
2013-02-14 00:00:00+08:00,0.436344,0.440403,0.436344,0.440403,636900,0.000000,0.000000,1.047537
2013-02-15 00:00:00+08:00,0.438373,0.440403,0.438373,0.440403,191400,0.000000,0.000000,1.047537
2013-02-18 00:00:00+08:00,0.440403,0.448521,0.438373,0.444462,1181400,0.000000,0.000000,1.051596
2013-02-19 00:00:00+08:00,0.444462,0.452580,0.444462,0.446491,712800,0.000000,0.000000,1.053625
2013-02-20 00:00:00+08:00,0.444462,0.450550,0.444462,0.446491,504900,0.000000,0.000000,1.053625
2013-02-21 00:00:00+08:00,0.448521,0.448521,0.444462,0.444462,874500,0.000000,0.000000,1.051596
2013-02-22 00:00:00+08:00,0.446491,0.450550,0.444462,0.446491,532400,0.000000,0.000000,1.053625
2013-02-25 00:00:00+08:00,0.446491,0.448521,0.446491,0.446491,497200,0.000000,0.000000,1.053625
2013-02-26 00:00:00+08:00,0.446491,0.448521,0.444462,0.446491,294800,0.000000,0.000000,1.053625
2013-02-27 00:00:00+08:00,0.446491,0.452580,0.444462,0.450550,948200,0.000000,0.000000,1.057684
2013-02-28 00:00:00+08:00,0.454609,0.458668,0.450550,0.458668,1104400,0.000000,0.000000,1.065802
2013-03-01 00:00:00+08:00,0.458668,0.460698,0.454609,0.456639,524700,0.000000,0.000000,1.063773
2013-03-04 00:00:00+08:00,0.454609,0.458668,0.452580,0.458668,839300,0.000000,0.000000,1.065802
2013-03-05 00:00:00+08:00,0.456639,0.460698,0.454609,0.456639,653400,0.000000,0.000000,1.063773
2013-03-06 00:00:00+08:00,0.456639,0.460698,0.456639,0.456639,324500,0.000000,0.000000,1.063773
2013-03-07 00:00:00+08:00,0.458668,0.458668,0.456639,0.458668,402600,0.000000,0.000000,1.065802
2013-03-08 00:00:00+08:00,0.458668,0.462727,0.456639,0.460698,411400,0.000000,0.000000,1.067832
2013-03-11 00:00:00+08:00,0.462727,0.470845,0.462727,0.468816,1401400,0.000000,0.000000,1.075950
2013-03-12 00:00:00+08:00,0.470845,0.470845,0.464757,0.468816,798600,0.000000,0.000000,1.075950
2013-03-13 00:00:00+08:00,0.472875,0.472875,0.468816,0.470845,614900,0.000000,0.000000,1.077979
2013-03-14 00:00:00+08:00,0.470845,0.470845,0.466786,0.468816,1004300,0.000000,0.000000,1.075950
2013-03-15 00:00:00+08:00,0.466786,0.487081,0.466786,0.487081,2695000,0.000000,0.000000,1.094215
2013-03-18 00:00:00+08:00,0.478963,0.480993,0.474904,0.480993,642400,0.000000,0.000000,1.088127
2013-03-19 00:00:00+08:00,0.480993,0.480993,0.476934,0.476934,187000,0.000000,0.000000,1.084068
2013-03-20 00:00:00+08:00,0.478963,0.487082,0.478963,0.485052,1571900,0.000000,0.000000,1.092186
2013-03-21 00:00:00+08:00,0.485052,0.487081,0.483022,0.487081,828300,0.000000,0.000000,1.094215
2013-03-22 00:00:00+08:00,0.483022,0.487081,0.478963,0.487081,760100,0.000000,0.000000,1.094215
2013-03-25 00:00:00+08:00,0.485052,0.487082,0.480993,0.485052,397100,0.000000,0.000000,1.092186
2013-03-26 00:00:00+08:00,0.485052,0.487082,0.480993,0.485052,665500,0.000000,0.000000,1.092186
2013-03-27 00:00:00+08:00,0.487081,0.499258,0.487081,0.499258,1868900,0.000000,0.000000,1.106392
2013-03-28 00:00:00+08:00,0.503317,0.507376,0.501288,0.507376,1386000,0.000000,0.000000,1.114510
2013-04-01 00:00:00+08:00,0.507376,0.507376,0.505347,0.507376,620400,0.000000,0.000000,1.114510
2013-04-02 00:00:00+08:00,0.507376,0.511435,0.505347,0.505347,875600,0.000000,0.000000,1.112481
2013-04-03 00:00:00+08:00,0.507376,0.515494,0.507376,0.515494,958100,0.000000,0.000000,1.122628
2013-04-04 00:00:00+08:00,0.509406,0.513465,0.509406,0.513465,431200,0.000000,0.000000,1.120599
2013-04-05 00:00:00+08:00,0.513465,0.517524,0.511435,0.517524,666600,0.000000,0.000000,1.124658
2013-04-08 00:00:00+08:00,0.515494,0.515494,0.513465,0.513465,368500,0.000000,0.000000,1.120599
2013-04-09 00:00:00+08:00,0.513465,0.523613,0.511435,0.523613,710600,0.000000,0.000000,1.130747
2013-04-10 00:00:00+08:00,0.521583,0.523613,0.519553,0.523613,546700,0.000000,0.000000,1.130747
2013-04-11 00:00:00+08:00,0.523613,0.529701,0.521583,0.525642,1137400,0.000000,0.000000,1.132776
2013-04-12 00:00:00+08:00,0.523613,0.527672,0.523613,0.525642,612700,0.000000,0.000000,1.132776
2013-04-15 00:00:00+08:00,0.525642,0.529701,0.525642,0.527672,652300,0.000000,0.000000,1.134806
2013-04-16 00:00:00+08:00,0.521583,0.527672,0.521583,0.525642,1818300,0.000000,0.000000,1.132776
2013-04-17 00:00:00+08:00,0.525642,0.539848,0.525642,0.539848,878900,0.000000,0.000000,1.146982
2013-04-18 00:00:00+08:00,0.539848,0.547966,0.533760,0.545937,744700,0.000000,0.000000,1.153071
2013-04-19 00:00:00+08:00,0.545937,0.549996,0.545937,0.549996,490600,0.000000,0.000000,1.157130
2013-04-22 00:00:00+08:00,0.547966,0.558114,0.547966,0.558114,386100,0.000000,0.000000,1.165248
2013-04-23 00:00:00+08:00,0.558114,0.570291,0.558114,0.568262,1327700,0.000000,0.000000,1.175396
2013-04-24 00:00:00+08:00,0.568262,0.574350,0.566232,0.570291,5545100,0.000000,0.000000,1.177425
2013-04-25 00:00:00+08:00,0.570291,0.580439,0.570291,0.580439,2385900,0.000000,0.000000,1.187573
2013-04-26 00:00:00+08:00,0.578409,0.588556,0.578409,0.584497,2079000,0.000000,0.000000,1.191631
2013-04-29 00:00:00+08:00,0.589592,0.593701,0.589592,0.593701,776600,0.015818,0.000000,1.185017
2013-04-30 00:00:00+08:00,0.589592,0.591647,0.575212,0.589592,1452000,0.000000,0.000000,1.180908
2013-05-02 00:00:00+08:00,0.583430,0.585484,0.579321,0.585484,717200,0.000000,0.000000,1.176800
2013-05-03 00:00:00+08:00,0.583429,0.585484,0.577266,0.579321,448800,0.000000,0.000000,1.170637
2013-05-06 00:00:00+08:00,0.581375,0.583429,0.579321,0.579321,552200,0.000000,0.000000,1.170637
2013-05-07 00:00:00+08:00,0.579321,0.579321,0.558777,0.564941,1844700,0.000000,0.000000,1.156257
2013-05-08 00:00:00+08:00,0.564940,0.581375,0.564940,0.581375,1588400,0.000000,0.000000,1.172691
2013-05-09 00:00:00+08:00,0.583430,0.589592,0.581375,0.585484,922900,0.000000,0.000000,1.176800
2013-05-10 00:00:00+08:00,0.585484,0.589592,0.585484,0.585484,770000,0.000000,0.000000,1.176800
2013-05-13 00:00:00+08:00,0.585484,0.587538,0.575212,0.583430,688600,0.000000,0.000000,1.174746
2013-05-14 00:00:00+08:00,0.583430,0.587538,0.581375,0.583430,443300,0.000000,0.000000,1.174746
2013-05-15 00:00:00+08:00,0.581375,0.591646,0.581375,0.591646,544500,0.000000,0.000000,1.182962
2013-05-16 00:00:00+08:00,0.589592,0.593701,0.589592,0.591646,338800,0.000000,0.000000,1.182962
2013-05-17 00:00:00+08:00,0.589495,0.595701,0.587427,0.589495,391600,0.008909,0.000000,1.171902
2013-05-20 00:00:00+08:00,0.587427,0.591564,0.570880,0.579154,1290300,0.000000,0.000000,1.161561
2013-05-21 00:00:00+08:00,0.579153,0.581222,0.570880,0.577085,1295800,0.000000,0.000000,1.159492
2013-05-22 00:00:00+08:00,0.575017,0.585359,0.570880,0.579154,669900,0.000000,0.000000,1.161561
2013-05-23 00:00:00+08:00,0.575017,0.575017,0.550196,0.560538,3978700,0.000000,0.000000,1.142945
2013-05-27 00:00:00+08:00,0.560538,0.562606,0.552264,0.552264,1623600,0.000000,0.000000,1.134671
2013-05-28 00:00:00+08:00,0.550195,0.554332,0.543990,0.554332,1431100,0.000000,0.000000,1.136739
2013-05-29 00:00:00+08:00,0.560538,0.564675,0.531580,0.531580,2082300,0.000000,0.000000,1.113987
2013-05-30 00:00:00+08:00,0.531580,0.531580,0.486075,0.521238,6548300,0.000000,0.000000,1.103645
2013-05-31 00:00:00+08:00,0.521238,0.535717,0.512964,0.535717,2021800,0.000000,0.000000,1.118124
2013-06-03 00:00:00+08:00,0.517101,0.525375,0.506759,0.519170,1305700,0.000000,0.000000,1.101577
2013-06-04 00:00:00+08:00,0.517101,0.529512,0.515033,0.525375,1285900,0.000000,0.000000,1.107782
2013-06-05 00:00:00+08:00,0.525375,0.527443,0.521238,0.525375,795300,0.000000,0.000000,1.107782
2013-06-06 00:00:00+08:00,0.517101,0.519170,0.508827,0.519170,891000,0.000000,0.000000,1.101577
2013-06-07 00:00:00+08:00,0.517101,0.517101,0.508827,0.510896,1152800,0.000000,0.000000,1.093303
2013-06-10 00:00:00+08:00,0.515033,0.517101,0.512964,0.512964,598400,0.000000,0.000000,1.095371
2013-06-11 00:00:00+08:00,0.517101,0.517101,0.500554,0.504691,1309000,0.000000,0.000000,1.087098
2013-06-12 00:00:00+08:00,0.496417,0.496417,0.484007,0.492280,4016100,0.000000,0.000000,1.074687
2013-06-13 00:00:00+08:00,0.486075,0.490212,0.475733,0.484007,4603500,0.000000,0.000000,1.066414
2013-06-14 00:00:00+08:00,0.486075,0.494349,0.484007,0.490212,1498200,0.000000,0.000000,1.072619
2013-06-17 00:00:00+08:00,0.490212,0.500554,0.486075,0.496417,1299100,0.000000,0.000000,1.078824
2013-06-18 00:00:00+08:00,0.500554,0.523307,0.500554,0.512964,1553200,0.000000,0.000000,1.095371
2013-06-19 00:00:00+08:00,0.521238,0.523307,0.506759,0.508828,1522400,0.000000,0.000000,1.091235
2013-06-20 00:00:00+08:00,0.500554,0.506759,0.496417,0.502622,804100,0.000000,0.000000,1.085029
2013-06-21 00:00:00+08:00,0.492280,0.494349,0.484007,0.488144,2207700,0.000000,0.000000,1.070551
2013-06-24 00:00:00+08:00,0.488144,0.496417,0.484007,0.486075,795300,0.000000,0.000000,1.068482
2013-06-25 00:00:00+08:00,0.484007,0.488144,0.477802,0.479870,1133000,0.000000,0.000000,1.062277
2013-06-26 00:00:00+08:00,0.484007,0.484007,0.481938,0.484007,766700,0.000000,0.000000,1.066414
2013-06-27 00:00:00+08:00,0.486075,0.492280,0.486075,0.488144,1211100,0.000000,0.000000,1.070551
2013-06-28 00:00:00+08:00,0.492280,0.502622,0.488143,0.502622,2109800,0.000000,0.000000,1.085029
2013-07-01 00:00:00+08:00,0.500554,0.502622,0.496417,0.502622,352000,0.000000,0.000000,1.085029
2013-07-02 00:00:00+08:00,0.506759,0.508828,0.502622,0.508828,882200,0.000000,0.000000,1.091235
2013-07-03 00:00:00+08:00,0.508827,0.508827,0.496417,0.496417,497200,0.000000,0.000000,1.078824
2013-07-04 00:00:00+08:00,0.504691,0.508828,0.502622,0.508828,361900,0.000000,0.000000,1.091235
2013-07-05 00:00:00+08:00,0.508828,0.510896,0.504691,0.508828,255200,0.000000,0.000000,1.091235
2013-07-08 00:00:00+08:00,0.508827,0.508827,0.492280,0.492280,620400,0.000000,0.000000,1.074687
2013-07-09 00:00:00+08:00,0.500554,0.506759,0.496417,0.506759,282700,0.000000,0.000000,1.089166
2013-07-10 00:00:00+08:00,0.500554,0.504691,0.492280,0.500554,243100,0.000000,0.000000,1.082961
2013-07-11 00:00:00+08:00,0.496417,0.504691,0.496417,0.500554,1065900,0.000000,0.000000,1.082961
2013-07-12 00:00:00+08:00,0.506759,0.506759,0.500554,0.504691,608300,0.000000,0.000000,1.087098
2013-07-15 00:00:00+08:00,0.504691,0.506759,0.494349,0.500554,954800,0.000000,0.000000,1.082961
2013-07-16 00:00:00+08:00,0.498485,0.500554,0.498485,0.498485,24200,0.000000,0.000000,1.080892
2013-07-17 00:00:00+08:00,0.496417,0.498485,0.494349,0.498485,537900,0.000000,0.000000,1.080892
2013-07-18 00:00:00+08:00,0.496417,0.498485,0.494349,0.496417,140800,0.000000,0.000000,1.078824
2013-07-19 00:00:00+08:00,0.494349,0.496417,0.494349,0.496417,121000,0.000000,0.000000,1.078824
2013-07-22 00:00:00+08:00,0.498485,0.498485,0.488144,0.490212,1094500,0.000000,0.000000,1.072619
2013-07-23 00:00:00+08:00,0.494349,0.500554,0.492280,0.494349,627000,0.000000,0.000000,1.076756
2013-07-24 00:00:00+08:00,0.492280,0.498485,0.492280,0.498485,974600,0.000000,0.000000,1.080892
2013-07-25 00:00:00+08:00,0.496417,0.498485,0.492280,0.492280,520300,0.000000,0.000000,1.074687
2013-07-26 00:00:00+08:00,0.492280,0.498485,0.492280,0.498485,243100,0.000000,0.000000,1.080892
2013-07-29 00:00:00+08:00,0.500554,0.502622,0.498485,0.500554,690800,0.000000,0.000000,1.082961
2013-07-30 00:00:00+08:00,0.498486,0.508828,0.498486,0.506759,944900,0.000000,0.000000,1.089166
2013-07-31 00:00:00+08:00,0.504690,0.504690,0.500554,0.502622,468600,0.000000,0.000000,1.085029
2013-08-01 00:00:00+08:00,0.500554,0.504690,0.500554,0.502622,163900,0.000000,0.000000,1.085029
2013-08-02 00:00:00+08:00,0.506205,0.508288,0.502039,0.504122,686400,0.007818,0.000000,1.078711
2013-08-05 00:00:00+08:00,0.506205,0.506205,0.504122,0.506205,265100,0.000000,0.000000,1.080794
2013-08-06 00:00:00+08:00,0.506205,0.506205,0.495790,0.499956,504900,0.000000,0.000000,1.074545
2013-08-07 00:00:00+08:00,0.495790,0.502039,0.495790,0.499956,172700,0.000000,0.000000,1.074545
2013-08-12 00:00:00+08:00,0.502039,0.502039,0.493706,0.497873,581900,0.000000,0.000000,1.072462
2013-08-13 00:00:00+08:00,0.499956,0.499956,0.491623,0.495790,814000,0.000000,0.000000,1.070379
2013-08-14 00:00:00+08:00,0.495790,0.495790,0.493706,0.495790,358600,0.000000,0.000000,1.070379
2013-08-15 00:00:00+08:00,0.491623,0.495790,0.489540,0.489540,442200,0.000000,0.000000,1.064129
2013-08-16 00:00:00+08:00,0.489540,0.491623,0.485374,0.489540,217800,0.000000,0.000000,1.064129
2013-08-19 00:00:00+08:00,0.485374,0.487457,0.460376,0.462459,2565200,0.000000,0.000000,1.037048
2013-08-20 00:00:00+08:00,0.458293,0.458293,0.420796,0.424962,8960600,0.000000,0.000000,0.999551
2013-08-21 00:00:00+08:00,0.424962,0.429129,0.416630,0.424962,2399100,0.000000,0.000000,0.999551
2013-08-22 00:00:00+08:00,0.424962,0.429129,0.418713,0.420796,2192300,0.000000,0.000000,0.995385
2013-08-23 00:00:00+08:00,0.418713,0.441628,0.416630,0.437461,3736700,0.000000,0.000000,1.012050
2013-08-26 00:00:00+08:00,0.439544,0.447877,0.431212,0.437461,1497100,0.000000,0.000000,1.012050
2013-08-27 00:00:00+08:00,0.435378,0.435378,0.424962,0.435378,1359600,0.000000,0.000000,1.009967
2013-08-28 00:00:00+08:00,0.431212,0.433295,0.418713,0.422879,1940400,0.000000,0.000000,0.997468
2013-08-29 00:00:00+08:00,0.427046,0.429129,0.424962,0.427046,943800,0.000000,0.000000,1.001635
2013-08-30 00:00:00+08:00,0.429129,0.433295,0.429129,0.429129,1155000,0.000000,0.000000,1.003718
2013-09-02 00:00:00+08:00,0.437461,0.437461,0.431212,0.435378,965800,0.000000,0.000000,1.009967
2013-09-03 00:00:00+08:00,0.439544,0.441628,0.435378,0.441628,415800,0.000000,0.000000,1.016217
2013-09-04 00:00:00+08:00,0.437461,0.437461,0.431212,0.435378,612700,0.000000,0.000000,1.009967
2013-09-05 00:00:00+08:00,0.435378,0.437461,0.431212,0.435378,403700,0.000000,0.000000,1.009967
2013-09-06 00:00:00+08:00,0.435378,0.435378,0.420796,0.422879,2407900,0.000000,0.000000,0.997468
2013-09-09 00:00:00+08:00,0.429129,0.433295,0.424962,0.433295,412500,0.000000,0.000000,1.007884
2013-09-10 00:00:00+08:00,0.431212,0.437461,0.431212,0.437461,536800,0.000000,0.000000,1.012050
2013-09-11 00:00:00+08:00,0.435378,0.435378,0.431212,0.433295,356400,0.000000,0.000000,1.007884
2013-09-12 00:00:00+08:00,0.435378,0.437461,0.433295,0.435378,577500,0.000000,0.000000,1.009967
2013-09-13 00:00:00+08:00,0.435378,0.435378,0.431212,0.431212,581900,0.000000,0.000000,1.005801
2013-09-16 00:00:00+08:00,0.435378,0.447877,0.435378,0.447877,1074700,0.000000,0.000000,1.022466
2013-09-17 00:00:00+08:00,0.447877,0.449960,0.441628,0.441628,1428900,0.000000,0.000000,1.016217
2013-09-18 00:00:00+08:00,0.443711,0.445794,0.437462,0.439544,2186800,0.000000,0.000000,1.014133
2013-09-19 00:00:00+08:00,0.452043,0.458293,0.452043,0.454127,3781800,0.000000,0.000000,1.028716
2013-09-20 00:00:00+08:00,0.458293,0.458293,0.454127,0.456210,553300,0.000000,0.000000,1.030799
2013-09-23 00:00:00+08:00,0.454127,0.458293,0.452043,0.454127,1128600,0.000000,0.000000,1.028716
2013-09-24 00:00:00+08:00,0.452043,0.456210,0.452043,0.454127,1102200,0.000000,0.000000,1.028716
2013-09-25 00:00:00+08:00,0.456210,0.460376,0.456210,0.458293,717200,0.000000,0.000000,1.032882
2013-09-26 00:00:00+08:00,0.458293,0.460376,0.454127,0.454127,689700,0.000000,0.000000,1.028716
2013-09-27 00:00:00+08:00,0.458293,0.460376,0.458293,0.460376,658900,0.000000,0.000000,1.034965
2013-09-30 00:00:00+08:00,0.460376,0.470792,0.460376,0.464542,800800,0.000000,0.000000,1.039131
2013-10-01 00:00:00+08:00,0.462459,0.466625,0.454127,0.466625,442200,0.000000,0.000000,1.041214
2013-10-02 00:00:00+08:00,0.466625,0.466625,0.458293,0.458293,45100,0.000000,0.000000,1.032882
2013-10-03 00:00:00+08:00,0.456210,0.460376,0.452043,0.454127,498300,0.000000,0.000000,1.028716
2013-10-04 00:00:00+08:00,0.458293,0.458293,0.449960,0.449960,127600,0.000000,0.000000,1.024549
2013-10-07 00:00:00+08:00,0.449960,0.454127,0.445794,0.445794,291500,0.000000,0.000000,1.020383
2013-10-08 00:00:00+08:00,0.445794,0.447877,0.441628,0.443711,753500,0.000000,0.000000,1.018300
2013-10-09 00:00:00+08:00,0.441628,0.458293,0.441628,0.458293,812900,0.000000,0.000000,1.032882
2013-10-10 00:00:00+08:00,0.458293,0.458293,0.452043,0.452043,337700,0.000000,0.000000,1.026632
2013-10-11 00:00:00+08:00,0.452043,0.460376,0.452043,0.460376,576400,0.000000,0.000000,1.034965
2013-10-14 00:00:00+08:00,0.460376,0.460376,0.458293,0.460376,116600,0.000000,0.000000,1.034965
2013-10-16 00:00:00+08:00,0.458293,0.462459,0.456210,0.460376,411400,0.000000,0.000000,1.034965
2013-10-17 00:00:00+08:00,0.464542,0.466625,0.462459,0.466625,298100,0.000000,0.000000,1.041214
2013-10-18 00:00:00+08:00,0.466625,0.466625,0.462459,0.466625,181500,0.000000,0.000000,1.041214
2013-10-21 00:00:00+08:00,0.466625,0.470792,0.464542,0.466625,398200,0.000000,0.000000,1.041214
2013-10-22 00:00:00+08:00,0.466625,0.468709,0.462459,0.464542,212300,0.000000,0.000000,1.039131
2013-10-23 00:00:00+08:00,0.466625,0.468709,0.464542,0.466625,229900,0.000000,0.000000,1.041214
2013-10-24 00:00:00+08:00,0.466625,0.470792,0.458293,0.460376,649000,0.000000,0.000000,1.034965
2013-10-25 00:00:00+08:00,0.464542,0.468709,0.462459,0.468709,53900,0.000000,0.000000,1.043298
2013-10-28 00:00:00+08:00,0.472875,0.477042,0.472875,0.474958,641300,0.000000,0.000000,1.049547
2013-10-29 00:00:00+08:00,0.474958,0.477041,0.472875,0.472875,463100,0.000000,0.000000,1.047464
2013-10-30 00:00:00+08:00,0.474958,0.474958,0.470792,0.472875,891000,0.000000,0.000000,1.047464
2013-10-31 00:00:00+08:00,0.474825,0.476945,0.470585,0.470585,468600,0.017818,0.000000,1.027356
2013-11-01 00:00:00+08:00,0.470585,0.470585,0.466346,0.466346,244200,0.000000,0.000000,1.023117
2013-11-05 00:00:00+08:00,0.464226,0.470585,0.462107,0.470585,165000,0.000000,0.000000,1.027356
2013-11-06 00:00:00+08:00,0.466346,0.466346,0.459987,0.464226,627000,0.000000,0.000000,1.020997
2013-11-07 00:00:00+08:00,0.459987,0.462107,0.457867,0.459987,444400,0.000000,0.000000,1.016758
2013-11-08 00:00:00+08:00,0.457867,0.466346,0.457867,0.462107,261800,0.000000,0.000000,1.018878
2013-11-11 00:00:00+08:00,0.459987,0.464226,0.455747,0.457867,509300,0.000000,0.000000,1.014638
2013-11-12 00:00:00+08:00,0.457867,0.459987,0.457867,0.457867,387200,0.000000,0.000000,1.014638
2013-11-13 00:00:00+08:00,0.457867,0.457867,0.451508,0.453628,734800,0.000000,0.000000,1.010399
2013-11-14 00:00:00+08:00,0.455747,0.457867,0.449388,0.453628,457600,0.000000,0.000000,1.010399
2013-11-15 00:00:00+08:00,0.453627,0.455747,0.451507,0.455747,157300,0.000000,0.000000,1.012518
2013-11-18 00:00:00+08:00,0.457867,0.459987,0.451507,0.455747,566500,0.000000,0.000000,1.012518
2013-11-19 00:00:00+08:00,0.457867,0.457867,0.453627,0.455747,349800,0.000000,0.000000,1.012518
2013-11-20 00:00:00+08:00,0.455747,0.455747,0.449388,0.453628,418000,0.000000,0.000000,1.010399
2013-11-21 00:00:00+08:00,0.451507,0.453627,0.449388,0.451507,249700,0.000000,0.000000,1.008278
2013-11-22 00:00:00+08:00,0.453628,0.453628,0.447268,0.449388,1053800,0.000000,0.000000,1.006159
2013-11-25 00:00:00+08:00,0.455747,0.457867,0.449388,0.455747,193600,0.000000,0.000000,1.012518
2013-11-26 00:00:00+08:00,0.459987,0.470585,0.455747,0.470585,785400,0.000000,0.000000,1.027356
2013-11-27 00:00:00+08:00,0.466346,0.468466,0.457867,0.462107,141900,0.000000,0.000000,1.018878
2013-11-28 00:00:00+08:00,0.459987,0.466346,0.457867,0.464226,62700,0.000000,0.000000,1.020997
2013-11-29 00:00:00+08:00,0.459987,0.464226,0.459987,0.464226,144100,0.000000,0.000000,1.020997
2013-12-02 00:00:00+08:00,0.466346,0.466346,0.459987,0.466346,298100,0.000000,0.000000,1.023117
2013-12-03 00:00:00+08:00,0.466346,0.468466,0.457867,0.459987,694100,0.000000,0.000000,1.016758
2013-12-04 00:00:00+08:00,0.459987,0.466346,0.459987,0.464226,1190200,0.000000,0.000000,1.020997
2013-12-05 00:00:00+08:00,0.459987,0.466346,0.455747,0.457867,380600,0.000000,0.000000,1.014638
2013-12-06 00:00:00+08:00,0.453628,0.457867,0.453628,0.457867,228800,0.000000,0.000000,1.014638
2013-12-09 00:00:00+08:00,0.453627,0.455747,0.449388,0.451507,401500,0.000000,0.000000,1.008278
2013-12-10 00:00:00+08:00,0.449388,0.451508,0.440909,0.445148,738100,0.000000,0.000000,1.001919
2013-12-11 00:00:00+08:00,0.445148,0.447268,0.440909,0.445148,404800,0.000000,0.000000,1.001919
2013-12-12 00:00:00+08:00,0.443029,0.443029,0.438789,0.438789,421300,0.000000,0.000000,0.995560
2013-12-13 00:00:00+08:00,0.438789,0.443029,0.438789,0.440909,236500,0.000000,0.000000,0.997680
2013-12-16 00:00:00+08:00,0.440909,0.453628,0.440909,0.445148,95700,0.000000,0.000000,1.001919
2013-12-17 00:00:00+08:00,0.445148,0.447268,0.445148,0.445148,678700,0.000000,0.000000,1.001919
2013-12-18 00:00:00+08:00,0.445148,0.447268,0.440909,0.440909,617100,0.000000,0.000000,0.997680
2013-12-19 00:00:00+08:00,0.445148,0.447268,0.443029,0.445148,398200,0.000000,0.000000,1.001919
2013-12-20 00:00:00+08:00,0.438789,0.445148,0.436669,0.440909,1153900,0.000000,0.000000,0.997680
2013-12-23 00:00:00+08:00,0.445148,0.445148,0.436669,0.436669,1696200,0.000000,0.000000,0.993440
2013-12-24 00:00:00+08:00,0.436669,0.440909,0.436669,0.436669,284900,0.000000,0.000000,0.993440
2013-12-26 00:00:00+08:00,0.440909,0.443029,0.440909,0.443029,149600,0.000000,0.000000,0.999800
2013-12-27 00:00:00+08:00,0.445148,0.445148,0.443029,0.445148,467500,0.000000,0.000000,1.001919
2013-12-30 00:00:00+08:00,0.445148,0.447268,0.443029,0.447268,335500,0.000000,0.000000,1.004039
2013-12-31 00:00:00+08:00,0.449388,0.451508,0.447268,0.449388,350900,0.000000,0.000000,1.006159
2014-01-02 00:00:00+08:00,0.451508,0.451508,0.447268,0.449388,391600,0.000000,0.000000,1.006159
2014-01-03 00:00:00+08:00,0.449388,0.449388,0.443029,0.443029,378400,0.000000,0.000000,0.999800
2014-01-06 00:00:00+08:00,0.447268,0.447268,0.440909,0.440909,554400,0.000000,0.000000,0.997680
2014-01-07 00:00:00+08:00,0.440909,0.445149,0.440909,0.443029,299200,0.000000,0.000000,0.999800
2014-01-08 00:00:00+08:00,0.443029,0.445148,0.440909,0.440909,388300,0.000000,0.000000,0.997680
2014-01-09 00:00:00+08:00,0.443029,0.449388,0.440909,0.445148,331100,0.000000,0.000000,1.001919
2014-01-10 00:00:00+08:00,0.445148,0.451507,0.445148,0.451507,521400,0.000000,0.000000,1.008278
2014-01-13 00:00:00+08:00,0.453628,0.453628,0.447268,0.447268,171600,0.000000,0.000000,1.004039
2014-01-14 00:00:00+08:00,0.447268,0.449388,0.443029,0.443029,253000,0.000000,0.000000,0.999800
2014-01-15 00:00:00+08:00,0.443029,0.445149,0.440909,0.443029,700700,0.000000,0.000000,0.999800
2014-01-16 00:00:00+08:00,0.443029,0.445148,0.440909,0.440909,530200,0.000000,0.000000,0.997680
2014-01-17 00:00:00+08:00,0.443029,0.443029,0.440909,0.443029,368500,0.000000,0.000000,0.999800
2014-01-20 00:00:00+08:00,0.447268,0.449388,0.445148,0.447268,575300,0.000000,0.000000,1.004039
2014-01-21 00:00:00+08:00,0.447268,0.449388,0.447268,0.447268,689700,0.000000,0.000000,1.004039
2014-01-22 00:00:00+08:00,0.449388,0.451507,0.447268,0.451507,682000,0.000000,0.000000,1.008278
2014-01-23 00:00:00+08:00,0.453538,0.453538,0.449218,0.449218,583000,0.017909,0.000000,0.988080
2014-01-24 00:00:00+08:00,0.449218,0.455697,0.447059,0.453538,895400,0.000000,0.000000,0.992400
2014-01-27 00:00:00+08:00,0.453538,0.453538,0.442739,0.447059,776600,0.000000,0.000000,0.985921
2014-01-28 00:00:00+08:00,0.440579,0.449218,0.440579,0.447059,690800,0.000000,0.000000,0.985921
2014-01-29 00:00:00+08:00,0.447059,0.449218,0.447059,0.447059,900900,0.000000,0.000000,0.985921
2014-01-30 00:00:00+08:00,0.449218,0.449218,0.444899,0.449218,200200,0.000000,0.000000,0.988080
2014-02-03 00:00:00+08:00,0.449218,0.449218,0.444899,0.444899,222200,0.000000,0.000000,0.983761
2014-02-04 00:00:00+08:00,0.444899,0.447059,0.440579,0.442739,682000,0.000000,0.000000,0.981601
2014-02-05 00:00:00+08:00,0.444899,0.444899,0.438420,0.440579,585200,0.000000,0.000000,0.979441
2014-02-06 00:00:00+08:00,0.440579,0.440579,0.438420,0.440579,331100,0.000000,0.000000,0.979441
2014-02-07 00:00:00+08:00,0.442739,0.442739,0.440579,0.440579,211200,0.000000,0.000000,0.979441
2014-02-10 00:00:00+08:00,0.438420,0.442739,0.438420,0.440579,476300,0.000000,0.000000,0.979441
2014-02-11 00:00:00+08:00,0.440579,0.440579,0.438420,0.440579,257400,0.000000,0.000000,0.979441
2014-02-12 00:00:00+08:00,0.440579,0.442739,0.438420,0.442739,915200,0.000000,0.000000,0.981601
2014-02-13 00:00:00+08:00,0.442739,0.442739,0.440579,0.442739,224400,0.000000,0.000000,0.981601
2014-02-14 00:00:00+08:00,0.442739,0.442739,0.440579,0.442739,244200,0.000000,0.000000,0.981601
2014-02-17 00:00:00+08:00,0.442739,0.451378,0.442739,0.449218,660000,0.000000,0.000000,0.988080
2014-02-18 00:00:00+08:00,0.449218,0.451378,0.447059,0.449218,821700,0.000000,0.000000,0.988080
2014-02-19 00:00:00+08:00,0.447059,0.451378,0.447059,0.449218,624800,0.000000,0.000000,0.988080
2014-02-20 00:00:00+08:00,0.449218,0.451378,0.447059,0.447059,767800,0.000000,0.000000,0.985921
2014-02-21 00:00:00+08:00,0.449218,0.449218,0.447059,0.449218,1371700,0.000000,0.000000,0.988080
2014-02-24 00:00:00+08:00,0.449218,0.451378,0.447059,0.447059,566500,0.000000,0.000000,0.985921
2014-02-25 00:00:00+08:00,0.449218,0.451378,0.447059,0.449218,1186900,0.000000,0.000000,0.988080
2014-02-26 00:00:00+08:00,0.449218,0.449218,0.447059,0.447059,481800,0.000000,0.000000,0.985921
2014-02-27 00:00:00+08:00,0.444899,0.449218,0.444899,0.447059,337700,0.000000,0.000000,0.985921
2014-02-28 00:00:00+08:00,0.447059,0.451378,0.447059,0.451378,522500,0.000000,0.000000,0.990240
2014-03-03 00:00:00+08:00,0.451378,0.455697,0.451378,0.451378,401500,0.000000,0.000000,0.990240
2014-03-04 00:00:00+08:00,0.451378,0.455697,0.449218,0.451378,335500,0.000000,0.000000,0.990240
2014-03-05 00:00:00+08:00,0.453538,0.460017,0.453538,0.460017,543400,0.000000,0.000000,0.998879
2014-03-06 00:00:00+08:00,0.460017,0.466496,0.460017,0.460017,738100,0.000000,0.000000,0.998879
2014-03-07 00:00:00+08:00,0.466496,0.468656,0.462177,0.468656,960300,0.000000,0.000000,1.007518
2014-03-10 00:00:00+08:00,0.468656,0.470816,0.466496,0.468656,294800,0.000000,0.000000,1.007518
2014-03-11 00:00:00+08:00,0.464336,0.472975,0.464336,0.468656,500500,0.000000,0.000000,1.007518
2014-03-12 00:00:00+08:00,0.472975,0.472975,0.464336,0.466496,289300,0.000000,0.000000,1.005358
2014-03-13 00:00:00+08:00,0.464336,0.470816,0.462177,0.462177,376200,0.000000,0.000000,1.001039
2014-03-14 00:00:00+08:00,0.460017,0.464336,0.460017,0.464336,209000,0.000000,0.000000,1.003198
2014-03-17 00:00:00+08:00,0.462177,0.464336,0.455697,0.462177,587400,0.000000,0.000000,1.001039
2014-03-18 00:00:00+08:00,0.468656,0.470816,0.464336,0.468656,534600,0.000000,0.000000,1.007518
2014-03-19 00:00:00+08:00,0.468655,0.470815,0.464336,0.464336,456500,0.000000,0.000000,1.003198
2014-03-20 00:00:00+08:00,0.462177,0.464336,0.462177,0.462177,166100,0.000000,0.000000,1.001039
2014-03-21 00:00:00+08:00,0.462177,0.464336,0.455697,0.455697,566500,0.000000,0.000000,0.994559
2014-03-24 00:00:00+08:00,0.462177,0.464336,0.453538,0.460017,1123100,0.000000,0.000000,0.998879
2014-03-25 00:00:00+08:00,0.460017,0.462177,0.457857,0.460017,794200,0.000000,0.000000,0.998879
2014-03-26 00:00:00+08:00,0.462177,0.464336,0.460017,0.462177,537900,0.000000,0.000000,1.001039
2014-03-27 00:00:00+08:00,0.464336,0.464336,0.457857,0.457857,478500,0.000000,0.000000,0.996719
2014-03-28 00:00:00+08:00,0.457857,0.460017,0.457857,0.457857,460900,0.000000,0.000000,0.996719
2014-03-31 00:00:00+08:00,0.460017,0.464336,0.457857,0.464336,671000,0.000000,0.000000,1.003198
2014-04-01 00:00:00+08:00,0.464336,0.468655,0.464336,0.466496,278300,0.000000,0.000000,1.005358
2014-04-02 00:00:00+08:00,0.466496,0.470815,0.466496,0.466496,181500,0.000000,0.000000,1.005358
2014-04-03 00:00:00+08:00,0.470816,0.475135,0.466496,0.475135,547800,0.000000,0.000000,1.013997
2014-04-04 00:00:00+08:00,0.475135,0.475135,0.472975,0.475135,249700,0.000000,0.000000,1.013997
2014-04-07 00:00:00+08:00,0.475135,0.477295,0.475135,0.475135,251900,0.000000,0.000000,1.013997
2014-04-08 00:00:00+08:00,0.477295,0.481614,0.477295,0.481614,412500,0.000000,0.000000,1.020476
2014-04-09 00:00:00+08:00,0.483773,0.485933,0.483773,0.483773,732600,0.000000,0.000000,1.022635
2014-04-10 00:00:00+08:00,0.485933,0.488093,0.481614,0.488093,518100,0.000000,0.000000,1.026955
2014-04-11 00:00:00+08:00,0.488093,0.488093,0.475135,0.479454,485100,0.000000,0.000000,1.018316
2014-04-14 00:00:00+08:00,0.479454,0.483773,0.479454,0.483773,275000,0.000000,0.000000,1.022635
2014-04-15 00:00:00+08:00,0.483773,0.494572,0.483773,0.488093,727100,0.000000,0.000000,1.026955
2014-04-16 00:00:00+08:00,0.490253,0.492412,0.490253,0.492412,630300,0.000000,0.000000,1.031274
2014-04-17 00:00:00+08:00,0.492412,0.494572,0.492412,0.492412,572000,0.000000,0.000000,1.031274
2014-04-21 00:00:00+08:00,0.496764,0.496764,0.492368,0.494567,551100,0.018091,0.000000,1.015338
2014-04-22 00:00:00+08:00,0.494567,0.494567,0.492368,0.492368,438900,0.000000,0.000000,1.013139
2014-04-23 00:00:00+08:00,0.492368,0.496764,0.487972,0.494567,765600,0.000000,0.000000,1.015338
2014-04-24 00:00:00+08:00,0.494567,0.496764,0.492368,0.496764,498300,0.000000,0.000000,1.017535
2014-04-25 00:00:00+08:00,0.496764,0.496764,0.492368,0.494567,501600,0.000000,0.000000,1.015338
2014-04-28 00:00:00+08:00,0.496765,0.501161,0.496765,0.501161,455400,0.000000,0.000000,1.021932
2014-04-29 00:00:00+08:00,0.501161,0.512151,0.501161,0.507755,710600,0.000000,0.000000,1.028526
2014-04-30 00:00:00+08:00,0.509953,0.512151,0.507755,0.509953,312400,0.000000,0.000000,1.030724
2014-05-02 00:00:00+08:00,0.512151,0.518745,0.509953,0.518745,1086800,0.000000,0.000000,1.039516
2014-05-05 00:00:00+08:00,0.518745,0.527538,0.516547,0.527538,935000,0.000000,0.000000,1.048309
2014-05-06 00:00:00+08:00,0.527538,0.527538,0.518745,0.520943,194700,0.000000,0.000000,1.041714
2014-05-07 00:00:00+08:00,0.520944,0.523142,0.514349,0.514349,480700,0.000000,0.000000,1.035120
2014-05-08 00:00:00+08:00,0.514349,0.516547,0.507755,0.507755,210100,0.000000,0.000000,1.028526
2014-05-09 00:00:00+08:00,0.509953,0.512151,0.507755,0.509953,196900,0.000000,0.000000,1.030724
2014-05-12 00:00:00+08:00,0.514349,0.518745,0.514349,0.518745,581900,0.000000,0.000000,1.039516
2014-05-14 00:00:00+08:00,0.523142,0.527538,0.520943,0.527538,603900,0.000000,0.000000,1.048309
2014-05-15 00:00:00+08:00,0.525340,0.525340,0.516547,0.516547,501600,0.000000,0.000000,1.037318
2014-05-16 00:00:00+08:00,0.516547,0.516547,0.512151,0.516547,233200,0.000000,0.000000,1.037318
2014-05-19 00:00:00+08:00,0.523142,0.523142,0.520943,0.520943,188100,0.000000,0.000000,1.041714
2014-05-20 00:00:00+08:00,0.523142,0.523142,0.520943,0.520943,201300,0.000000,0.000000,1.041714
2014-05-21 00:00:00+08:00,0.523142,0.523142,0.516547,0.518745,233200,0.000000,0.000000,1.039516
2014-05-22 00:00:00+08:00,0.518746,0.518746,0.512151,0.516547,232100,0.000000,0.000000,1.037318
2014-05-23 00:00:00+08:00,0.514349,0.520943,0.514349,0.516547,117700,0.000000,0.000000,1.037318
2014-05-26 00:00:00+08:00,0.516547,0.516547,0.514349,0.516547,110000,0.000000,0.000000,1.037318
2014-05-27 00:00:00+08:00,0.516547,0.518746,0.514349,0.514349,413600,0.000000,0.000000,1.035120
2014-05-28 00:00:00+08:00,0.514349,0.518746,0.514349,0.516547,217800,0.000000,0.000000,1.037318
2014-05-29 00:00:00+08:00,0.518745,0.523142,0.516547,0.520943,553300,0.000000,0.000000,1.041714
2014-05-30 00:00:00+08:00,0.520943,0.523142,0.518745,0.523142,623700,0.000000,0.000000,1.043913
2014-06-02 00:00:00+08:00,0.523142,0.525340,0.523142,0.523142,255200,0.000000,0.000000,1.043913
2014-06-03 00:00:00+08:00,0.527538,0.527538,0.518745,0.518745,253000,0.000000,0.000000,1.039516
2014-06-04 00:00:00+08:00,0.523142,0.523142,0.514349,0.514349,436700,0.000000,0.000000,1.035120
2014-06-05 00:00:00+08:00,0.514349,0.518746,0.512151,0.516547,147400,0.000000,0.000000,1.037318
2014-06-06 00:00:00+08:00,0.516547,0.518746,0.514349,0.514349,128700,0.000000,0.000000,1.035120
2014-06-09 00:00:00+08:00,0.516547,0.518746,0.514349,0.516547,107800,0.000000,0.000000,1.037318
2014-06-10 00:00:00+08:00,0.518746,0.518746,0.516547,0.516547,282700,0.000000,0.000000,1.037318
2014-06-11 00:00:00+08:00,0.516547,0.518746,0.514349,0.516547,400400,0.000000,0.000000,1.037318
2014-06-12 00:00:00+08:00,0.518746,0.518746,0.514349,0.514349,322300,0.000000,0.000000,1.035120
2014-06-13 00:00:00+08:00,0.514349,0.516547,0.514349,0.514349,93500,0.000000,0.000000,1.035120
2014-06-16 00:00:00+08:00,0.514349,0.520943,0.514349,0.516547,203500,0.000000,0.000000,1.037318
2014-06-17 00:00:00+08:00,0.516547,0.518746,0.514349,0.516547,170500,0.000000,0.000000,1.037318
2014-06-18 00:00:00+08:00,0.516547,0.518746,0.514349,0.514349,231000,0.000000,0.000000,1.035120
2014-06-19 00:00:00+08:00,0.518745,0.520943,0.514349,0.518745,180400,0.000000,0.000000,1.039516
2014-06-20 00:00:00+08:00,0.516547,0.523142,0.516547,0.523142,328900,0.000000,0.000000,1.043913
2014-06-23 00:00:00+08:00,0.518745,0.523142,0.518745,0.518745,237600,0.000000,0.000000,1.039516
2014-06-24 00:00:00+08:00,0.518745,0.525339,0.518745,0.520943,317900,0.000000,0.000000,1.041714
2014-06-25 00:00:00+08:00,0.523142,0.523142,0.518745,0.518745,217800,0.000000,0.000000,1.039516
2014-06-26 00:00:00+08:00,0.523142,0.523142,0.520943,0.520943,61600,0.000000,0.000000,1.041714
2014-06-27 00:00:00+08:00,0.520943,0.523142,0.520943,0.523142,845900,0.000000,0.000000,1.043913
2014-06-30 00:00:00+08:00,0.523142,0.523142,0.520943,0.520943,316800,0.000000,0.000000,1.041714
2014-07-01 00:00:00+08:00,0.523142,0.523142,0.520943,0.520943,690800,0.000000,0.000000,1.041714
2014-07-02 00:00:00+08:00,0.520943,0.523142,0.520943,0.523142,240900,0.000000,0.000000,1.043913
2014-07-03 00:00:00+08:00,0.523142,0.525340,0.520944,0.525340,211200,0.000000,0.000000,1.046111
2014-07-04 00:00:00+08:00,0.525340,0.525340,0.520943,0.523142,335500,0.000000,0.000000,1.043913
2014-07-07 00:00:00+08:00,0.520943,0.523142,0.516547,0.518745,656700,0.000000,0.000000,1.039516
2014-07-08 00:00:00+08:00,0.518746,0.518746,0.514349,0.516547,745800,0.000000,0.000000,1.037318
2014-07-09 00:00:00+08:00,0.516547,0.523142,0.516547,0.523142,553300,0.000000,0.000000,1.043913
2014-07-10 00:00:00+08:00,0.523142,0.534132,0.523142,0.534132,767800,0.000000,0.000000,1.054903
2014-07-11 00:00:00+08:00,0.531934,0.534132,0.525339,0.527538,456500,0.000000,0.000000,1.048309
2014-07-14 00:00:00+08:00,0.531934,0.536330,0.529736,0.531934,433400,0.000000,0.000000,1.052705
2014-07-15 00:00:00+08:00,0.534132,0.538528,0.534132,0.534132,513700,0.000000,0.000000,1.054903
2014-07-16 00:00:00+08:00,0.536330,0.545122,0.536330,0.540726,1304600,0.000000,0.000000,1.061497
2014-07-17 00:00:00+08:00,0.540726,0.549519,0.540726,0.549519,1200100,0.000000,0.000000,1.070290
2014-07-18 00:00:00+08:00,0.547321,0.549519,0.542924,0.549519,487300,0.000000,0.000000,1.070290
2014-07-21 00:00:00+08:00,0.545762,0.545762,0.536924,0.541343,585200,0.005909,0.000000,1.056205
2014-07-22 00:00:00+08:00,0.539133,0.541343,0.534715,0.536924,227700,0.000000,0.000000,1.051786
2014-07-23 00:00:00+08:00,0.543552,0.545762,0.539133,0.543552,442200,0.000000,0.000000,1.058414
2014-07-24 00:00:00+08:00,0.541343,0.545762,0.541343,0.543552,331100,0.000000,0.000000,1.058414
2014-07-25 00:00:00+08:00,0.541343,0.543552,0.539133,0.541343,300300,0.000000,0.000000,1.056205
2014-07-29 00:00:00+08:00,0.541343,0.545762,0.541343,0.541343,275000,0.000000,0.000000,1.056205
2014-07-30 00:00:00+08:00,0.541343,0.543553,0.539133,0.539133,147400,0.000000,0.000000,1.053995
2014-07-31 00:00:00+08:00,0.539133,0.541343,0.534715,0.539133,596200,0.000000,0.000000,1.053995
2014-08-01 00:00:00+08:00,0.534715,0.536924,0.532505,0.534715,624800,0.000000,0.000000,1.049577
2014-08-04 00:00:00+08:00,0.534715,0.534715,0.528086,0.530295,1016400,0.000000,0.000000,1.045157
2014-08-05 00:00:00+08:00,0.530295,0.532505,0.525876,0.532505,728200,0.000000,0.000000,1.047367
2014-08-06 00:00:00+08:00,0.528086,0.530295,0.525876,0.530295,510400,0.000000,0.000000,1.045157
2014-08-07 00:00:00+08:00,0.528086,0.532505,0.525876,0.530295,210100,0.000000,0.000000,1.045157
2014-08-08 00:00:00+08:00,0.530296,0.530296,0.525876,0.528086,498300,0.000000,0.000000,1.042948
2014-08-11 00:00:00+08:00,0.528086,0.536924,0.528086,0.536924,495000,0.000000,0.000000,1.051786
2014-08-12 00:00:00+08:00,0.536924,0.536924,0.530295,0.536924,262900,0.000000,0.000000,1.051786
2014-08-13 00:00:00+08:00,0.536924,0.539133,0.534715,0.536924,103400,0.000000,0.000000,1.051786
2014-08-14 00:00:00+08:00,0.534715,0.543553,0.534715,0.539133,509300,0.000000,0.000000,1.053995
2014-08-15 00:00:00+08:00,0.539133,0.543552,0.539133,0.543552,238700,0.000000,0.000000,1.058414
2014-08-18 00:00:00+08:00,0.545762,0.545762,0.543552,0.545762,129800,0.000000,0.000000,1.060624
2014-08-19 00:00:00+08:00,0.550181,0.552391,0.545762,0.552391,541200,0.000000,0.000000,1.067253
2014-08-20 00:00:00+08:00,0.550181,0.552391,0.550181,0.550181,133100,0.000000,0.000000,1.065043
2014-08-21 00:00:00+08:00,0.552391,0.552391,0.543552,0.547972,97900,0.000000,0.000000,1.062834
2014-08-22 00:00:00+08:00,0.543552,0.547972,0.543552,0.545762,79200,0.000000,0.000000,1.060624
2014-08-25 00:00:00+08:00,0.545762,0.547972,0.543552,0.547972,60500,0.000000,0.000000,1.062834
2014-08-26 00:00:00+08:00,0.539133,0.547972,0.539133,0.543552,546700,0.000000,0.000000,1.058414
2014-08-27 00:00:00+08:00,0.543552,0.543552,0.536924,0.541343,577500,0.000000,0.000000,1.056205
2014-08-28 00:00:00+08:00,0.539133,0.541343,0.534715,0.541343,281600,0.000000,0.000000,1.056205
2014-08-29 00:00:00+08:00,0.536924,0.547972,0.536924,0.536924,174900,0.000000,0.000000,1.051786
2014-09-01 00:00:00+08:00,0.541343,0.545762,0.541343,0.545762,199100,0.000000,0.000000,1.060624
2014-09-02 00:00:00+08:00,0.547972,0.547972,0.541343,0.545762,207900,0.000000,0.000000,1.060624
2014-09-03 00:00:00+08:00,0.545762,0.547972,0.539133,0.547972,193600,0.000000,0.000000,1.062834
2014-09-04 00:00:00+08:00,0.543553,0.547972,0.539133,0.539133,168300,0.000000,0.000000,1.053995
2014-09-05 00:00:00+08:00,0.541343,0.547972,0.539133,0.545762,267300,0.000000,0.000000,1.060624
2014-09-08 00:00:00+08:00,0.543552,0.547972,0.543552,0.545762,254100,0.000000,0.000000,1.060624
2014-09-09 00:00:00+08:00,0.545762,0.547972,0.545762,0.547972,250800,0.000000,0.000000,1.062834
2014-09-10 00:00:00+08:00,0.545762,0.547972,0.545762,0.545762,39600,0.000000,0.000000,1.060624
2014-09-11 00:00:00+08:00,0.547972,0.547972,0.543552,0.543552,425700,0.000000,0.000000,1.058414
2014-09-12 00:00:00+08:00,0.543552,0.545762,0.541343,0.543552,354200,0.000000,0.000000,1.058414
2014-09-15 00:00:00+08:00,0.543552,0.543552,0.534715,0.536924,534600,0.000000,0.000000,1.051786
2014-09-16 00:00:00+08:00,0.530295,0.536924,0.528086,0.532505,1401400,0.000000,0.000000,1.047367
2014-09-17 00:00:00+08:00,0.532505,0.536924,0.530296,0.534715,737000,0.000000,0.000000,1.049577
2014-09-18 00:00:00+08:00,0.534715,0.543552,0.534715,0.543552,332200,0.000000,0.000000,1.058414
2014-09-19 00:00:00+08:00,0.543552,0.545762,0.539133,0.545762,432300,0.000000,0.000000,1.060624
2014-09-22 00:00:00+08:00,0.539133,0.545762,0.539133,0.545762,227700,0.000000,0.000000,1.060624
2014-09-23 00:00:00+08:00,0.543552,0.543552,0.541343,0.541343,72600,0.000000,0.000000,1.056205
2014-09-24 00:00:00+08:00,0.541343,0.545762,0.541343,0.541343,324500,0.000000,0.000000,1.056205
2014-09-25 00:00:00+08:00,0.541343,0.543552,0.541343,0.541343,370700,0.000000,0.000000,1.056205
2014-09-26 00:00:00+08:00,0.541343,0.545762,0.541343,0.541343,375100,0.000000,0.000000,1.056205
2014-09-29 00:00:00+08:00,0.541343,0.543552,0.541343,0.541343,82500,0.000000,0.000000,1.056205
2014-09-30 00:00:00+08:00,0.543552,0.547972,0.541343,0.543552,405900,0.000000,0.000000,1.058414
2014-10-01 00:00:00+08:00,0.541343,0.547972,0.541343,0.547972,203500,0.000000,0.000000,1.062834
2014-10-02 00:00:00+08:00,0.547972,0.547972,0.543552,0.543552,72600,0.000000,0.000000,1.058414
2014-10-03 00:00:00+08:00,0.541343,0.545762,0.541343,0.541343,264000,0.000000,0.000000,1.056205
2014-10-07 00:00:00+08:00,0.539133,0.545762,0.539133,0.543552,92400,0.000000,0.000000,1.058414
2014-10-08 00:00:00+08:00,0.541343,0.543553,0.539133,0.539133,163900,0.000000,0.000000,1.053995
2014-10-09 00:00:00+08:00,0.539133,0.543552,0.536924,0.543552,865700,0.000000,0.000000,1.058414
2014-10-10 00:00:00+08:00,0.536924,0.541343,0.536924,0.541343,196900,0.000000,0.000000,1.056205
2014-10-13 00:00:00+08:00,0.539133,0.539133,0.534715,0.534715,344300,0.000000,0.000000,1.049577
2014-10-14 00:00:00+08:00,0.539133,0.539133,0.530296,0.534715,740300,0.000000,0.000000,1.049577
2014-10-15 00:00:00+08:00,0.534715,0.536924,0.530296,0.534715,251900,0.000000,0.000000,1.049577
2014-10-16 00:00:00+08:00,0.530296,0.530296,0.517038,0.525876,295900,0.000000,0.000000,1.040738
2014-10-17 00:00:00+08:00,0.523667,0.530296,0.523667,0.528086,446600,0.000000,0.000000,1.042948
2014-10-20 00:00:00+08:00,0.532505,0.539133,0.530295,0.536924,409200,0.000000,0.000000,1.051786
2014-10-21 00:00:00+08:00,0.536924,0.543552,0.534715,0.543552,409200,0.000000,0.000000,1.058414
2014-10-22 00:00:00+08:00,0.543552,0.543552,0.543552,0.543552,0,0.000000,0.000000,1.058414
2014-10-24 00:00:00+08:00,0.546529,0.546529,0.542086,0.542086,322300,0.006091,0.000000,1.050857
2014-10-27 00:00:00+08:00,0.544308,0.548751,0.542086,0.542086,429000,0.000000,0.000000,1.050857
2014-10-28 00:00:00+08:00,0.542086,0.546529,0.542086,0.542086,146300,0.000000,0.000000,1.050857
2014-10-29 00:00:00+08:00,0.544308,0.546529,0.542086,0.546529,152900,0.000000,0.000000,1.055300
2014-10-30 00:00:00+08:00,0.546529,0.546529,0.544308,0.546529,284900,0.000000,0.000000,1.055300
2014-10-31 00:00:00+08:00,0.544308,0.546529,0.544308,0.546529,73700,0.000000,0.000000,1.055300
2014-11-03 00:00:00+08:00,0.546529,0.546529,0.542086,0.546529,288200,0.000000,0.000000,1.055300
2014-11-04 00:00:00+08:00,0.546529,0.550973,0.546529,0.546529,247500,0.000000,0.000000,1.055300
2014-11-05 00:00:00+08:00,0.546529,0.550973,0.546529,0.548751,163900,0.000000,0.000000,1.057522
2014-11-06 00:00:00+08:00,0.548751,0.550973,0.546529,0.546529,288200,0.000000,0.000000,1.055300
2014-11-07 00:00:00+08:00,0.546529,0.546529,0.542086,0.544308,162800,0.000000,0.000000,1.053079
2014-11-10 00:00:00+08:00,0.542086,0.544308,0.539865,0.542086,266200,0.000000,0.000000,1.050857
2014-11-11 00:00:00+08:00,0.544308,0.548751,0.544308,0.546529,320100,0.000000,0.000000,1.055300
2014-11-12 00:00:00+08:00,0.544308,0.544308,0.537643,0.542086,797500,0.000000,0.000000,1.050857
2014-11-13 00:00:00+08:00,0.539865,0.548751,0.539865,0.546529,218900,0.000000,0.000000,1.055300
2014-11-14 00:00:00+08:00,0.542086,0.546529,0.542086,0.546529,144100,0.000000,0.000000,1.055300
2014-11-17 00:00:00+08:00,0.546529,0.548751,0.544308,0.548751,199100,0.000000,0.000000,1.057522
2014-11-18 00:00:00+08:00,0.548751,0.548751,0.539865,0.548751,184800,0.000000,0.000000,1.057522
2014-11-19 00:00:00+08:00,0.548751,0.548751,0.544308,0.546529,64900,0.000000,0.000000,1.055300
2014-11-20 00:00:00+08:00,0.544308,0.544308,0.542086,0.544308,123200,0.000000,0.000000,1.053079
2014-11-21 00:00:00+08:00,0.544308,0.548751,0.544308,0.544308,242000,0.000000,0.000000,1.053079
2014-11-24 00:00:00+08:00,0.546529,0.548751,0.544308,0.548751,130900,0.000000,0.000000,1.057522
2014-11-25 00:00:00+08:00,0.548751,0.548751,0.548751,0.548751,0,0.000000,0.000000,1.057522
2014-11-26 00:00:00+08:00,0.546529,0.548751,0.544308,0.544308,506000,0.000000,0.000000,1.053079
2014-11-27 00:00:00+08:00,0.544308,0.548751,0.544308,0.548751,214500,0.000000,0.000000,1.057522
2014-11-28 00:00:00+08:00,0.546530,0.553195,0.546530,0.550973,532400,0.000000,0.000000,1.059744
2014-12-01 00:00:00+08:00,0.555416,0.555416,0.550973,0.553195,249700,0.000000,0.000000,1.061966
2014-12-02 00:00:00+08:00,0.555416,0.555416,0.548752,0.553195,286000,0.000000,0.000000,1.061966
2014-12-03 00:00:00+08:00,0.553195,0.553195,0.548752,0.553195,115500,0.000000,0.000000,1.061966
2014-12-04 00:00:00+08:00,0.553195,0.555416,0.550973,0.550973,143000,0.000000,0.000000,1.059744
2014-12-05 00:00:00+08:00,0.553195,0.553195,0.550973,0.553195,265100,0.000000,0.000000,1.061966
2014-12-08 00:00:00+08:00,0.553195,0.555416,0.550973,0.553195,602800,0.000000,0.000000,1.061966
2014-12-09 00:00:00+08:00,0.550973,0.564303,0.550973,0.559860,1098900,0.000000,0.000000,1.068631
2014-12-10 00:00:00+08:00,0.559860,0.566525,0.555416,0.566525,836000,0.000000,0.000000,1.075296
2014-12-11 00:00:00+08:00,0.564303,0.570968,0.562082,0.566525,693000,0.000000,0.000000,1.075296
2014-12-12 00:00:00+08:00,0.564303,0.568746,0.562082,0.568746,672100,0.000000,0.000000,1.077517
2014-12-15 00:00:00+08:00,0.564303,0.564303,0.557638,0.562082,569800,0.000000,0.000000,1.070853
2014-12-16 00:00:00+08:00,0.559860,0.559860,0.550973,0.557638,900900,0.000000,0.000000,1.066409
2014-12-17 00:00:00+08:00,0.550973,0.550973,0.544308,0.548751,699600,0.000000,0.000000,1.057522
2014-12-18 00:00:00+08:00,0.546529,0.550973,0.546529,0.548751,188100,0.000000,0.000000,1.057522
2014-12-19 00:00:00+08:00,0.546529,0.550973,0.546529,0.546529,435600,0.000000,0.000000,1.055300
2014-12-22 00:00:00+08:00,0.546530,0.550973,0.546530,0.550973,330000,0.000000,0.000000,1.059744
2014-12-23 00:00:00+08:00,0.553195,0.555416,0.553195,0.553195,74800,0.000000,0.000000,1.061966
2014-12-24 00:00:00+08:00,0.553195,0.553195,0.550973,0.553195,141900,0.000000,0.000000,1.061966
2014-12-26 00:00:00+08:00,0.553195,0.553195,0.550973,0.553195,119900,0.000000,0.000000,1.061966
2014-12-29 00:00:00+08:00,0.555416,0.555416,0.553195,0.553195,97900,0.000000,0.000000,1.061966
2014-12-30 00:00:00+08:00,0.550973,0.557638,0.550973,0.557638,245300,0.000000,0.000000,1.066409
2014-12-31 00:00:00+08:00,0.555416,0.559860,0.555416,0.557638,182600,0.000000,0.000000,1.066409
2015-01-02 00:00:00+08:00,0.555416,0.562082,0.555416,0.559860,199100,0.000000,0.000000,1.068631
2015-01-05 00:00:00+08:00,0.559860,0.562082,0.557638,0.559860,67100,0.000000,0.000000,1.068631
2015-01-06 00:00:00+08:00,0.557638,0.559860,0.553195,0.557638,353100,0.000000,0.000000,1.066409
2015-01-07 00:00:00+08:00,0.559860,0.566525,0.557638,0.559860,242000,0.000000,0.000000,1.068631
2015-01-08 00:00:00+08:00,0.562082,0.570968,0.562082,0.568746,515900,0.000000,0.000000,1.077517
2015-01-09 00:00:00+08:00,0.564303,0.570968,0.564303,0.568746,221100,0.000000,0.000000,1.077517
2015-01-12 00:00:00+08:00,0.566525,0.568747,0.564303,0.566525,187000,0.000000,0.000000,1.075296
2015-01-13 00:00:00+08:00,0.568746,0.573190,0.566524,0.570968,562100,0.000000,0.000000,1.079739
2015-01-14 00:00:00+08:00,0.570968,0.570968,0.568746,0.570968,419100,0.000000,0.000000,1.079739
2015-01-15 00:00:00+08:00,0.570968,0.570968,0.568746,0.570968,372900,0.000000,0.000000,1.079739
2015-01-16 00:00:00+08:00,0.570968,0.573190,0.568746,0.573190,827200,0.000000,0.000000,1.081961
2015-01-19 00:00:00+08:00,0.573190,0.584298,0.570968,0.584298,813560,0.000000,0.000000,1.093069
2015-01-20 00:00:00+08:00,0.582077,0.593185,0.582077,0.593185,1162590,0.000000,0.000000,1.101956
2015-01-21 00:00:00+08:00,0.593185,0.595406,0.588741,0.588741,433950,0.000000,0.000000,1.097512
2015-01-22 00:00:00+08:00,0.590403,0.592648,0.581423,0.592648,593120,0.012455,0.000000,1.088964
2015-01-23 00:00:00+08:00,0.592648,0.599382,0.592648,0.599382,721930,0.000000,0.000000,1.095698
2015-01-26 00:00:00+08:00,0.597137,0.599382,0.588158,0.592648,533060,0.000000,0.000000,1.088964
2015-01-27 00:00:00+08:00,0.594893,0.594893,0.590403,0.590403,573100,0.000000,0.000000,1.086719
2015-01-28 00:00:00+08:00,0.590403,0.597137,0.588158,0.597137,406780,0.000000,0.000000,1.093453
2015-01-29 00:00:00+08:00,0.601627,0.601627,0.592648,0.594893,397980,0.000000,0.000000,1.091209
2015-01-30 00:00:00+08:00,0.594893,0.594893,0.581423,0.590403,775830,0.000000,0.000000,1.086719
2015-02-02 00:00:00+08:00,0.592648,0.592648,0.590403,0.592648,540650,0.000000,0.000000,1.088964
2015-02-03 00:00:00+08:00,0.592648,0.594893,0.588158,0.592648,352330,0.000000,0.000000,1.088964
2015-02-04 00:00:00+08:00,0.592648,0.599382,0.592648,0.599382,218570,0.000000,0.000000,1.095698
2015-02-05 00:00:00+08:00,0.601627,0.601627,0.592648,0.599382,310200,0.000000,0.000000,1.095698
2015-02-06 00:00:00+08:00,0.599382,0.601627,0.597137,0.599382,25891965,0.000000,0.000000,1.095698
2015-02-09 00:00:00+08:00,0.599382,0.610607,0.599382,0.610607,1061060,0.000000,0.000000,1.106923
2015-02-10 00:00:00+08:00,0.610607,0.610607,0.599382,0.603872,594000,0.000000,0.000000,1.100188
2015-02-11 00:00:00+08:00,0.603872,0.603872,0.599382,0.601627,1134210,0.000000,0.000000,1.097943
2015-02-12 00:00:00+08:00,0.601627,0.606117,0.599382,0.601627,250580,0.000000,0.000000,1.097943
2015-02-13 00:00:00+08:00,0.601627,0.608362,0.599382,0.603872,854480,0.000000,0.000000,1.100188
2015-02-16 00:00:00+08:00,0.606117,0.606117,0.601627,0.606117,319000,0.000000,0.000000,1.102433
2015-02-17 00:00:00+08:00,0.603872,0.603872,0.592648,0.599382,552200,0.000000,0.000000,1.095698
2015-02-18 00:00:00+08:00,0.594893,0.603872,0.594893,0.597137,523820,0.000000,0.000000,1.093453
2015-02-23 00:00:00+08:00,0.597137,0.597137,0.592648,0.594893,375430,0.000000,0.000000,1.091209
2015-02-24 00:00:00+08:00,0.597137,0.608362,0.594893,0.606117,840070,0.000000,0.000000,1.102433
2015-02-25 00:00:00+08:00,0.599382,0.606117,0.599382,0.606117,679580,0.000000,0.000000,1.102433
2015-02-26 00:00:00+08:00,0.606117,0.610607,0.603872,0.610607,392260,0.000000,0.000000,1.106923
2015-02-27 00:00:00+08:00,0.610607,0.615096,0.606117,0.610607,571340,0.000000,0.000000,1.106923
2015-03-02 00:00:00+08:00,0.612852,0.612852,0.606117,0.610607,367510,0.000000,0.000000,1.106923
2015-03-03 00:00:00+08:00,0.610607,0.612852,0.606117,0.610607,268730,0.000000,0.000000,1.106923
2015-03-04 00:00:00+08:00,0.610607,0.615096,0.608362,0.610607,430980,0.000000,0.000000,1.106923
2015-03-05 00:00:00+08:00,0.612852,0.615096,0.603872,0.610607,545490,0.000000,0.000000,1.106923
2015-03-06 00:00:00+08:00,0.610607,0.610607,0.606117,0.606117,330990,0.000000,0.000000,1.102433
2015-03-09 00:00:00+08:00,0.601627,0.603872,0.592648,0.594893,672320,0.000000,0.000000,1.091209
2015-03-10 00:00:00+08:00,0.599382,0.601627,0.594893,0.594893,583000,0.000000,0.000000,1.091209
2015-03-11 00:00:00+08:00,0.601627,0.601627,0.592648,0.594893,651420,0.000000,0.000000,1.091209
2015-03-12 00:00:00+08:00,0.601627,0.606117,0.597137,0.606117,545160,0.000000,0.000000,1.102433
2015-03-13 00:00:00+08:00,0.606117,0.606117,0.601627,0.606117,229570,0.000000,0.000000,1.102433
2015-03-16 00:00:00+08:00,0.608362,0.610607,0.608362,0.610607,785290,0.000000,0.000000,1.106923
2015-03-17 00:00:00+08:00,0.610607,0.610607,0.608362,0.610607,673310,0.000000,0.000000,1.106923
2015-03-18 00:00:00+08:00,0.606117,0.610607,0.603872,0.610607,597300,0.000000,0.000000,1.106923
2015-03-19 00:00:00+08:00,0.610607,0.610607,0.606117,0.606117,198220,0.000000,0.000000,1.102433
2015-03-20 00:00:00+08:00,0.606117,0.615096,0.603872,0.615096,1046100,0.000000,0.000000,1.111412
2015-03-23 00:00:00+08:00,0.610607,0.610607,0.608362,0.610607,540870,0.000000,0.000000,1.106923
2015-03-24 00:00:00+08:00,0.617341,0.617341,0.608362,0.610607,1197130,0.000000,0.000000,1.106923
2015-03-25 00:00:00+08:00,0.610607,0.610607,0.608362,0.610607,493680,0.000000,0.000000,1.106923
2015-03-26 00:00:00+08:00,0.610607,0.615096,0.608362,0.615096,815980,0.000000,0.000000,1.111412
2015-03-27 00:00:00+08:00,0.617342,0.619586,0.615097,0.617342,693770,0.000000,0.000000,1.113658
2015-03-30 00:00:00+08:00,0.619586,0.621831,0.615096,0.615096,897160,0.000000,0.000000,1.111412
2015-03-31 00:00:00+08:00,0.615096,0.628566,0.615096,0.628566,573650,0.000000,0.000000,1.124882
2015-04-01 00:00:00+08:00,0.628566,0.630810,0.624076,0.628566,924440,0.000000,0.000000,1.124882
2015-04-02 00:00:00+08:00,0.628566,0.633056,0.628566,0.633056,833470,0.000000,0.000000,1.129372
2015-04-06 00:00:00+08:00,0.628566,0.630810,0.626321,0.630810,200860,0.000000,0.000000,1.127126
2015-04-07 00:00:00+08:00,0.628566,0.633055,0.626321,0.630810,643830,0.000000,0.000000,1.127126
2015-04-08 00:00:00+08:00,0.635300,0.639790,0.633056,0.639790,846670,0.000000,0.000000,1.136106
2015-04-09 00:00:00+08:00,0.642035,0.644280,0.635300,0.637546,688600,0.000000,0.000000,1.133862
2015-04-10 00:00:00+08:00,0.639790,0.646525,0.639790,0.646525,926090,0.000000,0.000000,1.142841
2015-04-13 00:00:00+08:00,0.646525,0.646525,0.637546,0.639790,702350,0.000000,0.000000,1.136106
2015-04-14 00:00:00+08:00,0.639790,0.642035,0.633056,0.639790,724790,0.000000,0.000000,1.136106
2015-04-15 00:00:00+08:00,0.642035,0.646525,0.639790,0.642035,702680,0.000000,0.000000,1.138351
2015-04-16 00:00:00+08:00,0.644280,0.646525,0.642035,0.644280,1176230,0.000000,0.000000,1.140596
2015-04-17 00:00:00+08:00,0.644280,0.644280,0.637546,0.637546,579700,0.000000,0.000000,1.133862
2015-04-20 00:00:00+08:00,0.642375,0.646930,0.633263,0.646930,667370,0.018727,0.000000,1.124519
2015-04-21 00:00:00+08:00,0.642374,0.642374,0.633263,0.637819,836770,0.000000,0.000000,1.115408
2015-04-22 00:00:00+08:00,0.642375,0.651486,0.640096,0.646930,789800,0.000000,0.000000,1.124519
2015-04-23 00:00:00+08:00,0.649208,0.656042,0.646930,0.656042,407440,0.000000,0.000000,1.133631
2015-04-24 00:00:00+08:00,0.653764,0.660597,0.653764,0.656042,837210,0.000000,0.000000,1.133631
2015-04-27 00:00:00+08:00,0.658320,0.658320,0.653764,0.656042,464750,0.000000,0.000000,1.133631
2015-04-28 00:00:00+08:00,0.653764,0.658320,0.653764,0.656042,643280,0.000000,0.000000,1.133631
2015-04-29 00:00:00+08:00,0.656042,0.656042,0.649208,0.649208,574970,0.000000,0.000000,1.126797
2015-04-30 00:00:00+08:00,0.649208,0.660598,0.646930,0.660598,713680,0.000000,0.000000,1.138187
2015-05-04 00:00:00+08:00,0.660597,0.660597,0.653764,0.656042,603460,0.000000,0.000000,1.133631
2015-05-05 00:00:00+08:00,0.660598,0.669709,0.658320,0.669709,1529000,0.000000,0.000000,1.147298
2015-05-06 00:00:00+08:00,0.669709,0.669709,0.665153,0.669709,541530,0.000000,0.000000,1.147298
2015-05-07 00:00:00+08:00,0.667432,0.667432,0.653764,0.656042,1270610,0.000000,0.000000,1.133631
2015-05-08 00:00:00+08:00,0.656042,0.660598,0.653764,0.660598,356730,0.000000,0.000000,1.138187
2015-05-11 00:00:00+08:00,0.660598,0.665153,0.656042,0.660598,131340,0.000000,0.000000,1.138187
2015-05-12 00:00:00+08:00,0.660598,0.660598,0.649208,0.649208,893860,0.000000,0.000000,1.126797
2015-05-13 00:00:00+08:00,0.651486,0.653764,0.646930,0.651486,815760,0.000000,0.000000,1.129075
2015-05-14 00:00:00+08:00,0.651486,0.651486,0.637819,0.649208,706090,0.000000,0.000000,1.126797
2015-05-15 00:00:00+08:00,0.649208,0.658320,0.646930,0.651486,521510,0.000000,0.000000,1.129075
2015-05-18 00:00:00+08:00,0.651486,0.653764,0.649208,0.651486,117590,0.000000,0.000000,1.129075
2015-05-19 00:00:00+08:00,0.656042,0.660597,0.651486,0.656042,193820,0.000000,0.000000,1.133631
2015-05-20 00:00:00+08:00,0.656042,0.662876,0.656042,0.660598,476520,0.000000,0.000000,1.138187
2015-05-21 00:00:00+08:00,0.651486,0.660597,0.651486,0.653764,451000,0.000000,0.000000,1.131353
2015-05-22 00:00:00+08:00,0.660598,0.665153,0.653764,0.665153,534930,0.000000,0.000000,1.142742
2015-05-25 00:00:00+08:00,0.669709,0.669709,0.651486,0.656042,377080,0.000000,0.000000,1.133631
2015-05-26 00:00:00+08:00,0.656042,0.667432,0.653764,0.662876,249260,0.000000,0.000000,1.140465
2015-05-27 00:00:00+08:00,0.667432,0.667432,0.656042,0.656042,515680,0.000000,0.000000,1.133631
2015-05-28 00:00:00+08:00,0.662876,0.667432,0.656042,0.658320,422510,0.000000,0.000000,1.135909
2015-05-29 00:00:00+08:00,0.658320,0.669709,0.656042,0.669709,674630,0.000000,0.000000,1.147298
2015-06-02 00:00:00+08:00,0.667432,0.667432,0.660598,0.660598,534160,0.000000,0.000000,1.138187
2015-06-03 00:00:00+08:00,0.665153,0.669709,0.665153,0.665153,731940,0.000000,0.000000,1.142742
2015-06-04 00:00:00+08:00,0.669709,0.669709,0.662876,0.665153,224950,0.000000,0.000000,1.142742
2015-06-05 00:00:00+08:00,0.662876,0.665153,0.660598,0.660598,220330,0.000000,0.000000,1.138187
2015-06-08 00:00:00+08:00,0.665153,0.665153,0.656042,0.656042,127600,0.000000,0.000000,1.133631
2015-06-09 00:00:00+08:00,0.658320,0.658320,0.642375,0.644652,911570,0.000000,0.000000,1.122241
2015-06-10 00:00:00+08:00,0.644652,0.646930,0.642375,0.644652,913220,0.000000,0.000000,1.122241
2015-06-11 00:00:00+08:00,0.646930,0.649208,0.644652,0.649208,404250,0.000000,0.000000,1.126797
2015-06-12 00:00:00+08:00,0.649208,0.649208,0.644652,0.649208,404800,0.000000,0.000000,1.126797
2015-06-15 00:00:00+08:00,0.649208,0.649208,0.637819,0.649208,366740,0.000000,0.000000,1.126797
2015-06-16 00:00:00+08:00,0.646930,0.649208,0.644652,0.649208,462220,0.000000,0.000000,1.126797
2015-06-17 00:00:00+08:00,0.649208,0.649208,0.644652,0.644652,183480,0.000000,0.000000,1.122241
2015-06-18 00:00:00+08:00,0.649208,0.656042,0.642375,0.644652,1002540,0.000000,0.000000,1.122241
2015-06-19 00:00:00+08:00,0.644652,0.653764,0.644652,0.653764,779020,0.000000,0.000000,1.131353
2015-06-22 00:00:00+08:00,0.651486,0.651486,0.642374,0.642374,274780,0.000000,0.000000,1.119963
2015-06-23 00:00:00+08:00,0.651486,0.651486,0.642374,0.649208,274780,0.000000,0.000000,1.126797
2015-06-24 00:00:00+08:00,0.649208,0.651486,0.642374,0.642374,639650,0.000000,0.000000,1.119963
2015-06-25 00:00:00+08:00,0.642374,0.644652,0.640096,0.642374,288200,0.000000,0.000000,1.119963
2015-06-26 00:00:00+08:00,0.644652,0.644652,0.640096,0.640096,325270,0.000000,0.000000,1.117685
2015-06-29 00:00:00+08:00,0.642374,0.642374,0.626429,0.626429,964590,0.000000,0.000000,1.104018
2015-06-30 00:00:00+08:00,0.626429,0.635540,0.626429,0.633263,1093180,0.000000,0.000000,1.110852
2015-07-01 00:00:00+08:00,0.635540,0.642374,0.635540,0.642374,538890,0.000000,0.000000,1.119963
2015-07-02 00:00:00+08:00,0.642374,0.644652,0.640096,0.642374,389070,0.000000,0.000000,1.119963
2015-07-03 00:00:00+08:00,0.646930,0.646930,0.640096,0.640096,231330,0.000000,0.000000,1.117685
2015-07-06 00:00:00+08:00,0.642374,0.642374,0.633263,0.642374,275550,0.000000,0.000000,1.119963
2015-07-07 00:00:00+08:00,0.642375,0.646930,0.640096,0.646930,316690,0.000000,0.000000,1.124519
2015-07-08 00:00:00+08:00,0.646930,0.646930,0.628707,0.633263,469480,0.000000,0.000000,1.110852
2015-07-09 00:00:00+08:00,0.633263,0.642374,0.630984,0.642374,549890,0.000000,0.000000,1.119963
2015-07-10 00:00:00+08:00,0.644652,0.644652,0.633263,0.633263,506770,0.000000,0.000000,1.110852
2015-07-13 00:00:00+08:00,0.633263,0.644652,0.633263,0.644652,345180,0.000000,0.000000,1.122241
2015-07-14 00:00:00+08:00,0.644652,0.646930,0.640096,0.642374,335060,0.000000,0.000000,1.119963
2015-07-15 00:00:00+08:00,0.642374,0.644652,0.640096,0.642374,538230,0.000000,0.000000,1.119963
2015-07-16 00:00:00+08:00,0.642375,0.649208,0.640096,0.646930,375100,0.000000,0.000000,1.124519
2015-07-20 00:00:00+08:00,0.646930,0.651486,0.640096,0.649208,2211770,0.000000,0.000000,1.126797
2015-07-21 00:00:00+08:00,0.649208,0.653764,0.644652,0.651486,1696640,0.000000,0.000000,1.129075
2015-07-22 00:00:00+08:00,0.651486,0.653764,0.646930,0.649208,459470,0.000000,0.000000,1.126797
2015-07-23 00:00:00+08:00,0.646930,0.651486,0.644652,0.646930,521620,0.000000,0.000000,1.124519
2015-07-24 00:00:00+08:00,0.644942,0.654189,0.644942,0.654189,519200,0.018818,0.000000,1.112960
2015-07-27 00:00:00+08:00,0.651877,0.654188,0.647254,0.651877,418000,0.000000,0.000000,1.110648
2015-07-28 00:00:00+08:00,0.647254,0.649565,0.644942,0.647254,709610,0.000000,0.000000,1.106025
2015-07-29 00:00:00+08:00,0.647254,0.649565,0.642631,0.644942,442090,0.000000,0.000000,1.103713
2015-07-30 00:00:00+08:00,0.649565,0.649565,0.624137,0.628761,1650880,0.000000,0.000000,1.087532
2015-07-31 00:00:00+08:00,0.624137,0.651877,0.621826,0.651877,1603690,0.000000,0.000000,1.110648
2015-08-03 00:00:00+08:00,0.651877,0.651877,0.642630,0.647254,360140,0.000000,0.000000,1.106025
2015-08-04 00:00:00+08:00,0.647254,0.651877,0.642631,0.649565,474100,0.000000,0.000000,1.108336
2015-08-05 00:00:00+08:00,0.649565,0.651877,0.647254,0.649565,281600,0.000000,0.000000,1.108336
2015-08-06 00:00:00+08:00,0.647254,0.651877,0.647254,0.649565,260810,0.000000,0.000000,1.108336
2015-08-07 00:00:00+08:00,0.649565,0.649565,0.649565,0.649565,0,0.000000,0.000000,1.108336
2015-08-11 00:00:00+08:00,0.651877,0.651877,0.638007,0.638007,590150,0.000000,0.000000,1.096778
2015-08-12 00:00:00+08:00,0.635696,0.644942,0.628761,0.644942,1156540,0.000000,0.000000,1.103713
2015-08-13 00:00:00+08:00,0.635696,0.647254,0.635696,0.644942,349580,0.000000,0.000000,1.103713
2015-08-14 00:00:00+08:00,0.644942,0.644942,0.628761,0.638007,657360,0.000000,0.000000,1.096778
2015-08-17 00:00:00+08:00,0.638007,0.640318,0.631072,0.631072,309210,0.000000,0.000000,1.089843
2015-08-18 00:00:00+08:00,0.628761,0.633384,0.626449,0.628761,446490,0.000000,0.000000,1.087532
2015-08-19 00:00:00+08:00,0.628761,0.628761,0.607956,0.610268,1008040,0.000000,0.000000,1.069039
2015-08-20 00:00:00+08:00,0.605645,0.607956,0.584840,0.587152,1553090,0.000000,0.000000,1.045923
2015-08-21 00:00:00+08:00,0.575594,0.577905,0.545542,0.577905,2690930,0.000000,0.000000,1.036676
2015-08-24 00:00:00+08:00,0.559412,0.561724,0.545542,0.550166,2015860,0.000000,0.000000,1.008937
2015-08-25 00:00:00+08:00,0.531673,0.559412,0.527049,0.547854,2415930,0.000000,0.000000,1.006625
2015-08-26 00:00:00+08:00,0.543231,0.568658,0.540919,0.568658,2039510,0.000000,0.000000,1.027429
2015-08-27 00:00:00+08:00,0.587152,0.610268,0.582528,0.607956,2673660,0.000000,0.000000,1.066727
2015-08-28 00:00:00+08:00,0.605645,0.605645,0.589463,0.594086,725340,0.000000,0.000000,1.052857
2015-08-31 00:00:00+08:00,0.607956,0.607956,0.573282,0.573282,688600,0.000000,0.000000,1.032053
2015-09-01 00:00:00+08:00,0.573282,0.575594,0.566347,0.566347,357170,0.000000,0.000000,1.025118
2015-09-02 00:00:00+08:00,0.559412,0.564035,0.554789,0.559412,469700,0.000000,0.000000,1.018183
2015-09-03 00:00:00+08:00,0.561724,0.573282,0.561724,0.564035,475200,0.000000,0.000000,1.022806
2015-09-04 00:00:00+08:00,0.570970,0.570970,0.564035,0.568658,208780,0.000000,0.000000,1.027429
2015-09-07 00:00:00+08:00,0.568658,0.570970,0.564035,0.564035,285340,0.000000,0.000000,1.022806
2015-09-08 00:00:00+08:00,0.564035,0.570970,0.564035,0.568658,190080,0.000000,0.000000,1.027429
2015-09-09 00:00:00+08:00,0.573282,0.596398,0.573282,0.591775,1125850,0.000000,0.000000,1.050546
2015-09-10 00:00:00+08:00,0.587152,0.601021,0.577905,0.591775,430320,0.000000,0.000000,1.050546
2015-09-14 00:00:00+08:00,0.577905,0.589463,0.577905,0.584840,1094060,0.000000,0.000000,1.043611
2015-09-15 00:00:00+08:00,0.584840,0.598710,0.580217,0.594086,720170,0.000000,0.000000,1.052857
2015-09-16 00:00:00+08:00,0.582528,0.598710,0.582528,0.589463,142450,0.000000,0.000000,1.048234
2015-09-17 00:00:00+08:00,0.591775,0.594086,0.584840,0.584840,290840,0.000000,0.000000,1.043611
2015-09-18 00:00:00+08:00,0.589463,0.598710,0.582528,0.589463,1192180,0.000000,0.000000,1.048234
2015-09-21 00:00:00+08:00,0.591775,0.596398,0.577905,0.596398,267190,0.000000,0.000000,1.055169
2015-09-22 00:00:00+08:00,0.596398,0.596398,0.587152,0.591775,223740,0.000000,0.000000,1.050546
2015-09-23 00:00:00+08:00,0.580217,0.587152,0.580217,0.587152,238150,0.000000,0.000000,1.045923
2015-09-25 00:00:00+08:00,0.582528,0.587151,0.580217,0.584840,147290,0.000000,0.000000,1.043611
2015-09-28 00:00:00+08:00,0.587152,0.587152,0.577905,0.582528,145200,0.000000,0.000000,1.041299
2015-09-29 00:00:00+08:00,0.582528,0.589463,0.570970,0.587152,597850,0.000000,0.000000,1.045923
2015-09-30 00:00:00+08:00,0.582528,0.596398,0.582528,0.596398,393800,0.000000,0.000000,1.055169
2015-10-01 00:00:00+08:00,0.596398,0.601021,0.589463,0.594086,316250,0.000000,0.000000,1.052857
2015-10-02 00:00:00+08:00,0.601021,0.601021,0.589463,0.594086,43450,0.000000,0.000000,1.052857
2015-10-05 00:00:00+08:00,0.601021,0.601021,0.594086,0.594086,209440,0.000000,0.000000,1.052857
2015-10-06 00:00:00+08:00,0.596398,0.603333,0.596398,0.598710,129250,0.000000,0.000000,1.057481
2015-10-07 00:00:00+08:00,0.598710,0.607956,0.598710,0.605645,309320,0.000000,0.000000,1.064416
2015-10-08 00:00:00+08:00,0.598709,0.610268,0.598709,0.601021,359040,0.000000,0.000000,1.059792
2015-10-09 00:00:00+08:00,0.601021,0.621826,0.601021,0.605645,573430,0.000000,0.000000,1.064416
2015-10-12 00:00:00+08:00,0.605645,0.621826,0.605645,0.621826,208780,0.000000,0.000000,1.080597
2015-10-13 00:00:00+08:00,0.619514,0.628761,0.610268,0.619514,629090,0.000000,0.000000,1.078285
2015-10-14 00:00:00+08:00,0.619514,0.631072,0.617203,0.621826,563530,0.000000,0.000000,1.080597
2015-10-15 00:00:00+08:00,0.624137,0.635696,0.624137,0.631072,350240,0.000000,0.000000,1.089843
2015-10-16 00:00:00+08:00,0.628761,0.635696,0.621826,0.621826,331100,0.000000,0.000000,1.080597
2015-10-19 00:00:00+08:00,0.628761,0.631072,0.621826,0.621826,307560,0.000000,0.000000,1.080597
2015-10-20 00:00:00+08:00,0.631593,0.631593,0.622202,0.624549,133430,0.018909,0.000000,1.064411
2015-10-21 00:00:00+08:00,0.624549,0.629245,0.624549,0.626897,77220,0.000000,0.000000,1.066759
2015-10-22 00:00:00+08:00,0.626897,0.631593,0.626897,0.629245,124630,0.000000,0.000000,1.069107
2015-10-23 00:00:00+08:00,0.619854,0.629245,0.617506,0.619854,455510,0.000000,0.000000,1.059716
2015-10-26 00:00:00+08:00,0.626897,0.631593,0.619854,0.619854,204490,0.000000,0.000000,1.059716
2015-10-27 00:00:00+08:00,0.622201,0.626897,0.619854,0.619854,96140,0.000000,0.000000,1.059716
2015-10-28 00:00:00+08:00,0.619854,0.626897,0.619854,0.619854,336270,0.000000,0.000000,1.059716
2015-10-29 00:00:00+08:00,0.619854,0.619854,0.563503,0.582287,4614940,0.000000,0.000000,1.022149
2015-10-30 00:00:00+08:00,0.565851,0.591678,0.540024,0.582287,8374080,0.000000,0.000000,1.022149
2015-11-02 00:00:00+08:00,0.577591,0.579939,0.568199,0.568199,589160,0.000000,0.000000,1.008061
2015-11-03 00:00:00+08:00,0.568199,0.577591,0.565851,0.570547,1193280,0.000000,0.000000,1.010409
2015-11-04 00:00:00+08:00,0.570547,0.577591,0.570547,0.572895,3747480,0.000000,0.000000,1.012757
2015-11-05 00:00:00+08:00,0.575243,0.575243,0.565851,0.570547,1057980,0.000000,0.000000,1.010409
2015-11-06 00:00:00+08:00,0.570547,0.570547,0.563503,0.568199,1106710,0.000000,0.000000,1.008061
2015-11-09 00:00:00+08:00,0.565851,0.570547,0.561155,0.570547,579810,0.000000,0.000000,1.010409
2015-11-11 00:00:00+08:00,0.565851,0.568199,0.549416,0.551764,1771000,0.000000,0.000000,0.991626
2015-11-12 00:00:00+08:00,0.554112,0.556459,0.549416,0.549416,420970,0.000000,0.000000,0.989278
2015-11-13 00:00:00+08:00,0.549416,0.554112,0.547068,0.551764,533830,0.000000,0.000000,0.991626
2015-11-16 00:00:00+08:00,0.547067,0.549416,0.544720,0.544720,505780,0.000000,0.000000,0.984582
2015-11-17 00:00:00+08:00,0.549416,0.556459,0.549416,0.554111,616990,0.000000,0.000000,0.993973
2015-11-18 00:00:00+08:00,0.554112,0.554112,0.544720,0.549416,811140,0.000000,0.000000,0.989278
2015-11-19 00:00:00+08:00,0.551763,0.558807,0.549416,0.558807,817080,0.000000,0.000000,0.998669
2015-11-20 00:00:00+08:00,0.558807,0.558807,0.551763,0.558807,633490,0.000000,0.000000,0.998669
2015-11-23 00:00:00+08:00,0.558807,0.558807,0.554111,0.554111,519860,0.000000,0.000000,0.993973
2015-11-24 00:00:00+08:00,0.554111,0.563503,0.554111,0.558807,794090,0.000000,0.000000,0.998669
2015-11-25 00:00:00+08:00,0.563503,0.563503,0.556459,0.563503,563200,0.000000,0.000000,1.003365
2015-11-26 00:00:00+08:00,0.558807,0.563503,0.554111,0.554111,467720,0.000000,0.000000,0.993973
2015-11-27 00:00:00+08:00,0.556459,0.558807,0.551763,0.558807,945560,0.000000,0.000000,0.998669
2015-11-30 00:00:00+08:00,0.563503,0.563503,0.554111,0.554111,209440,0.000000,0.000000,0.993973
2015-12-01 00:00:00+08:00,0.549416,0.556459,0.549416,0.551764,441210,0.000000,0.000000,0.991626
2015-12-02 00:00:00+08:00,0.551764,0.556459,0.549416,0.551764,634810,0.000000,0.000000,0.991626
2015-12-03 00:00:00+08:00,0.551763,0.554111,0.549416,0.554111,177650,0.000000,0.000000,0.993973
2015-12-04 00:00:00+08:00,0.551763,0.558807,0.549416,0.554111,465080,0.000000,0.000000,0.993973
2015-12-07 00:00:00+08:00,0.554111,0.561155,0.554111,0.554111,245080,0.000000,0.000000,0.993973
2015-12-08 00:00:00+08:00,0.558807,0.558807,0.551763,0.558807,356510,0.000000,0.000000,0.998669
2015-12-09 00:00:00+08:00,0.558807,0.558807,0.556459,0.558807,265870,0.000000,0.000000,0.998669
2015-12-10 00:00:00+08:00,0.556459,0.558807,0.554111,0.554111,879450,0.000000,0.000000,0.993973
2015-12-11 00:00:00+08:00,0.554111,0.558807,0.549416,0.554111,438900,0.000000,0.000000,0.993973
2015-12-14 00:00:00+08:00,0.554112,0.554112,0.547067,0.549416,231770,0.000000,0.000000,0.989278
2015-12-15 00:00:00+08:00,0.549416,0.551763,0.544720,0.547067,373780,0.000000,0.000000,0.986929
2015-12-16 00:00:00+08:00,0.549416,0.556459,0.549416,0.554111,169180,0.000000,0.000000,0.993973
2015-12-17 00:00:00+08:00,0.554111,0.558807,0.551763,0.554111,898810,0.000000,0.000000,0.993973
2015-12-18 00:00:00+08:00,0.554112,0.563503,0.547067,0.547067,1032130,0.000000,0.000000,0.986929
2015-12-21 00:00:00+08:00,0.549416,0.554112,0.547068,0.551764,462880,0.000000,0.000000,0.991626
2015-12-22 00:00:00+08:00,0.554111,0.556459,0.554111,0.554111,196900,0.000000,0.000000,0.993973
2015-12-23 00:00:00+08:00,0.556459,0.556459,0.554112,0.556459,182050,0.000000,0.000000,0.996321
2015-12-24 00:00:00+08:00,0.556459,0.558807,0.554111,0.554111,232760,0.000000,0.000000,0.993973
2015-12-28 00:00:00+08:00,0.556459,0.561155,0.556459,0.561155,262020,0.000000,0.000000,1.001017
2015-12-29 00:00:00+08:00,0.563503,0.563503,0.558807,0.563503,601920,0.000000,0.000000,1.003365
2015-12-30 00:00:00+08:00,0.563503,0.570547,0.561155,0.561155,614900,0.000000,0.000000,1.001017
2015-12-31 00:00:00+08:00,0.568199,0.568199,0.556459,0.563503,106040,0.000000,0.000000,1.003365
2016-01-04 00:00:00+08:00,0.563503,0.565851,0.558807,0.561155,274230,0.000000,0.000000,1.001017
2016-01-05 00:00:00+08:00,0.558807,0.563503,0.556459,0.561155,1277430,0.000000,0.000000,1.001017
2016-01-06 00:00:00+08:00,0.563503,0.565851,0.561155,0.565851,504350,0.000000,0.000000,1.005713
2016-01-07 00:00:00+08:00,0.565851,0.565851,0.554111,0.554111,729850,0.000000,0.000000,0.993973
2016-01-08 00:00:00+08:00,0.551763,0.558807,0.549416,0.558807,385550,0.000000,0.000000,0.998669
2016-01-11 00:00:00+08:00,0.556459,0.556459,0.547067,0.549416,552420,0.000000,0.000000,0.989278
2016-01-12 00:00:00+08:00,0.551763,0.554112,0.549416,0.549416,379610,0.000000,0.000000,0.989278
2016-01-13 00:00:00+08:00,0.554112,0.554112,0.549416,0.551764,233640,0.000000,0.000000,0.991626
2016-01-14 00:00:00+08:00,0.554112,0.554112,0.544720,0.547067,773080,0.000000,0.000000,0.986929
2016-01-15 00:00:00+08:00,0.547068,0.556459,0.547068,0.551764,462770,0.000000,0.000000,0.991626
2016-01-18 00:00:00+08:00,0.547067,0.556459,0.547067,0.549416,273460,0.000000,0.000000,0.989278
2016-01-19 00:00:00+08:00,0.549416,0.561155,0.547067,0.561155,255090,0.000000,0.000000,1.001017
2016-01-20 00:00:00+08:00,0.563503,0.568199,0.556459,0.561155,667920,0.000000,0.000000,1.001017
2016-01-21 00:00:00+08:00,0.556459,0.558807,0.549416,0.549416,916740,0.000000,0.000000,0.989278
2016-01-22 00:00:00+08:00,0.554112,0.554112,0.549416,0.549416,758395,0.000000,0.000000,0.989278
2016-01-25 00:00:00+08:00,0.557018,0.566580,0.554627,0.561799,309540,0.019000,0.000000,0.982661
2016-01-26 00:00:00+08:00,0.559408,0.559408,0.549846,0.554627,494230,0.000000,0.000000,0.975489
2016-01-27 00:00:00+08:00,0.554627,0.559409,0.552237,0.552237,308660,0.000000,0.000000,0.973099
2016-01-28 00:00:00+08:00,0.552237,0.561799,0.552237,0.559409,308990,0.000000,0.000000,0.980271
2016-01-29 00:00:00+08:00,0.564190,0.566580,0.557018,0.559409,736670,0.000000,0.000000,0.980271
2016-02-01 00:00:00+08:00,0.561799,0.566580,0.554627,0.559409,322630,0.000000,0.000000,0.980271
2016-02-02 00:00:00+08:00,0.561799,0.561799,0.552237,0.557018,362120,0.000000,0.000000,0.977880
2016-02-03 00:00:00+08:00,0.557018,0.557018,0.552237,0.552237,260810,0.000000,0.000000,0.973099
2016-02-04 00:00:00+08:00,0.557018,0.559408,0.554627,0.554627,151250,0.000000,0.000000,0.975489
2016-02-05 00:00:00+08:00,0.554627,0.561799,0.554627,0.557018,193930,0.000000,0.000000,0.977880
2016-02-10 00:00:00+08:00,0.557018,0.557018,0.552237,0.554627,374990,0.000000,0.000000,0.975489
2016-02-11 00:00:00+08:00,0.557018,0.557018,0.552237,0.554627,82500,0.000000,0.000000,0.975489
2016-02-12 00:00:00+08:00,0.552237,0.554627,0.552237,0.554627,274340,0.000000,0.000000,0.975489
2016-02-15 00:00:00+08:00,0.554627,0.559408,0.554627,0.554627,185460,0.000000,0.000000,0.975489
2016-02-16 00:00:00+08:00,0.554627,0.559409,0.554627,0.557018,156970,0.000000,0.000000,0.977880
2016-02-17 00:00:00+08:00,0.557018,0.561799,0.557018,0.557018,208780,0.000000,0.000000,0.977880
2016-02-18 00:00:00+08:00,0.557018,0.564190,0.557018,0.561799,204710,0.000000,0.000000,0.982661
2016-02-19 00:00:00+08:00,0.561799,0.564190,0.557018,0.564190,405130,0.000000,0.000000,0.985052
2016-02-22 00:00:00+08:00,0.564190,0.564190,0.559409,0.561799,94490,0.000000,0.000000,0.982661
2016-02-23 00:00:00+08:00,0.561799,0.564190,0.559409,0.559409,282590,0.000000,0.000000,0.980271
2016-02-24 00:00:00+08:00,0.561799,0.561799,0.557018,0.557018,233310,0.000000,0.000000,0.977880
2016-02-25 00:00:00+08:00,0.557018,0.561799,0.557018,0.561799,170390,0.000000,0.000000,0.982661
2016-02-26 00:00:00+08:00,0.559409,0.573753,0.559409,0.561799,586960,0.000000,0.000000,0.982661
2016-02-29 00:00:00+08:00,0.564190,0.566580,0.557018,0.557018,356510,0.000000,0.000000,0.977880
2016-03-01 00:00:00+08:00,0.559408,0.564190,0.557018,0.564190,652850,0.000000,0.000000,0.985052
2016-03-02 00:00:00+08:00,0.564190,0.571362,0.559409,0.571362,388410,0.000000,0.000000,0.992224
2016-03-03 00:00:00+08:00,0.571362,0.571362,0.564190,0.566580,475200,0.000000,0.000000,0.987442
2016-03-04 00:00:00+08:00,0.568971,0.568971,0.564190,0.566580,343860,0.000000,0.000000,0.987442
2016-03-07 00:00:00+08:00,0.568971,0.571362,0.566580,0.566580,204270,0.000000,0.000000,0.987442
2016-03-08 00:00:00+08:00,0.566580,0.571362,0.564190,0.566580,390720,0.000000,0.000000,0.987442
2016-03-09 00:00:00+08:00,0.568971,0.578534,0.568971,0.578534,726660,0.000000,0.000000,0.999396
2016-03-10 00:00:00+08:00,0.576143,0.588096,0.571362,0.588096,1273800,0.000000,0.000000,1.008958
2016-03-11 00:00:00+08:00,0.588096,0.588096,0.580924,0.583315,427900,0.000000,0.000000,1.004177
2016-03-14 00:00:00+08:00,0.583315,0.588096,0.576143,0.578534,503250,0.000000,0.000000,0.999396
2016-03-15 00:00:00+08:00,0.585706,0.588096,0.580924,0.585706,204490,0.000000,0.000000,1.006568
2016-03-16 00:00:00+08:00,0.588096,0.590487,0.583315,0.583315,379830,0.000000,0.000000,1.004177
2016-03-17 00:00:00+08:00,0.588096,0.588096,0.585706,0.588096,137280,0.000000,0.000000,1.008958
2016-03-18 00:00:00+08:00,0.588096,0.592877,0.585705,0.592877,243650,0.000000,0.000000,1.013739
2016-03-21 00:00:00+08:00,0.597659,0.597659,0.583315,0.585706,280060,0.000000,0.000000,1.006568
2016-03-22 00:00:00+08:00,0.592877,0.592877,0.585706,0.590487,253550,0.000000,0.000000,1.011349
2016-03-23 00:00:00+08:00,0.590487,0.592877,0.588096,0.592877,244310,0.000000,0.000000,1.013739
2016-03-24 00:00:00+08:00,0.592877,0.592877,0.583315,0.583315,144980,0.000000,0.000000,1.004177
2016-03-28 00:00:00+08:00,0.585705,0.588096,0.583315,0.583315,86020,0.000000,0.000000,1.004177
2016-03-29 00:00:00+08:00,0.592877,0.592877,0.583315,0.585706,231660,0.000000,0.000000,1.006568
2016-03-30 00:00:00+08:00,0.588096,0.590487,0.588096,0.590487,8690,0.000000,0.000000,1.011349
2016-03-31 00:00:00+08:00,0.585706,0.588096,0.583315,0.588096,234080,0.000000,0.000000,1.008958
2016-04-01 00:00:00+08:00,0.588096,0.592877,0.588096,0.592877,280610,0.000000,0.000000,1.013739
2016-04-04 00:00:00+08:00,0.588096,0.592877,0.588096,0.592877,159830,0.000000,0.000000,1.013739
2016-04-05 00:00:00+08:00,0.592877,0.592877,0.588096,0.590487,184580,0.000000,0.000000,1.011349
2016-04-06 00:00:00+08:00,0.590487,0.592877,0.588096,0.590487,237710,0.000000,0.000000,1.011349
2016-04-07 00:00:00+08:00,0.588096,0.590487,0.573753,0.585706,527670,0.000000,0.000000,1.006568
2016-04-08 00:00:00+08:00,0.588096,0.588096,0.573753,0.588096,316580,0.000000,0.000000,1.008958
2016-04-11 00:00:00+08:00,0.590487,0.590487,0.585706,0.585706,186010,0.000000,0.000000,1.006568
2016-04-12 00:00:00+08:00,0.592877,0.592877,0.585706,0.585706,166650,0.000000,0.000000,1.006568
2016-04-13 00:00:00+08:00,0.588096,0.588096,0.585706,0.585706,161590,0.000000,0.000000,1.006568
2016-04-14 00:00:00+08:00,0.590487,0.597659,0.588096,0.588096,370700,0.000000,0.000000,1.008958
2016-04-15 00:00:00+08:00,0.590487,0.604831,0.585705,0.600049,863940,0.000000,0.000000,1.020911
2016-04-18 00:00:00+08:00,0.600049,0.602440,0.590487,0.597659,254760,0.000000,0.000000,1.018521
2016-04-19 00:00:00+08:00,0.604831,0.607221,0.597658,0.602440,1771330,0.000000,0.000000,1.023302
2016-04-20 00:00:00+08:00,0.602440,0.607221,0.602440,0.607221,1116830,0.000000,0.000000,1.028083
2016-04-21 00:00:00+08:00,0.607221,0.616784,0.607221,0.607221,585310,0.000000,0.000000,1.028083
2016-04-22 00:00:00+08:00,0.612618,0.615049,0.602894,0.602894,1025420,0.019182,0.000000,1.004574
2016-04-25 00:00:00+08:00,0.607756,0.607756,0.602894,0.605325,482460,0.000000,0.000000,1.007005
2016-04-26 00:00:00+08:00,0.605325,0.607756,0.602894,0.602894,463760,0.000000,0.000000,1.004574
2016-04-27 00:00:00+08:00,0.602894,0.607756,0.602894,0.602894,910580,0.000000,0.000000,1.004574
2016-04-28 00:00:00+08:00,0.605325,0.610187,0.602894,0.602894,430980,0.000000,0.000000,1.004574
2016-04-29 00:00:00+08:00,0.605325,0.607756,0.602894,0.607756,450010,0.000000,0.000000,1.009436
2016-05-03 00:00:00+08:00,0.607756,0.607756,0.602894,0.605325,142890,0.000000,0.000000,1.007005
2016-05-04 00:00:00+08:00,0.605325,0.605325,0.598032,0.600463,237380,0.000000,0.000000,1.002143
2016-05-05 00:00:00+08:00,0.602894,0.602894,0.598032,0.598032,147070,0.000000,0.000000,0.999712
2016-05-06 00:00:00+08:00,0.600463,0.600463,0.598032,0.598032,210210,0.000000,0.000000,0.999712
2016-05-09 00:00:00+08:00,0.600463,0.600463,0.598032,0.598032,401940,0.000000,0.000000,0.999712
2016-05-10 00:00:00+08:00,0.600463,0.602894,0.598032,0.600463,251130,0.000000,0.000000,1.002143
2016-05-11 00:00:00+08:00,0.600463,0.607756,0.600463,0.605325,207790,0.000000,0.000000,1.007005
2016-05-12 00:00:00+08:00,0.607756,0.607756,0.605325,0.605325,137170,0.000000,0.000000,1.007005
2016-05-13 00:00:00+08:00,0.605325,0.607756,0.602894,0.607756,172810,0.000000,0.000000,1.009436
2016-05-16 00:00:00+08:00,0.610187,0.610187,0.602894,0.605325,96800,0.000000,0.000000,1.007005
2016-05-17 00:00:00+08:00,0.610187,0.612618,0.607756,0.607756,486860,0.000000,0.000000,1.009436
2016-05-18 00:00:00+08:00,0.610187,0.610187,0.607756,0.610187,150920,0.000000,0.000000,1.011867
2016-05-19 00:00:00+08:00,0.607756,0.615049,0.600463,0.615049,694870,0.000000,0.000000,1.016729
2016-05-20 00:00:00+08:00,0.612618,0.617480,0.602894,0.610187,246070,0.000000,0.000000,1.011867
2016-05-23 00:00:00+08:00,0.607756,0.607756,0.602894,0.607756,381920,0.000000,0.000000,1.009436
2016-05-24 00:00:00+08:00,0.607756,0.607756,0.602894,0.607756,246620,0.000000,0.000000,1.009436
2016-05-25 00:00:00+08:00,0.602894,0.607756,0.602894,0.602894,234960,0.000000,0.000000,1.004574
2016-05-26 00:00:00+08:00,0.605325,0.607756,0.602894,0.602894,132770,0.000000,0.000000,1.004574
2016-05-27 00:00:00+08:00,0.602894,0.605325,0.602894,0.602894,188760,0.000000,0.000000,1.004574
2016-05-30 00:00:00+08:00,0.602894,0.610187,0.602894,0.607756,186120,0.000000,0.000000,1.009436
2016-05-31 00:00:00+08:00,0.610187,0.612618,0.607756,0.612618,515460,0.000000,0.000000,1.014298
2016-06-01 00:00:00+08:00,0.610187,0.612618,0.605325,0.607756,258280,0.000000,0.000000,1.009436
2016-06-02 00:00:00+08:00,0.612618,0.615049,0.610187,0.610187,159610,0.000000,0.000000,1.011867
2016-06-03 00:00:00+08:00,0.607756,0.612618,0.605325,0.607756,262570,0.000000,0.000000,1.009436
2016-06-06 00:00:00+08:00,0.607756,0.612618,0.605325,0.607756,168740,0.000000,0.000000,1.009436
2016-06-07 00:00:00+08:00,0.612618,0.615049,0.607756,0.610187,267630,0.000000,0.000000,1.011867
2016-06-08 00:00:00+08:00,0.610187,0.612618,0.610187,0.612618,174900,0.000000,0.000000,1.014298
2016-06-09 00:00:00+08:00,0.610187,0.612618,0.605325,0.612618,286770,0.000000,0.000000,1.014298
2016-06-10 00:00:00+08:00,0.612618,0.612618,0.610187,0.610187,89870,0.000000,0.000000,1.011867
2016-06-13 00:00:00+08:00,0.610187,0.612618,0.607756,0.610187,171380,0.000000,0.000000,1.011867
2016-06-14 00:00:00+08:00,0.610187,0.612618,0.607756,0.607756,208670,0.000000,0.000000,1.009436
2016-06-15 00:00:00+08:00,0.607756,0.617480,0.607756,0.617480,272800,0.000000,0.000000,1.019160
2016-06-16 00:00:00+08:00,0.615049,0.617480,0.607756,0.607756,303820,0.000000,0.000000,1.009436
2016-06-17 00:00:00+08:00,0.612618,0.612618,0.598032,0.598032,653290,0.000000,0.000000,0.999712
2016-06-20 00:00:00+08:00,0.605325,0.605325,0.600463,0.600463,227150,0.000000,0.000000,1.002143
2016-06-21 00:00:00+08:00,0.600463,0.605325,0.600463,0.600463,397980,0.000000,0.000000,1.002143
2016-06-22 00:00:00+08:00,0.602894,0.607756,0.602894,0.605325,190080,0.000000,0.000000,1.007005
2016-06-23 00:00:00+08:00,0.607756,0.610187,0.602894,0.610187,374330,0.000000,0.000000,1.011867
2016-06-24 00:00:00+08:00,0.612618,0.612618,0.588308,0.600463,602360,0.000000,0.000000,1.002143
2016-06-27 00:00:00+08:00,0.600463,0.605325,0.598032,0.598032,536910,0.000000,0.000000,0.999712
2016-06-28 00:00:00+08:00,0.598032,0.607756,0.598032,0.607756,288640,0.000000,0.000000,1.009436
2016-06-29 00:00:00+08:00,0.605325,0.617480,0.605325,0.610187,300630,0.000000,0.000000,1.011867
2016-06-30 00:00:00+08:00,0.610187,0.612618,0.607756,0.607756,156860,0.000000,0.000000,1.009436
2016-07-01 00:00:00+08:00,0.615049,0.617480,0.610187,0.617480,796180,0.000000,0.000000,1.019160
2016-07-04 00:00:00+08:00,0.617480,0.622342,0.615049,0.617480,544610,0.000000,0.000000,1.019160
2016-07-05 00:00:00+08:00,0.617480,0.622342,0.612618,0.619911,407770,0.000000,0.000000,1.021591
2016-07-07 00:00:00+08:00,0.619911,0.622342,0.612618,0.617480,600160,0.000000,0.000000,1.019160
2016-07-08 00:00:00+08:00,0.617480,0.617480,0.612618,0.617480,360030,0.000000,0.000000,1.019160
2016-07-11 00:00:00+08:00,0.617480,0.622342,0.617480,0.617480,480370,0.000000,0.000000,1.019160
2016-07-12 00:00:00+08:00,0.617480,0.622342,0.617480,0.619911,401610,0.000000,0.000000,1.021591
2016-07-13 00:00:00+08:00,0.622342,0.632066,0.619911,0.632066,1058090,0.000000,0.000000,1.033746
2016-07-14 00:00:00+08:00,0.629635,0.636929,0.629635,0.632066,98340,0.000000,0.000000,1.033746
2016-07-15 00:00:00+08:00,0.636929,0.641791,0.632066,0.639359,742060,0.000000,0.000000,1.041039
2016-07-18 00:00:00+08:00,0.639359,0.644222,0.636929,0.641791,638110,0.000000,0.000000,1.043471
2016-07-19 00:00:00+08:00,0.641791,0.646652,0.636929,0.641791,757350,0.000000,0.000000,1.043471
2016-07-20 00:00:00+08:00,0.644221,0.644221,0.634497,0.639359,759550,0.000000,0.000000,1.041039
2016-07-21 00:00:00+08:00,0.642374,0.644844,0.630020,0.639903,824230,0.019182,0.000000,1.022401
2016-07-22 00:00:00+08:00,0.639903,0.642374,0.637432,0.642374,423500,0.000000,0.000000,1.024872
2016-07-25 00:00:00+08:00,0.637433,0.637433,0.632491,0.634962,311520,0.000000,0.000000,1.017460
2016-07-26 00:00:00+08:00,0.637433,0.637433,0.627550,0.630020,214610,0.000000,0.000000,1.012518
2016-07-27 00:00:00+08:00,0.630020,0.632491,0.630020,0.630020,262020,0.000000,0.000000,1.012518
2016-07-28 00:00:00+08:00,0.632491,0.632491,0.627550,0.630020,386100,0.000000,0.000000,1.012518
2016-07-29 00:00:00+08:00,0.630020,0.642374,0.627550,0.642374,592350,0.000000,0.000000,1.024872
2016-08-01 00:00:00+08:00,0.639903,0.649786,0.639903,0.642374,964590,0.000000,0.000000,1.024872
2016-08-02 00:00:00+08:00,0.642374,0.644844,0.639903,0.639903,303490,0.000000,0.000000,1.022401
2016-08-03 00:00:00+08:00,0.647315,0.647315,0.639903,0.644844,872740,0.000000,0.000000,1.027342
2016-08-04 00:00:00+08:00,0.642374,0.642374,0.639903,0.642374,141790,0.000000,0.000000,1.024872
2016-08-05 00:00:00+08:00,0.642374,0.649786,0.639903,0.649786,403370,0.000000,0.000000,1.032284
2016-08-08 00:00:00+08:00,0.652257,0.654727,0.649786,0.649786,512050,0.000000,0.000000,1.032284
2016-08-10 00:00:00+08:00,0.647315,0.652257,0.642374,0.644844,598510,0.000000,0.000000,1.027342
2016-08-11 00:00:00+08:00,0.647315,0.647315,0.642374,0.644844,223520,0.000000,0.000000,1.027342
2016-08-12 00:00:00+08:00,0.644844,0.647315,0.642374,0.647315,429770,0.000000,0.000000,1.029813
2016-08-15 00:00:00+08:00,0.647315,0.649786,0.644844,0.644844,255750,0.000000,0.000000,1.027342
2016-08-16 00:00:00+08:00,0.644844,0.649786,0.642374,0.647315,390720,0.000000,0.000000,1.029813
2016-08-17 00:00:00+08:00,0.649786,0.649786,0.647315,0.649786,60940,0.000000,0.000000,1.032284
2016-08-18 00:00:00+08:00,0.644844,0.652257,0.644844,0.652257,233200,0.000000,0.000000,1.034755
2016-08-19 00:00:00+08:00,0.654727,0.657198,0.652257,0.654727,221430,0.000000,0.000000,1.037225
2016-08-22 00:00:00+08:00,0.652257,0.652257,0.649786,0.652257,419100,0.000000,0.000000,1.034755
2016-08-23 00:00:00+08:00,0.649786,0.664610,0.649786,0.664610,562980,0.000000,0.000000,1.047108
2016-08-24 00:00:00+08:00,0.659669,0.659669,0.649786,0.654727,412500,0.000000,0.000000,1.037225
2016-08-25 00:00:00+08:00,0.657198,0.662139,0.652257,0.652257,216810,0.000000,0.000000,1.034755
2016-08-26 00:00:00+08:00,0.652257,0.657197,0.649786,0.649786,115060,0.000000,0.000000,1.032284
2016-08-29 00:00:00+08:00,0.649786,0.649786,0.639903,0.642374,913550,0.000000,0.000000,1.024872
2016-08-30 00:00:00+08:00,0.642374,0.642374,0.637432,0.642374,875380,0.000000,0.000000,1.024872
2016-08-31 00:00:00+08:00,0.652257,0.652257,0.647315,0.649786,295790,0.000000,0.000000,1.032284
2016-09-01 00:00:00+08:00,0.657198,0.657198,0.647315,0.652257,141790,0.000000,0.000000,1.034755
2016-09-02 00:00:00+08:00,0.652257,0.654727,0.649786,0.652257,103510,0.000000,0.000000,1.034755
2016-09-05 00:00:00+08:00,0.652257,0.657198,0.652257,0.654727,91740,0.000000,0.000000,1.037225
2016-09-06 00:00:00+08:00,0.662139,0.664610,0.657197,0.664610,455510,0.000000,0.000000,1.047108
2016-09-07 00:00:00+08:00,0.667080,0.676963,0.667080,0.676963,945560,0.000000,0.000000,1.059461
2016-09-08 00:00:00+08:00,0.674493,0.676963,0.667080,0.667080,144540,0.000000,0.000000,1.049578
2016-09-09 00:00:00+08:00,0.674493,0.676963,0.667080,0.672022,343640,0.000000,0.000000,1.054520
2016-09-13 00:00:00+08:00,0.669551,0.669551,0.652257,0.664610,362670,0.000000,0.000000,1.047108
2016-09-14 00:00:00+08:00,0.662139,0.662139,0.654727,0.662139,194920,0.000000,0.000000,1.044637
2016-09-15 00:00:00+08:00,0.657197,0.662139,0.657197,0.659668,76670,0.000000,0.000000,1.042166
2016-09-16 00:00:00+08:00,0.659668,0.664610,0.657197,0.664610,397650,0.000000,0.000000,1.047108
2016-09-19 00:00:00+08:00,0.664610,0.664610,0.662139,0.662139,21670,0.000000,0.000000,1.044637
2016-09-20 00:00:00+08:00,0.664610,0.664610,0.657197,0.664610,217030,0.000000,0.000000,1.047108
2016-09-21 00:00:00+08:00,0.664610,0.676963,0.662139,0.676963,566280,0.000000,0.000000,1.059461
2016-09-22 00:00:00+08:00,0.681904,0.681904,0.669551,0.672022,152240,0.000000,0.000000,1.054520
2016-09-23 00:00:00+08:00,0.672022,0.676963,0.667080,0.676963,253550,0.000000,0.000000,1.059461
2016-09-26 00:00:00+08:00,0.676963,0.681905,0.676963,0.676963,449680,0.000000,0.000000,1.059461
2016-09-27 00:00:00+08:00,0.674493,0.676963,0.669551,0.676963,201300,0.000000,0.000000,1.059461
2016-09-28 00:00:00+08:00,0.676963,0.679434,0.672022,0.679434,296120,0.000000,0.000000,1.061932
2016-09-29 00:00:00+08:00,0.676963,0.681905,0.676963,0.676963,353870,0.000000,0.000000,1.059461
2016-09-30 00:00:00+08:00,0.679434,0.681905,0.669551,0.669551,393250,0.000000,0.000000,1.052049
2016-10-03 00:00:00+08:00,0.672022,0.676963,0.672022,0.674493,110330,0.000000,0.000000,1.056991
2016-10-04 00:00:00+08:00,0.674493,0.676963,0.672022,0.674493,67100,0.000000,0.000000,1.056991
2016-10-05 00:00:00+08:00,0.674493,0.684375,0.672022,0.684375,232870,0.000000,0.000000,1.066873
2016-10-06 00:00:00+08:00,0.684375,0.686846,0.674493,0.684375,382030,0.000000,0.000000,1.066873
2016-10-07 00:00:00+08:00,0.681904,0.681904,0.672022,0.674493,302280,0.000000,0.000000,1.056991
2016-10-10 00:00:00+08:00,0.674493,0.674493,0.669551,0.669551,193160,0.000000,0.000000,1.052049
2016-10-11 00:00:00+08:00,0.669551,0.672022,0.667080,0.672022,172920,0.000000,0.000000,1.054520
2016-10-12 00:00:00+08:00,0.669551,0.674493,0.667080,0.667080,234960,0.000000,0.000000,1.049578
2016-10-13 00:00:00+08:00,0.672022,0.672022,0.662139,0.662139,396110,0.000000,0.000000,1.044637
2016-10-14 00:00:00+08:00,0.672022,0.676963,0.664610,0.676963,108020,0.000000,0.000000,1.059461
2016-10-17 00:00:00+08:00,0.676963,0.676963,0.669551,0.672022,106810,0.000000,0.000000,1.054520
2016-10-18 00:00:00+08:00,0.669551,0.686846,0.667080,0.686846,352880,0.000000,0.000000,1.069344
2016-10-19 00:00:00+08:00,0.686846,0.686846,0.681905,0.684375,92400,0.000000,0.000000,1.066873
2016-10-20 00:00:00+08:00,0.684375,0.686846,0.681904,0.686846,347600,0.000000,0.000000,1.069344
2016-10-21 00:00:00+08:00,0.681904,0.681904,0.681904,0.681904,305140,0.000000,0.000000,1.064402
2016-10-24 00:00:00+08:00,0.681905,0.684375,0.676963,0.684375,171160,0.000000,0.000000,1.066873
2016-10-25 00:00:00+08:00,0.682468,0.684978,0.679959,0.684978,260810,0.019273,0.000000,1.048203
2016-10-26 00:00:00+08:00,0.682468,0.687487,0.679960,0.682468,229680,0.000000,0.000000,1.045693
2016-10-27 00:00:00+08:00,0.682468,0.682468,0.679960,0.682468,48070,0.000000,0.000000,1.045693
2016-10-28 00:00:00+08:00,0.682468,0.682468,0.664905,0.667414,317790,0.000000,0.000000,1.030639
2016-10-31 00:00:00+08:00,0.672432,0.674941,0.667414,0.669923,106590,0.000000,0.000000,1.033148
2016-11-01 00:00:00+08:00,0.667414,0.679960,0.667414,0.672432,153670,0.000000,0.000000,1.035657
2016-11-02 00:00:00+08:00,0.669923,0.674941,0.667414,0.669923,189860,0.000000,0.000000,1.033148
2016-11-03 00:00:00+08:00,0.677450,0.677450,0.664905,0.664905,183480,0.000000,0.000000,1.028130
2016-11-04 00:00:00+08:00,0.664905,0.664905,0.657378,0.657378,387530,0.000000,0.000000,1.020603
2016-11-07 00:00:00+08:00,0.657378,0.662396,0.654868,0.654868,561000,0.000000,0.000000,1.018093
2016-11-08 00:00:00+08:00,0.657378,0.667414,0.657378,0.662396,166320,0.000000,0.000000,1.025621
2016-11-09 00:00:00+08:00,0.664905,0.667414,0.647341,0.652360,1348160,0.000000,0.000000,1.015585
2016-11-10 00:00:00+08:00,0.657378,0.667414,0.657378,0.667414,389510,0.000000,0.000000,1.030639
2016-11-11 00:00:00+08:00,0.667414,0.667414,0.642323,0.657378,1228260,0.000000,0.000000,1.020603
2016-11-14 00:00:00+08:00,0.657378,0.657378,0.642323,0.644832,1021130,0.000000,0.000000,1.008057
2016-11-15 00:00:00+08:00,0.644832,0.647341,0.632287,0.632287,1283590,0.000000,0.000000,0.995512
2016-11-16 00:00:00+08:00,0.632287,0.642323,0.629778,0.637305,555940,0.000000,0.000000,1.000530
2016-11-17 00:00:00+08:00,0.637305,0.652360,0.637305,0.652360,391490,0.000000,0.000000,1.015585
2016-11-18 00:00:00+08:00,0.647341,0.652360,0.644832,0.652360,179300,0.000000,0.000000,1.015585
2016-11-21 00:00:00+08:00,0.652360,0.667414,0.639814,0.644832,409640,0.000000,0.000000,1.008057
2016-11-22 00:00:00+08:00,0.649850,0.649850,0.639814,0.642323,192940,0.000000,0.000000,1.005548
2016-11-23 00:00:00+08:00,0.652360,0.652360,0.634796,0.642323,426910,0.000000,0.000000,1.005548
2016-11-24 00:00:00+08:00,0.644832,0.644832,0.637305,0.637305,191070,0.000000,0.000000,1.000530
2016-11-25 00:00:00+08:00,0.642323,0.647341,0.639814,0.642323,185570,0.000000,0.000000,1.005548
2016-11-28 00:00:00+08:00,0.642323,0.647341,0.637305,0.642323,310860,0.000000,0.000000,1.005548
2016-11-29 00:00:00+08:00,0.637305,0.642323,0.637305,0.639814,164450,0.000000,0.000000,1.003039
2016-11-30 00:00:00+08:00,0.637305,0.644832,0.637305,0.637305,633710,0.000000,0.000000,1.000530
2016-12-01 00:00:00+08:00,0.639814,0.644832,0.637305,0.637305,300960,0.000000,0.000000,1.000530
2016-12-02 00:00:00+08:00,0.637305,0.644832,0.637305,0.644832,184580,0.000000,0.000000,1.008057
2016-12-05 00:00:00+08:00,0.642323,0.652360,0.642323,0.649850,162140,0.000000,0.000000,1.013075
2016-12-06 00:00:00+08:00,0.654868,0.672432,0.649850,0.664905,659230,0.000000,0.000000,1.028130
2016-12-07 00:00:00+08:00,0.667414,0.667414,0.652360,0.654868,132990,0.000000,0.000000,1.018093
2016-12-08 00:00:00+08:00,0.657378,0.662396,0.652360,0.662396,154330,0.000000,0.000000,1.025621
2016-12-09 00:00:00+08:00,0.662396,0.662396,0.652360,0.659887,744370,0.000000,0.000000,1.023112
2016-12-12 00:00:00+08:00,0.659887,0.659887,0.649850,0.649850,289520,0.000000,0.000000,1.013075
2016-12-13 00:00:00+08:00,0.649850,0.649850,0.644832,0.644832,452650,0.000000,0.000000,1.008057
2016-12-14 00:00:00+08:00,0.642323,0.652360,0.642323,0.647341,120340,0.000000,0.000000,1.010566
2016-12-15 00:00:00+08:00,0.644832,0.647341,0.642323,0.644832,363990,0.000000,0.000000,1.008057
2016-12-16 00:00:00+08:00,0.644832,0.649850,0.642323,0.642323,219340,0.000000,0.000000,1.005548
2016-12-19 00:00:00+08:00,0.642323,0.647341,0.632287,0.632287,667260,0.000000,0.000000,0.995512
2016-12-20 00:00:00+08:00,0.639814,0.639814,0.627269,0.629778,528880,0.000000,0.000000,0.993003
2016-12-21 00:00:00+08:00,0.632287,0.634796,0.627269,0.629778,280170,0.000000,0.000000,0.993003
2016-12-22 00:00:00+08:00,0.629778,0.632287,0.627269,0.629778,265760,0.000000,0.000000,0.993003
2016-12-23 00:00:00+08:00,0.629778,0.634796,0.629778,0.632287,206140,0.000000,0.000000,0.995512
2016-12-27 00:00:00+08:00,0.632287,0.639814,0.629778,0.637305,106920,0.000000,0.000000,1.000530
2016-12-28 00:00:00+08:00,0.637305,0.637305,0.634796,0.637305,169730,0.000000,0.000000,1.000530
2016-12-29 00:00:00+08:00,0.637305,0.637305,0.632287,0.632287,321970,0.000000,0.000000,0.995512
2016-12-30 00:00:00+08:00,0.637305,0.639814,0.632287,0.634796,122980,0.000000,0.000000,0.998021
2017-01-03 00:00:00+08:00,0.637305,0.637305,0.634796,0.637305,188760,0.000000,0.000000,1.000530
2017-01-04 00:00:00+08:00,0.637305,0.644832,0.637305,0.644832,130570,0.000000,0.000000,1.008057
2017-01-05 00:00:00+08:00,0.644832,0.652360,0.642323,0.652360,334180,0.000000,0.000000,1.015585
2017-01-06 00:00:00+08:00,0.652360,0.652360,0.637305,0.642323,1144660,0.000000,0.000000,1.005548
2017-01-09 00:00:00+08:00,0.642323,0.647341,0.639814,0.644832,309540,0.000000,0.000000,1.008057
2017-01-10 00:00:00+08:00,0.644832,0.647342,0.634796,0.639814,1303170,0.000000,0.000000,1.003039
2017-01-11 00:00:00+08:00,0.642323,0.649850,0.642323,0.649850,385000,0.000000,0.000000,1.013075
2017-01-12 00:00:00+08:00,0.649850,0.649850,0.639814,0.642323,411290,0.000000,0.000000,1.005548
2017-01-13 00:00:00+08:00,0.642323,0.642323,0.637305,0.639814,534160,0.000000,0.000000,1.003039
2017-01-16 00:00:00+08:00,0.639814,0.644832,0.639814,0.642323,274340,0.000000,0.000000,1.005548
2017-01-17 00:00:00+08:00,0.642323,0.649850,0.639814,0.649850,502920,0.000000,0.000000,1.013075
2017-01-18 00:00:00+08:00,0.649850,0.657378,0.647341,0.654868,471900,0.000000,0.000000,1.018093
2017-01-19 00:00:00+08:00,0.654868,0.662396,0.652360,0.652360,635690,0.000000,0.000000,1.015585
2017-01-20 00:00:00+08:00,0.654868,0.657378,0.652360,0.652360,771870,0.000000,0.000000,1.015585
2017-01-23 00:00:00+08:00,0.652360,0.657378,0.652360,0.657378,479490,0.000000,0.000000,1.020603
2017-01-24 00:00:00+08:00,0.663142,0.663142,0.658041,0.660591,572220,0.019364,0.000000,1.004452
2017-01-25 00:00:00+08:00,0.660591,0.663142,0.655490,0.655490,383130,0.000000,0.000000,0.999351
2017-01-26 00:00:00+08:00,0.655490,0.655490,0.652940,0.655490,385880,0.000000,0.000000,0.999351
2017-01-27 00:00:00+08:00,0.655490,0.655490,0.650389,0.652940,175010,0.000000,0.000000,0.996801
2017-01-31 00:00:00+08:00,0.652940,0.652940,0.645289,0.647839,788260,0.000000,0.000000,0.991700
2017-02-01 00:00:00+08:00,0.647839,0.650389,0.645289,0.647839,1057650,0.000000,0.000000,0.991700
2017-02-02 00:00:00+08:00,0.647839,0.650389,0.645288,0.645288,423610,0.000000,0.000000,0.989149
2017-02-03 00:00:00+08:00,0.647839,0.660591,0.647839,0.660591,378400,0.000000,0.000000,1.004452
2017-02-06 00:00:00+08:00,0.660591,0.660591,0.658041,0.660591,112310,0.000000,0.000000,1.004452
2017-02-07 00:00:00+08:00,0.660591,0.660591,0.655490,0.660591,198880,0.000000,0.000000,1.004452
2017-02-08 00:00:00+08:00,0.660592,0.660592,0.650389,0.650389,884510,0.000000,0.000000,0.994250
2017-02-09 00:00:00+08:00,0.647839,0.658041,0.647839,0.658041,1174140,0.000000,0.000000,1.001902
2017-02-10 00:00:00+08:00,0.658041,0.658041,0.652940,0.658041,207900,0.000000,0.000000,1.001902
2017-02-13 00:00:00+08:00,0.658041,0.658041,0.650389,0.652940,830940,0.000000,0.000000,0.996801
2017-02-14 00:00:00+08:00,0.652940,0.655490,0.650389,0.652940,664730,0.000000,0.000000,0.996801
2017-02-15 00:00:00+08:00,0.652940,0.655490,0.647839,0.650389,713130,0.000000,0.000000,0.994250
2017-02-16 00:00:00+08:00,0.650389,0.652940,0.645289,0.647839,765380,0.000000,0.000000,0.991700
2017-02-17 00:00:00+08:00,0.650389,0.652940,0.650389,0.652940,156860,0.000000,0.000000,0.996801
2017-02-20 00:00:00+08:00,0.655490,0.655490,0.650389,0.652940,275770,0.000000,0.000000,0.996801
2017-02-21 00:00:00+08:00,0.652940,0.658041,0.652940,0.658041,676610,0.000000,0.000000,1.001902
2017-02-22 00:00:00+08:00,0.658041,0.660591,0.655490,0.660591,429550,0.000000,0.000000,1.004452
2017-02-23 00:00:00+08:00,0.660591,0.660591,0.655490,0.658041,212080,0.000000,0.000000,1.001902
2017-02-24 00:00:00+08:00,0.658041,0.660591,0.658041,0.660591,80080,0.000000,0.000000,1.004452
2017-02-27 00:00:00+08:00,0.660591,0.660591,0.658041,0.660591,297880,0.000000,0.000000,1.004452
2017-02-28 00:00:00+08:00,0.660591,0.660591,0.652940,0.655490,543290,0.000000,0.000000,0.999351
2017-03-01 00:00:00+08:00,0.655490,0.655490,0.652940,0.652940,769780,0.000000,0.000000,0.996801
2017-03-02 00:00:00+08:00,0.652940,0.652940,0.650389,0.650389,669570,0.000000,0.000000,0.994250
2017-03-03 00:00:00+08:00,0.650389,0.655490,0.650389,0.652940,247720,0.000000,0.000000,0.996801
2017-03-06 00:00:00+08:00,0.650389,0.652940,0.650389,0.652940,371470,0.000000,0.000000,0.996801
2017-03-07 00:00:00+08:00,0.650389,0.658041,0.650389,0.652940,437030,0.000000,0.000000,0.996801
2017-03-08 00:00:00+08:00,0.652940,0.658041,0.652940,0.658041,172700,0.000000,0.000000,1.001902
2017-03-09 00:00:00+08:00,0.658041,0.658041,0.655490,0.658041,129910,0.000000,0.000000,1.001902
2017-03-10 00:00:00+08:00,0.655490,0.655490,0.652940,0.652940,182160,0.000000,0.000000,0.996801
2017-03-13 00:00:00+08:00,0.658041,0.658041,0.655490,0.658041,102850,0.000000,0.000000,1.001902
2017-03-14 00:00:00+08:00,0.658041,0.658041,0.655490,0.655490,57310,0.000000,0.000000,0.999351
2017-03-15 00:00:00+08:00,0.658041,0.658041,0.655490,0.655490,179960,0.000000,0.000000,0.999351
2017-03-16 00:00:00+08:00,0.658041,0.665693,0.658041,0.660591,626230,0.000000,0.000000,1.004452
2017-03-17 00:00:00+08:00,0.663142,0.665692,0.660591,0.663142,438790,0.000000,0.000000,1.007003
2017-03-20 00:00:00+08:00,0.663142,0.663142,0.660591,0.660591,196240,0.000000,0.000000,1.004452
2017-03-21 00:00:00+08:00,0.660591,0.665693,0.658041,0.665693,328020,0.000000,0.000000,1.009554
2017-03-22 00:00:00+08:00,0.663142,0.665693,0.660591,0.665693,486420,0.000000,0.000000,1.009554
2017-03-23 00:00:00+08:00,0.665693,0.670794,0.663142,0.668243,594550,0.000000,0.000000,1.012104
2017-03-24 00:00:00+08:00,0.670794,0.673345,0.668243,0.673345,597190,0.000000,0.000000,1.017206
2017-03-27 00:00:00+08:00,0.673345,0.673345,0.668243,0.670794,514360,0.000000,0.000000,1.014655
2017-03-28 00:00:00+08:00,0.670794,0.678445,0.670794,0.670794,314490,0.000000,0.000000,1.014655
2017-03-29 00:00:00+08:00,0.673345,0.673345,0.670794,0.673345,135960,0.000000,0.000000,1.017206
2017-03-30 00:00:00+08:00,0.673345,0.675895,0.670794,0.673345,195690,0.000000,0.000000,1.017206
2017-03-31 00:00:00+08:00,0.673345,0.675895,0.668243,0.668243,468270,0.000000,0.000000,1.012104
2017-04-03 00:00:00+08:00,0.668243,0.670794,0.668243,0.668243,75570,0.000000,0.000000,1.012104
2017-04-04 00:00:00+08:00,0.668243,0.673345,0.668243,0.670794,250030,0.000000,0.000000,1.014655
2017-04-05 00:00:00+08:00,0.673345,0.675895,0.670794,0.673345,379390,0.000000,0.000000,1.017206
2017-04-06 00:00:00+08:00,0.673345,0.680996,0.670794,0.675895,685410,0.000000,0.000000,1.019756
2017-04-07 00:00:00+08:00,0.678445,0.683546,0.673345,0.683546,651530,0.000000,0.000000,1.027407
2017-04-10 00:00:00+08:00,0.680996,0.686097,0.678445,0.678445,359260,0.000000,0.000000,1.022306
2017-04-11 00:00:00+08:00,0.683546,0.688647,0.675895,0.680996,721600,0.000000,0.000000,1.024857
2017-04-12 00:00:00+08:00,0.678445,0.683546,0.675895,0.683546,167970,0.000000,0.000000,1.027407
2017-04-13 00:00:00+08:00,0.683546,0.688648,0.678445,0.688648,324940,0.000000,0.000000,1.032509
2017-04-17 00:00:00+08:00,0.686097,0.691198,0.683546,0.686097,303600,0.000000,0.000000,1.029958
2017-04-18 00:00:00+08:00,0.688647,0.693749,0.686097,0.691198,815210,0.000000,0.000000,1.035059
2017-04-19 00:00:00+08:00,0.691198,0.693749,0.688647,0.693749,361460,0.000000,0.000000,1.037610
2017-04-20 00:00:00+08:00,0.693749,0.693749,0.688647,0.691198,403260,0.000000,0.000000,1.035059
2017-04-21 00:00:00+08:00,0.694515,0.702290,0.694515,0.694515,888580,0.019455,0.000000,1.018921
2017-04-24 00:00:00+08:00,0.694515,0.697107,0.689332,0.697107,345950,0.000000,0.000000,1.021513
2017-04-25 00:00:00+08:00,0.694515,0.694515,0.689332,0.691924,139370,0.000000,0.000000,1.016330
2017-04-26 00:00:00+08:00,0.691924,0.691924,0.689332,0.691924,295350,0.000000,0.000000,1.016330
2017-04-27 00:00:00+08:00,0.694515,0.699698,0.694515,0.694515,232540,0.000000,0.000000,1.018921
2017-04-28 00:00:00+08:00,0.694515,0.699698,0.694515,0.699698,183370,0.000000,0.000000,1.024104
2017-05-02 00:00:00+08:00,0.697107,0.702290,0.694515,0.702290,373890,0.000000,0.000000,1.026696
2017-05-03 00:00:00+08:00,0.702290,0.702290,0.699698,0.699698,237930,0.000000,0.000000,1.024104
2017-05-04 00:00:00+08:00,0.699698,0.704881,0.697107,0.699698,433290,0.000000,0.000000,1.024104
2017-05-05 00:00:00+08:00,0.699698,0.704881,0.699698,0.699698,320980,0.000000,0.000000,1.024104
2017-05-08 00:00:00+08:00,0.699698,0.707473,0.699698,0.704881,402050,0.000000,0.000000,1.029287
2017-05-09 00:00:00+08:00,0.707473,0.707473,0.702290,0.702290,335060,0.000000,0.000000,1.026696
2017-05-11 00:00:00+08:00,0.702290,0.707473,0.702290,0.704881,307230,0.000000,0.000000,1.029287
2017-05-12 00:00:00+08:00,0.710064,0.710064,0.704881,0.707473,352000,0.000000,0.000000,1.031879
2017-05-15 00:00:00+08:00,0.707473,0.707473,0.699698,0.704881,430100,0.000000,0.000000,1.029287
2017-05-16 00:00:00+08:00,0.699698,0.702290,0.697107,0.697107,617430,0.000000,0.000000,1.021513
2017-05-17 00:00:00+08:00,0.699698,0.702290,0.697107,0.702290,160600,0.000000,0.000000,1.026696
2017-05-18 00:00:00+08:00,0.697107,0.699698,0.694515,0.697107,235400,0.000000,0.000000,1.021513
2017-05-19 00:00:00+08:00,0.694515,0.702290,0.694515,0.699698,228140,0.000000,0.000000,1.024104
2017-05-22 00:00:00+08:00,0.694515,0.694515,0.678967,0.684150,3039850,0.000000,0.000000,1.008556
2017-05-23 00:00:00+08:00,0.686741,0.686741,0.681558,0.684150,762410,0.000000,0.000000,1.008556
2017-05-24 00:00:00+08:00,0.684150,0.684150,0.678967,0.678967,1172930,0.000000,0.000000,1.003373
2017-05-25 00:00:00+08:00,0.678967,0.684150,0.678967,0.681558,545930,0.000000,0.000000,1.005964
2017-05-26 00:00:00+08:00,0.684150,0.684150,0.681558,0.684150,22485430,0.000000,0.000000,1.008556
2017-05-29 00:00:00+08:00,0.684150,0.684150,0.681558,0.684150,479490,0.000000,0.000000,1.008556
2017-05-30 00:00:00+08:00,0.684150,0.684150,0.678967,0.684150,664840,0.000000,0.000000,1.008556
2017-05-31 00:00:00+08:00,0.684150,0.684150,0.681558,0.684150,376200,0.000000,0.000000,1.008556
2017-06-01 00:00:00+08:00,0.684150,0.684150,0.681558,0.684150,236280,0.000000,0.000000,1.008556
2017-06-02 00:00:00+08:00,0.684150,0.684150,0.681558,0.684150,1062600,0.000000,0.000000,1.008556
2017-06-05 00:00:00+08:00,0.684150,0.686741,0.684150,0.684150,559350,0.000000,0.000000,1.008556
2017-06-06 00:00:00+08:00,0.684150,0.684150,0.681558,0.684150,306900,0.000000,0.000000,1.008556
2017-06-07 00:00:00+08:00,0.684150,0.684150,0.681558,0.681558,360690,0.000000,0.000000,1.005964
2017-06-08 00:00:00+08:00,0.681558,0.689332,0.681558,0.689332,1343320,0.000000,0.000000,1.013738
2017-06-09 00:00:00+08:00,0.686741,0.686741,0.681558,0.684150,474650,0.000000,0.000000,1.008556
2017-06-12 00:00:00+08:00,0.684150,0.686741,0.681558,0.686741,19646039,0.000000,0.000000,1.011147
2017-06-13 00:00:00+08:00,0.686741,0.686741,0.681558,0.684150,216260,0.000000,0.000000,1.008556
2017-06-14 00:00:00+08:00,0.684150,0.684150,0.681558,0.684150,229680,0.000000,0.000000,1.008556
2017-06-15 00:00:00+08:00,0.684150,0.686741,0.681558,0.684150,381370,0.000000,0.000000,1.008556
2017-06-16 00:00:00+08:00,0.684150,0.686741,0.684150,0.684150,308660,0.000000,0.000000,1.008556
2017-06-19 00:00:00+08:00,0.684150,0.694515,0.684150,0.686741,899690,0.000000,0.000000,1.011147
2017-06-20 00:00:00+08:00,0.686741,0.691924,0.686741,0.686741,480370,0.000000,0.000000,1.011147
2017-06-21 00:00:00+08:00,0.686741,0.689332,0.681558,0.681558,895290,0.000000,0.000000,1.005964
2017-06-22 00:00:00+08:00,0.684150,0.686741,0.681558,0.686741,350240,0.000000,0.000000,1.011147
2017-06-23 00:00:00+08:00,0.684150,0.686741,0.684150,0.686741,633490,0.000000,0.000000,1.011147
2017-06-27 00:00:00+08:00,0.686741,0.686741,0.684150,0.684150,313940,0.000000,0.000000,1.008556
2017-06-28 00:00:00+08:00,0.686741,0.691924,0.684150,0.686741,521070,0.000000,0.000000,1.011147
2017-06-29 00:00:00+08:00,0.689332,0.697107,0.686741,0.697107,390060,0.000000,0.000000,1.021513
2017-06-30 00:00:00+08:00,0.697107,0.697107,0.691924,0.694515,254430,0.000000,0.000000,1.018921
2017-07-03 00:00:00+08:00,0.694515,0.697107,0.691924,0.691924,168520,0.000000,0.000000,1.016330
2017-07-04 00:00:00+08:00,0.694515,0.694515,0.691924,0.691924,651310,0.000000,0.000000,1.016330
2017-07-05 00:00:00+08:00,0.694515,0.694515,0.689332,0.694515,332860,0.000000,0.000000,1.018921
2017-07-06 00:00:00+08:00,0.694515,0.697107,0.686741,0.689332,1153020,0.000000,0.000000,1.013738
2017-07-07 00:00:00+08:00,0.691924,0.694515,0.689332,0.694515,219670,0.000000,0.000000,1.018921
2017-07-10 00:00:00+08:00,0.694515,0.694515,0.689332,0.689332,652410,0.000000,0.000000,1.013738
2017-07-11 00:00:00+08:00,0.691924,0.694515,0.689332,0.689332,575630,0.000000,0.000000,1.013738
2017-07-12 00:00:00+08:00,0.689332,0.691924,0.686741,0.691924,129360,0.000000,0.000000,1.016330
2017-07-13 00:00:00+08:00,0.691924,0.691924,0.686741,0.689332,483230,0.000000,0.000000,1.013738
2017-07-14 00:00:00+08:00,0.691924,0.694515,0.689332,0.694515,454080,0.000000,0.000000,1.018921
2017-07-17 00:00:00+08:00,0.694515,0.694515,0.689332,0.691924,460570,0.000000,0.000000,1.016330
2017-07-18 00:00:00+08:00,0.691924,0.699698,0.691924,0.694515,646690,0.000000,0.000000,1.018921
2017-07-19 00:00:00+08:00,0.694515,0.699698,0.694515,0.697107,558360,0.000000,0.000000,1.021513
2017-07-20 00:00:00+08:00,0.697107,0.702290,0.697107,0.697107,483340,0.000000,0.000000,1.021513
2017-07-21 00:00:00+08:00,0.703111,0.703111,0.700478,0.703111,692890,0.019455,0.000000,1.008062
2017-07-24 00:00:00+08:00,0.703111,0.705745,0.700478,0.703111,447260,0.000000,0.000000,1.008062
2017-07-25 00:00:00+08:00,0.703112,0.705745,0.700478,0.705745,882090,0.000000,0.000000,1.010696
2017-07-26 00:00:00+08:00,0.703112,0.708378,0.703112,0.705745,854920,0.000000,0.000000,1.010696
2017-07-27 00:00:00+08:00,0.708378,0.708378,0.703111,0.708378,282150,0.000000,0.000000,1.013329
2017-07-28 00:00:00+08:00,0.705744,0.708378,0.703111,0.708378,506880,0.000000,0.000000,1.013329
2017-07-31 00:00:00+08:00,0.708378,0.711011,0.703111,0.711011,390170,0.000000,0.000000,1.015962
2017-08-01 00:00:00+08:00,0.708378,0.711011,0.703112,0.705745,865920,0.000000,0.000000,1.010696
2017-08-02 00:00:00+08:00,0.705744,0.708378,0.705744,0.708378,251680,0.000000,0.000000,1.013329
2017-08-03 00:00:00+08:00,0.708378,0.708378,0.705744,0.708378,218570,0.000000,0.000000,1.013329
2017-08-04 00:00:00+08:00,0.708378,0.711011,0.705745,0.711011,520190,0.000000,0.000000,1.015962
2017-08-07 00:00:00+08:00,0.708378,0.711011,0.708378,0.711011,267960,0.000000,0.000000,1.015962
2017-08-08 00:00:00+08:00,0.711011,0.711011,0.708378,0.708378,192830,0.000000,0.000000,1.013329
2017-08-10 00:00:00+08:00,0.711011,0.711011,0.703111,0.703111,747230,0.000000,0.000000,1.008062
2017-08-11 00:00:00+08:00,0.703111,0.703111,0.700478,0.703111,721160,0.000000,0.000000,1.008062
2017-08-14 00:00:00+08:00,0.703111,0.703111,0.697845,0.697845,451550,0.000000,0.000000,1.002796
2017-08-15 00:00:00+08:00,0.700478,0.700478,0.695211,0.697845,624580,0.000000,0.000000,1.002796
2017-08-16 00:00:00+08:00,0.697845,0.700478,0.697845,0.700478,343200,0.000000,0.000000,1.005429
2017-08-17 00:00:00+08:00,0.700478,0.703111,0.697845,0.697845,324060,0.000000,0.000000,1.002796
2017-08-18 00:00:00+08:00,0.700478,0.703111,0.697845,0.697845,411180,0.000000,0.000000,1.002796
2017-08-21 00:00:00+08:00,0.697845,0.703111,0.697845,0.700478,383680,0.000000,0.000000,1.005429
2017-08-22 00:00:00+08:00,0.700478,0.700478,0.697845,0.697845,554180,0.000000,0.000000,1.002796
2017-08-23 00:00:00+08:00,0.700478,0.705745,0.697845,0.705745,394130,0.000000,0.000000,1.010696
2017-08-24 00:00:00+08:00,0.705745,0.711011,0.703111,0.711011,432080,0.000000,0.000000,1.015962
2017-08-25 00:00:00+08:00,0.711011,0.711011,0.705745,0.705745,151030,0.000000,0.000000,1.010696
2017-08-28 00:00:00+08:00,0.711011,0.711011,0.708378,0.711011,85140,0.000000,0.000000,1.015962
2017-08-29 00:00:00+08:00,0.711011,0.711011,0.708378,0.711011,156200,0.000000,0.000000,1.015962
2017-08-30 00:00:00+08:00,0.711011,0.711011,0.705745,0.705745,111430,0.000000,0.000000,1.010696
2017-08-31 00:00:00+08:00,0.705744,0.711011,0.700478,0.700478,846230,0.000000,0.000000,1.005429
2017-09-04 00:00:00+08:00,0.700478,0.703111,0.697845,0.703111,494120,0.000000,0.000000,1.008062
2017-09-05 00:00:00+08:00,0.703111,0.703111,0.700478,0.700478,119130,0.000000,0.000000,1.005429
2017-09-06 00:00:00+08:00,0.703111,0.703111,0.697845,0.703111,646140,0.000000,0.000000,1.008062
2017-09-07 00:00:00+08:00,0.703111,0.708378,0.703111,0.708378,319220,0.000000,0.000000,1.013329
2017-09-08 00:00:00+08:00,0.708378,0.708378,0.703112,0.705745,211640,0.000000,0.000000,1.010696
2017-09-11 00:00:00+08:00,0.708378,0.708378,0.703112,0.705745,167310,0.000000,0.000000,1.010696
2017-09-12 00:00:00+08:00,0.705744,0.708378,0.703111,0.708378,159940,0.000000,0.000000,1.013329
2017-09-13 00:00:00+08:00,0.705745,0.708378,0.705745,0.705745,297000,0.000000,0.000000,1.010696
2017-09-14 00:00:00+08:00,0.708378,0.708378,0.705744,0.708378,104280,0.000000,0.000000,1.013329
2017-09-15 00:00:00+08:00,0.705744,0.708378,0.705744,0.708378,681780,0.000000,0.000000,1.013329
2017-09-18 00:00:00+08:00,0.708378,0.708378,0.705744,0.708378,310750,0.000000,0.000000,1.013329
2017-09-19 00:00:00+08:00,0.708378,0.708378,0.705745,0.705745,4486460,0.000000,0.000000,1.010696
2017-09-20 00:00:00+08:00,0.708378,0.708378,0.705745,0.705745,197560,0.000000,0.000000,1.010696
2017-09-21 00:00:00+08:00,0.705745,0.708378,0.703112,0.705745,564300,0.000000,0.000000,1.010696
2017-09-22 00:00:00+08:00,0.708378,0.708378,0.703112,0.705745,670230,0.000000,0.000000,1.010696
2017-09-25 00:00:00+08:00,0.705745,0.708378,0.703112,0.705745,362230,0.000000,0.000000,1.010696
2017-09-26 00:00:00+08:00,0.703112,0.705745,0.700478,0.705745,4912454,0.000000,0.000000,1.010696
2017-09-27 00:00:00+08:00,0.705745,0.705745,0.703112,0.705745,198660,0.000000,0.000000,1.010696
2017-09-28 00:00:00+08:00,0.705745,0.705745,0.703111,0.703111,185240,0.000000,0.000000,1.008062
2017-09-29 00:00:00+08:00,0.705745,0.705745,0.700478,0.703111,678810,0.000000,0.000000,1.008062
2017-10-02 00:00:00+08:00,0.703111,0.708378,0.703111,0.703111,817520,0.000000,0.000000,1.008062
2017-10-03 00:00:00+08:00,0.708378,0.713645,0.708378,0.711011,733150,0.000000,0.000000,1.015962
2017-10-04 00:00:00+08:00,0.713645,0.716278,0.711011,0.716278,704660,0.000000,0.000000,1.021229
2017-10-05 00:00:00+08:00,0.716278,0.718912,0.713645,0.713645,572550,0.000000,0.000000,1.018596
2017-10-06 00:00:00+08:00,0.713645,0.716278,0.713645,0.713645,172260,0.000000,0.000000,1.018596
2017-10-09 00:00:00+08:00,0.716278,0.718912,0.713645,0.716278,318010,0.000000,0.000000,1.021229
2017-10-10 00:00:00+08:00,0.716278,0.716278,0.713645,0.716278,63690,0.000000,0.000000,1.021229
2017-10-11 00:00:00+08:00,0.716278,0.716278,0.711011,0.711011,312290,0.000000,0.000000,1.015962
2017-10-12 00:00:00+08:00,0.713645,0.716278,0.711011,0.713645,760760,0.000000,0.000000,1.018596
2017-10-13 00:00:00+08:00,0.713645,0.713645,0.711011,0.713645,424380,0.000000,0.000000,1.018596
2017-10-16 00:00:00+08:00,0.713645,0.718912,0.713645,0.718912,510510,0.000000,0.000000,1.023863
2017-10-17 00:00:00+08:00,0.721545,0.724179,0.716278,0.724179,642620,0.000000,0.000000,1.029130
2017-10-19 00:00:00+08:00,0.721545,0.724179,0.716278,0.721545,479050,0.000000,0.000000,1.026496
2017-10-20 00:00:00+08:00,0.718912,0.721545,0.718912,0.721545,201190,0.000000,0.000000,1.026496
2017-10-23 00:00:00+08:00,0.721545,0.729445,0.721545,0.726812,8131970,0.000000,0.000000,1.031763
2017-10-24 00:00:00+08:00,0.724178,0.734712,0.724178,0.726812,6773945,0.000000,0.000000,1.031763
2017-10-25 00:00:00+08:00,0.737345,0.742612,0.734712,0.739978,1356630,0.000000,0.000000,1.044929
2017-10-26 00:00:00+08:00,0.742612,0.742612,0.737345,0.737345,671000,0.000000,0.000000,1.042296
2017-10-27 00:00:00+08:00,0.740768,0.740768,0.738094,0.740768,282370,0.019455,0.000000,1.026264
2017-10-30 00:00:00+08:00,0.740768,0.746117,0.740768,0.743443,634260,0.000000,0.000000,1.028939
2017-10-31 00:00:00+08:00,0.743443,0.746117,0.740768,0.740768,288090,0.000000,0.000000,1.026264
2017-11-01 00:00:00+08:00,0.743443,0.743443,0.738094,0.740768,770880,0.000000,0.000000,1.026264
2017-11-02 00:00:00+08:00,0.738094,0.740768,0.732746,0.732746,840620,0.000000,0.000000,1.018242
2017-11-03 00:00:00+08:00,0.735420,0.735420,0.732746,0.735420,830830,0.000000,0.000000,1.020916
2017-11-06 00:00:00+08:00,0.738094,0.738094,0.732746,0.735420,719730,0.000000,0.000000,1.020916
2017-11-07 00:00:00+08:00,0.735420,0.735420,0.732746,0.735420,1180740,0.000000,0.000000,1.020916
2017-11-08 00:00:00+08:00,0.735420,0.735420,0.732746,0.735420,1102750,0.000000,0.000000,1.020916
2017-11-09 00:00:00+08:00,0.735420,0.735420,0.732746,0.735420,1210990,0.000000,0.000000,1.020916
2017-11-10 00:00:00+08:00,0.732746,0.735420,0.732746,0.732746,595980,0.000000,0.000000,1.018242
2017-11-13 00:00:00+08:00,0.732746,0.738094,0.732746,0.738094,226820,0.000000,0.000000,1.023590
2017-11-14 00:00:00+08:00,0.738094,0.738094,0.732746,0.738094,192170,0.000000,0.000000,1.023590
2017-11-15 00:00:00+08:00,0.738094,0.738094,0.732746,0.732746,549780,0.000000,0.000000,1.018242
2017-11-16 00:00:00+08:00,0.732746,0.732746,0.727397,0.732746,438020,0.000000,0.000000,1.018242
2017-11-17 00:00:00+08:00,0.732746,0.732746,0.732746,0.732746,352770,0.000000,0.000000,1.018242
2017-11-20 00:00:00+08:00,0.732746,0.732746,0.727397,0.727397,474210,0.000000,0.000000,1.012893
2017-11-21 00:00:00+08:00,0.732746,0.732746,0.727397,0.727397,851290,0.000000,0.000000,1.012893
2017-11-22 00:00:00+08:00,0.727397,0.727397,0.722049,0.727397,606320,0.000000,0.000000,1.012893
2017-11-23 00:00:00+08:00,0.727397,0.727397,0.722049,0.727397,296890,0.000000,0.000000,1.012893
2017-11-24 00:00:00+08:00,0.727397,0.732746,0.722049,0.722049,373560,0.000000,0.000000,1.007545
2017-11-27 00:00:00+08:00,0.727397,0.732746,0.722049,0.732746,255970,0.000000,0.000000,1.018242
2017-11-28 00:00:00+08:00,0.727397,0.732746,0.722049,0.722049,1140040,0.000000,0.000000,1.007545
2017-11-29 00:00:00+08:00,0.727397,0.732746,0.722049,0.732746,412170,0.000000,0.000000,1.018242
2017-11-30 00:00:00+08:00,0.722048,0.738094,0.722048,0.738094,6984081,0.000000,0.000000,1.023590
2017-12-01 00:00:00+08:00,0.732746,0.743443,0.732746,0.738094,227590,0.000000,0.000000,1.023590
2017-12-04 00:00:00+08:00,0.732746,0.743443,0.732746,0.732746,230890,0.000000,0.000000,1.018242
2017-12-05 00:00:00+08:00,0.738094,0.743443,0.738094,0.743443,679470,0.000000,0.000000,1.028939
2017-12-06 00:00:00+08:00,0.743443,0.748791,0.743443,0.743443,685740,0.000000,0.000000,1.028939
2017-12-07 00:00:00+08:00,0.743443,0.748791,0.738094,0.738094,157520,0.000000,0.000000,1.023590
2017-12-08 00:00:00+08:00,0.738094,0.743443,0.738094,0.743443,566060,0.000000,0.000000,1.028939
2017-12-11 00:00:00+08:00,0.743443,0.748791,0.738094,0.743443,644600,0.000000,0.000000,1.028939
2017-12-12 00:00:00+08:00,0.743443,0.748791,0.743443,0.743443,621170,0.000000,0.000000,1.028939
2017-12-13 00:00:00+08:00,0.743443,0.748791,0.743443,0.748791,516890,0.000000,0.000000,1.034287
2017-12-14 00:00:00+08:00,0.748791,0.748791,0.743443,0.743443,419760,0.000000,0.000000,1.028939
2017-12-15 00:00:00+08:00,0.748791,0.754140,0.743443,0.754140,820380,0.000000,0.000000,1.039636
2017-12-18 00:00:00+08:00,0.754140,0.754140,0.748791,0.754140,211090,0.000000,0.000000,1.039636
2017-12-19 00:00:00+08:00,0.754140,0.759488,0.748791,0.754140,721930,0.000000,0.000000,1.039636
2017-12-20 00:00:00+08:00,0.754140,0.754140,0.748791,0.748791,771980,0.000000,0.000000,1.034287
2017-12-21 00:00:00+08:00,0.748791,0.754140,0.748791,0.754140,216590,0.000000,0.000000,1.039636
2017-12-22 00:00:00+08:00,0.754140,0.754140,0.738094,0.743443,12017940,0.000000,0.000000,1.028939
2017-12-26 00:00:00+08:00,0.738094,0.743443,0.738094,0.743443,246070,0.000000,0.000000,1.028939
2017-12-27 00:00:00+08:00,0.743443,0.748791,0.738094,0.748791,614350,0.000000,0.000000,1.034287
2017-12-28 00:00:00+08:00,0.743443,0.748791,0.738094,0.743443,340780,0.000000,0.000000,1.028939
2017-12-29 00:00:00+08:00,0.743443,0.743443,0.738094,0.743443,252780,0.000000,0.000000,1.028939
2018-01-02 00:00:00+08:00,0.743443,0.748791,0.743443,0.743443,103400,0.000000,0.000000,1.028939
2018-01-03 00:00:00+08:00,0.743443,0.748791,0.738094,0.743443,1626460,0.000000,0.000000,1.028939
2018-01-04 00:00:00+08:00,0.743443,0.754140,0.738094,0.754140,1202960,0.000000,0.000000,1.039636
2018-01-05 00:00:00+08:00,0.754140,0.754140,0.748791,0.754140,221870,0.000000,0.000000,1.039636
2018-01-08 00:00:00+08:00,0.754140,0.754140,0.748791,0.748791,655050,0.000000,0.000000,1.034287
2018-01-09 00:00:00+08:00,0.748791,0.754140,0.748791,0.754140,224290,0.000000,0.000000,1.039636
2018-01-10 00:00:00+08:00,0.748791,0.754140,0.748791,0.748791,292930,0.000000,0.000000,1.034287
2018-01-11 00:00:00+08:00,0.754140,0.754140,0.743443,0.754140,1614800,0.000000,0.000000,1.039636
2018-01-12 00:00:00+08:00,0.748791,0.754140,0.748791,0.754140,277530,0.000000,0.000000,1.039636
2018-01-15 00:00:00+08:00,0.754140,0.754140,0.748791,0.748791,215600,0.000000,0.000000,1.034287
2018-01-16 00:00:00+08:00,0.748791,0.754140,0.743443,0.754140,1027510,0.000000,0.000000,1.039636
2018-01-17 00:00:00+08:00,0.748791,0.754140,0.748791,0.748791,316800,0.000000,0.000000,1.034287
2018-01-18 00:00:00+08:00,0.748791,0.759488,0.748791,0.754140,1468390,0.000000,0.000000,1.039636
2018-01-19 00:00:00+08:00,0.754140,0.754140,0.748791,0.754140,1071070,0.000000,0.000000,1.039636
2018-01-22 00:00:00+08:00,0.754140,0.759489,0.748791,0.759489,1195920,0.000000,0.000000,1.044985
2018-01-23 00:00:00+08:00,0.765733,0.765733,0.760303,0.765733,986590,0.019545,0.000000,1.031684
2018-01-24 00:00:00+08:00,0.765733,0.771164,0.760303,0.765733,358600,0.000000,0.000000,1.031684
2018-01-25 00:00:00+08:00,0.765733,0.765733,0.760303,0.765733,482020,0.000000,0.000000,1.031684
2018-01-26 00:00:00+08:00,0.760303,0.765733,0.760303,0.765733,902880,0.000000,0.000000,1.031684
2018-01-29 00:00:00+08:00,0.765734,0.771164,0.760303,0.771164,1124750,0.000000,0.000000,1.037115
2018-01-30 00:00:00+08:00,0.771164,0.771164,0.765734,0.771164,608300,0.000000,0.000000,1.037115
2018-01-31 00:00:00+08:00,0.765733,0.771164,0.760303,0.765733,1379510,0.000000,0.000000,1.031684
2018-02-01 00:00:00+08:00,0.765734,0.771164,0.760303,0.771164,526460,0.000000,0.000000,1.037115
2018-02-02 00:00:00+08:00,0.765733,0.765733,0.754872,0.760302,27959980,0.000000,0.000000,1.026253
2018-02-05 00:00:00+08:00,0.754872,0.754872,0.733149,0.749441,3462470,0.000000,0.000000,1.015392
2018-02-06 00:00:00+08:00,0.738580,0.738580,0.727718,0.738580,2558270,0.000000,0.000000,1.004531
2018-02-07 00:00:00+08:00,0.738580,0.749441,0.738580,0.744010,1398760,0.000000,0.000000,1.009961
2018-02-08 00:00:00+08:00,0.744010,0.744010,0.738580,0.738580,510950,0.000000,0.000000,1.004531
2018-02-09 00:00:00+08:00,0.733149,0.738580,0.727718,0.738580,1447380,0.000000,0.000000,1.004531
2018-02-12 00:00:00+08:00,0.733149,0.733149,0.722287,0.722287,1708300,0.000000,0.000000,0.988238
2018-02-13 00:00:00+08:00,0.722287,0.733149,0.722287,0.733149,670450,0.000000,0.000000,0.999100
2018-02-14 00:00:00+08:00,0.733149,0.733149,0.722287,0.727718,1116830,0.000000,0.000000,0.993669
2018-02-15 00:00:00+08:00,0.722287,0.727718,0.722287,0.722287,361350,0.000000,0.000000,0.988238
2018-02-19 00:00:00+08:00,0.727718,0.738580,0.727718,0.733149,1171390,0.000000,0.000000,0.999100
2018-02-20 00:00:00+08:00,0.733149,0.738580,0.733149,0.733149,219230,0.000000,0.000000,0.999100
2018-02-21 00:00:00+08:00,0.738580,0.738580,0.727718,0.733149,744150,0.000000,0.000000,0.999100
2018-02-22 00:00:00+08:00,0.733149,0.733149,0.727718,0.727718,649550,0.000000,0.000000,0.993669
2018-02-23 00:00:00+08:00,0.733149,0.738580,0.733149,0.738580,367510,0.000000,0.000000,1.004531
2018-02-26 00:00:00+08:00,0.738580,0.738580,0.733149,0.738580,444620,0.000000,0.000000,1.004531
2018-02-27 00:00:00+08:00,0.738580,0.744010,0.733149,0.744010,1003860,0.000000,0.000000,1.009961
2018-02-28 00:00:00+08:00,0.738580,0.744010,0.733149,0.738580,856570,0.000000,0.000000,1.004531
2018-03-01 00:00:00+08:00,0.738580,0.738580,0.733149,0.738580,251790,0.000000,0.000000,1.004531
2018-03-02 00:00:00+08:00,0.744010,0.744010,0.733149,0.738580,400620,0.000000,0.000000,1.004531
2018-03-05 00:00:00+08:00,0.744010,0.744010,0.733149,0.738580,286000,0.000000,0.000000,1.004531
2018-03-06 00:00:00+08:00,0.738580,0.744010,0.733149,0.744010,584320,0.000000,0.000000,1.009961
2018-03-07 00:00:00+08:00,0.738580,0.744010,0.738580,0.744010,345400,0.000000,0.000000,1.009961
2018-03-08 00:00:00+08:00,0.744010,0.754872,0.744010,0.754872,1107810,0.000000,0.000000,1.020823
2018-03-09 00:00:00+08:00,0.749441,0.754872,0.749441,0.749441,506110,0.000000,0.000000,1.015392
2018-03-12 00:00:00+08:00,0.749441,0.754872,0.749441,0.754872,498740,0.000000,0.000000,1.020823
2018-03-13 00:00:00+08:00,0.754872,0.760303,0.754872,0.754872,357610,0.000000,0.000000,1.020823
2018-03-14 00:00:00+08:00,0.760303,0.760303,0.749441,0.754872,170060,0.000000,0.000000,1.020823
2018-03-15 00:00:00+08:00,0.754872,0.760302,0.749441,0.760302,191070,0.000000,0.000000,1.026253
2018-03-16 00:00:00+08:00,0.760303,0.760303,0.749441,0.754872,369930,0.000000,0.000000,1.020823
2018-03-19 00:00:00+08:00,0.754872,0.760303,0.749441,0.749441,737110,0.000000,0.000000,1.015392
2018-03-20 00:00:00+08:00,0.754872,0.754872,0.749441,0.754872,108900,0.000000,0.000000,1.020823
2018-03-21 00:00:00+08:00,0.754872,0.754872,0.744010,0.744010,1458600,0.000000,0.000000,1.009961
2018-03-22 00:00:00+08:00,0.749441,0.749441,0.744010,0.744010,196020,0.000000,0.000000,1.009961
2018-03-23 00:00:00+08:00,0.744010,0.749441,0.744010,0.744010,306900,0.000000,0.000000,1.009961
2018-03-26 00:00:00+08:00,0.744010,0.749441,0.744010,0.749441,218350,0.000000,0.000000,1.015392
2018-03-27 00:00:00+08:00,0.744010,0.749441,0.744010,0.744010,189310,0.000000,0.000000,1.009961
2018-03-28 00:00:00+08:00,0.744010,0.749441,0.744010,0.749441,542080,0.000000,0.000000,1.015392
2018-03-29 00:00:00+08:00,0.744010,0.749441,0.744010,0.749441,395120,0.000000,0.000000,1.015392
2018-04-02 00:00:00+08:00,0.749441,0.754872,0.744010,0.754872,393030,0.000000,0.000000,1.020823
2018-04-03 00:00:00+08:00,0.749441,0.749441,0.744010,0.749441,1092410,0.000000,0.000000,1.015392
2018-04-04 00:00:00+08:00,0.749441,0.749441,0.733149,0.733149,1457500,0.000000,0.000000,0.999100
2018-04-05 00:00:00+08:00,0.738580,0.744010,0.738580,0.738580,767690,0.000000,0.000000,1.004531
2018-04-06 00:00:00+08:00,0.744010,0.749441,0.738580,0.749441,526570,0.000000,0.000000,1.015392
2018-04-09 00:00:00+08:00,0.744010,0.749441,0.744010,0.749441,332750,0.000000,0.000000,1.015392
2018-04-10 00:00:00+08:00,0.754872,0.754872,0.749441,0.749441,206250,0.000000,0.000000,1.015392
2018-04-11 00:00:00+08:00,0.749441,0.754872,0.744010,0.749441,1185360,0.000000,0.000000,1.015392
2018-04-12 00:00:00+08:00,0.754872,0.754872,0.733149,0.738580,2274690,0.000000,0.000000,1.004531
2018-04-13 00:00:00+08:00,0.738580,0.744010,0.722287,0.727718,3747700,0.000000,0.000000,0.993669
2018-04-16 00:00:00+08:00,0.727718,0.744010,0.727718,0.744010,1582020,0.000000,0.000000,1.009961
2018-04-17 00:00:00+08:00,0.744010,0.744010,0.738580,0.744010,712910,0.000000,0.000000,1.009961
2018-04-18 00:00:00+08:00,0.744010,0.754872,0.744010,0.744010,2060520,0.000000,0.000000,1.009961
2018-04-19 00:00:00+08:00,0.749441,0.754872,0.744010,0.744010,657690,0.000000,0.000000,1.009961
2018-04-20 00:00:00+08:00,0.744010,0.754872,0.744010,0.754872,838420,0.000000,0.000000,1.020823
2018-04-23 00:00:00+08:00,0.755699,0.755699,0.744667,0.750183,940170,0.019545,0.000000,0.996589
2018-04-24 00:00:00+08:00,0.755699,0.761215,0.755699,0.761215,627880,0.000000,0.000000,1.007621
2018-04-25 00:00:00+08:00,0.755699,0.761215,0.750183,0.755699,980870,0.000000,0.000000,1.002105
2018-04-26 00:00:00+08:00,0.755699,0.761215,0.755699,0.755699,1258620,0.000000,0.000000,1.002105
2018-04-27 00:00:00+08:00,0.755699,0.755699,0.750183,0.750183,409420,0.000000,0.000000,0.996589
2018-04-30 00:00:00+08:00,0.755699,0.755699,0.750183,0.755699,309650,0.000000,0.000000,1.002105
2018-05-02 00:00:00+08:00,0.755699,0.761215,0.755699,0.755699,493460,0.000000,0.000000,1.002105
2018-05-03 00:00:00+08:00,0.761215,0.761215,0.755699,0.761215,406780,0.000000,0.000000,1.007621
2018-05-04 00:00:00+08:00,0.761215,0.761215,0.750183,0.755699,2507340,0.000000,0.000000,1.002105
2018-05-07 00:00:00+08:00,0.755699,0.755699,0.750183,0.755699,220880,0.000000,0.000000,1.002105
2018-05-08 00:00:00+08:00,0.750183,0.755699,0.744667,0.750183,475420,0.000000,0.000000,0.996589
2018-05-09 00:00:00+08:00,0.750183,0.755699,0.744667,0.750183,477730,0.000000,0.000000,0.996589
2018-05-10 00:00:00+08:00,0.750183,0.750183,0.744667,0.744667,180730,0.000000,0.000000,0.991073
2018-05-11 00:00:00+08:00,0.744667,0.750183,0.744667,0.750183,1141910,0.000000,0.000000,0.996589
2018-05-14 00:00:00+08:00,0.744667,0.750183,0.744667,0.744667,441760,0.000000,0.000000,0.991073
2018-05-15 00:00:00+08:00,0.744667,0.750183,0.744667,0.744667,248710,0.000000,0.000000,0.991073
2018-05-16 00:00:00+08:00,0.750183,0.750183,0.744667,0.744667,692780,0.000000,0.000000,0.991073
2018-05-17 00:00:00+08:00,0.744667,0.750183,0.744667,0.750183,429440,0.000000,0.000000,0.996589
2018-05-18 00:00:00+08:00,0.750183,0.750183,0.744667,0.750183,389180,0.000000,0.000000,0.996589
2018-05-21 00:00:00+08:00,0.750183,0.750183,0.744667,0.750183,191180,0.000000,0.000000,0.996589
2018-05-22 00:00:00+08:00,0.750183,0.750183,0.744667,0.744667,424600,0.000000,0.000000,0.991073
2018-05-23 00:00:00+08:00,0.744667,0.750183,0.744667,0.744667,572000,0.000000,0.000000,0.991073
2018-05-24 00:00:00+08:00,0.750183,0.750183,0.744667,0.744667,341440,0.000000,0.000000,0.991073
2018-05-25 00:00:00+08:00,0.744667,0.750183,0.744667,0.750183,335610,0.000000,0.000000,0.996589
2018-05-28 00:00:00+08:00,0.744667,0.750183,0.739151,0.750183,1356630,0.000000,0.000000,0.996589
2018-05-30 00:00:00+08:00,0.750183,0.750183,0.744667,0.750183,712250,0.000000,0.000000,0.996589
2018-05-31 00:00:00+08:00,0.750183,0.761215,0.744667,0.761215,1496000,0.000000,0.000000,1.007621
2018-06-01 00:00:00+08:00,0.755699,0.761215,0.755699,0.761215,325930,0.000000,0.000000,1.007621
2018-06-04 00:00:00+08:00,0.750183,0.761215,0.750183,0.761215,469370,0.000000,0.000000,1.007621
2018-06-05 00:00:00+08:00,0.761215,0.761215,0.755699,0.755699,273900,0.000000,0.000000,1.002105
2018-06-06 00:00:00+08:00,0.761215,0.761215,0.750183,0.755699,743490,0.000000,0.000000,1.002105
2018-06-07 00:00:00+08:00,0.750183,0.755699,0.750183,0.755699,304040,0.000000,0.000000,1.002105
2018-06-08 00:00:00+08:00,0.755699,0.755699,0.750183,0.750183,320650,0.000000,0.000000,0.996589
2018-06-11 00:00:00+08:00,0.750183,0.750183,0.744667,0.744667,905960,0.000000,0.000000,0.991073
2018-06-12 00:00:00+08:00,0.744667,0.750183,0.744667,0.744667,427460,0.000000,0.000000,0.991073
2018-06-13 00:00:00+08:00,0.750183,0.755699,0.744667,0.755699,797720,0.000000,0.000000,1.002105
2018-06-14 00:00:00+08:00,0.755699,0.761215,0.744667,0.761215,1153130,0.000000,0.000000,1.007621
2018-06-18 00:00:00+08:00,0.755699,0.761215,0.750183,0.750183,651420,0.000000,0.000000,0.996589
2018-06-19 00:00:00+08:00,0.755699,0.761215,0.744667,0.750183,885170,0.000000,0.000000,0.996589
2018-06-20 00:00:00+08:00,0.750183,0.755699,0.744667,0.744667,854040,0.000000,0.000000,0.991073
2018-06-21 00:00:00+08:00,0.750183,0.750183,0.739151,0.744667,1548800,0.000000,0.000000,0.991073
2018-06-22 00:00:00+08:00,0.744667,0.750183,0.739151,0.739151,681010,0.000000,0.000000,0.985557
2018-06-25 00:00:00+08:00,0.750183,0.750183,0.744667,0.750183,276870,0.000000,0.000000,0.996589
2018-06-26 00:00:00+08:00,0.744667,0.744667,0.728119,0.733634,3726030,0.000000,0.000000,0.980040
2018-06-27 00:00:00+08:00,0.733635,0.744667,0.733635,0.739151,1204830,0.000000,0.000000,0.985557
2018-06-28 00:00:00+08:00,0.744667,0.750183,0.739151,0.739151,617980,0.000000,0.000000,0.985557
2018-06-29 00:00:00+08:00,0.739151,0.744667,0.733634,0.733634,714340,0.000000,0.000000,0.980040
2018-07-02 00:00:00+08:00,0.733635,0.744667,0.733635,0.744667,549010,0.000000,0.000000,0.991073
2018-07-03 00:00:00+08:00,0.744667,0.744667,0.728119,0.739151,2651880,0.000000,0.000000,0.985557
2018-07-04 00:00:00+08:00,0.739151,0.739151,0.728119,0.728119,1404920,0.000000,0.000000,0.974525
2018-07-05 00:00:00+08:00,0.733634,0.733634,0.717087,0.717087,2592040,0.000000,0.000000,0.963493
2018-07-06 00:00:00+08:00,0.717087,0.722603,0.711571,0.722603,2319900,0.000000,0.000000,0.969009
2018-07-09 00:00:00+08:00,0.722603,0.728119,0.711571,0.722603,1939300,0.000000,0.000000,0.969009
2018-07-10 00:00:00+08:00,0.722603,0.722603,0.717087,0.722603,262020,0.000000,0.000000,0.969009
2018-07-11 00:00:00+08:00,0.722603,0.722603,0.717087,0.722603,261580,0.000000,0.000000,0.969009
2018-07-12 00:00:00+08:00,0.722603,0.728119,0.717087,0.717087,1649780,0.000000,0.000000,0.963493
2018-07-13 00:00:00+08:00,0.722603,0.728119,0.717087,0.728119,1427250,0.000000,0.000000,0.974525
2018-07-16 00:00:00+08:00,0.728119,0.728119,0.722603,0.722603,768460,0.000000,0.000000,0.969009
2018-07-17 00:00:00+08:00,0.722603,0.733634,0.722603,0.733634,861960,0.000000,0.000000,0.980040
2018-07-18 00:00:00+08:00,0.733635,0.739151,0.728119,0.728119,1758790,0.000000,0.000000,0.974525
2018-07-19 00:00:00+08:00,0.733635,0.733635,0.728119,0.728119,682220,0.000000,0.000000,0.974525
2018-07-20 00:00:00+08:00,0.733635,0.733635,0.722603,0.728119,1584990,0.000000,0.000000,0.974525
2018-07-23 00:00:00+08:00,0.728960,0.728960,0.723352,0.728960,1741300,0.019545,0.000000,0.955821
2018-07-24 00:00:00+08:00,0.734567,0.734567,0.723352,0.723352,1777710,0.000000,0.000000,0.950213
2018-07-25 00:00:00+08:00,0.723352,0.728960,0.723352,0.723352,578490,0.000000,0.000000,0.950213
2018-07-26 00:00:00+08:00,0.723352,0.728960,0.717745,0.723352,1835680,0.000000,0.000000,0.950213
2018-07-27 00:00:00+08:00,0.728960,0.728960,0.723352,0.728960,274670,0.000000,0.000000,0.955821
2018-07-30 00:00:00+08:00,0.728960,0.728960,0.723352,0.728960,1532960,0.000000,0.000000,0.955821
2018-07-31 00:00:00+08:00,0.723352,0.728960,0.717745,0.723352,1630750,0.000000,0.000000,0.950213
2018-08-01 00:00:00+08:00,0.723352,0.723352,0.717745,0.723352,693660,0.000000,0.000000,0.950213
2018-08-02 00:00:00+08:00,0.723352,0.723352,0.717745,0.723352,285890,0.000000,0.000000,0.950213
2018-08-03 00:00:00+08:00,0.723352,0.728960,0.717745,0.728960,763290,0.000000,0.000000,0.955821
2018-08-06 00:00:00+08:00,0.728960,0.728960,0.723352,0.723352,693330,0.000000,0.000000,0.950213
2018-08-07 00:00:00+08:00,0.723352,0.728960,0.723352,0.723352,371910,0.000000,0.000000,0.950213
2018-08-08 00:00:00+08:00,0.728960,0.728960,0.717745,0.723352,491040,0.000000,0.000000,0.950213
2018-08-10 00:00:00+08:00,0.728960,0.728960,0.717745,0.723352,796840,0.000000,0.000000,0.950213
2018-08-13 00:00:00+08:00,0.723352,0.723352,0.717745,0.717745,809710,0.000000,0.000000,0.944606
2018-08-14 00:00:00+08:00,0.723352,0.723352,0.717745,0.723352,657690,0.000000,0.000000,0.950213
2018-08-15 00:00:00+08:00,0.723352,0.723352,0.717745,0.717745,535150,0.000000,0.000000,0.944606
2018-08-16 00:00:00+08:00,0.717745,0.723352,0.717745,0.717745,218240,0.000000,0.000000,0.944606
2018-08-17 00:00:00+08:00,0.717745,0.723352,0.717745,0.717745,231880,0.000000,0.000000,0.944606
2018-08-20 00:00:00+08:00,0.723352,0.723352,0.712137,0.717745,911570,0.000000,0.000000,0.944606
2018-08-21 00:00:00+08:00,0.717745,0.723352,0.717745,0.717745,298430,0.000000,0.000000,0.944606
2018-08-23 00:00:00+08:00,0.717745,0.723352,0.717745,0.717745,338800,0.000000,0.000000,0.944606
2018-08-24 00:00:00+08:00,0.717745,0.728960,0.717745,0.728960,427130,0.000000,0.000000,0.955821
2018-08-27 00:00:00+08:00,0.723352,0.728960,0.723352,0.728960,434500,0.000000,0.000000,0.955821
2018-08-28 00:00:00+08:00,0.728960,0.728960,0.723352,0.723352,138600,0.000000,0.000000,0.950213
2018-08-29 00:00:00+08:00,0.728960,0.728960,0.723352,0.723352,308880,0.000000,0.000000,0.950213
2018-08-30 00:00:00+08:00,0.728960,0.728960,0.717745,0.723352,701910,0.000000,0.000000,0.950213
2018-08-31 00:00:00+08:00,0.728960,0.728960,0.723352,0.723352,402380,0.000000,0.000000,0.950213
2018-09-03 00:00:00+08:00,0.723352,0.728960,0.717745,0.723352,508750,0.000000,0.000000,0.950213
2018-09-04 00:00:00+08:00,0.723352,0.723352,0.717745,0.717745,708840,0.000000,0.000000,0.944606
2018-09-05 00:00:00+08:00,0.717745,0.723352,0.717745,0.717745,614020,0.000000,0.000000,0.944606
2018-09-06 00:00:00+08:00,0.723352,0.723352,0.717745,0.717745,358930,0.000000,0.000000,0.944606
2018-09-07 00:00:00+08:00,0.717745,0.723352,0.717745,0.717745,1240580,0.000000,0.000000,0.944606
2018-09-10 00:00:00+08:00,0.717745,0.717745,0.700922,0.700922,1362350,0.000000,0.000000,0.927783
2018-09-11 00:00:00+08:00,0.700922,0.706530,0.695315,0.695315,894630,0.000000,0.000000,0.922176
2018-09-12 00:00:00+08:00,0.700922,0.700922,0.689708,0.700922,1462560,0.000000,0.000000,0.927783
2018-09-13 00:00:00+08:00,0.700922,0.700922,0.695315,0.695315,478940,0.000000,0.000000,0.922176
2018-09-14 00:00:00+08:00,0.695315,0.700923,0.689708,0.689708,743600,0.000000,0.000000,0.916569
2018-09-17 00:00:00+08:00,0.695315,0.695315,0.689708,0.695315,711260,0.000000,0.000000,0.922176
2018-09-18 00:00:00+08:00,0.695315,0.695315,0.695315,0.695315,0,0.000000,0.000000,0.922176
2018-09-19 00:00:00+08:00,0.695315,0.700922,0.689708,0.700922,1171720,0.000000,0.000000,0.927783
2018-09-20 00:00:00+08:00,0.700922,0.700922,0.695315,0.695315,819720,0.000000,0.000000,0.922176
2018-09-21 00:00:00+08:00,0.695315,0.695315,0.684100,0.684100,2419560,0.000000,0.000000,0.910961
2018-09-24 00:00:00+08:00,0.689708,0.689708,0.684100,0.684100,778360,0.000000,0.000000,0.910961
2018-09-25 00:00:00+08:00,0.684100,0.689708,0.684100,0.684100,719510,0.000000,0.000000,0.910961
2018-09-26 00:00:00+08:00,0.689708,0.689708,0.684100,0.684100,584430,0.000000,0.000000,0.910961
2018-09-27 00:00:00+08:00,0.689708,0.695315,0.684100,0.689708,643500,0.000000,0.000000,0.916569
2018-09-28 00:00:00+08:00,0.689708,0.706530,0.689708,0.706530,801900,0.000000,0.000000,0.933391
2018-10-01 00:00:00+08:00,0.706530,0.712137,0.695315,0.695315,1216710,0.000000,0.000000,0.922176
2018-10-02 00:00:00+08:00,0.695315,0.700922,0.695315,0.700922,623590,0.000000,0.000000,0.927783
2018-10-03 00:00:00+08:00,0.700922,0.700922,0.689708,0.695315,482570,0.000000,0.000000,0.922176
2018-10-04 00:00:00+08:00,0.695315,0.695315,0.684100,0.689708,1698400,0.000000,0.000000,0.916569
2018-10-05 00:00:00+08:00,0.684100,0.689708,0.684100,0.684100,946550,0.000000,0.000000,0.910961
2018-10-08 00:00:00+08:00,0.684100,0.684100,0.672886,0.672886,6411274,0.000000,0.000000,0.899747
2018-10-09 00:00:00+08:00,0.672886,0.672886,0.661671,0.667278,1565740,0.000000,0.000000,0.894139
2018-10-10 00:00:00+08:00,0.661671,0.667278,0.661671,0.667278,2117280,0.000000,0.000000,0.894139
2018-10-11 00:00:00+08:00,0.656064,0.656064,0.650456,0.650456,1146970,0.000000,0.000000,0.877317
2018-10-12 00:00:00+08:00,0.650456,0.661671,0.644849,0.656064,1394140,0.000000,0.000000,0.882925
2018-10-15 00:00:00+08:00,0.656064,0.661671,0.650456,0.656064,704110,0.000000,0.000000,0.882925
2018-10-16 00:00:00+08:00,0.656063,0.661671,0.650456,0.661671,691900,0.000000,0.000000,0.888532
2018-10-17 00:00:00+08:00,0.661671,0.672886,0.661671,0.672886,1164790,0.000000,0.000000,0.899747
2018-10-18 00:00:00+08:00,0.672886,0.672886,0.661671,0.672886,1428900,0.000000,0.000000,0.899747
2018-10-19 00:00:00+08:00,0.667278,0.667278,0.661671,0.667278,1188110,0.000000,0.000000,0.894139
2018-10-22 00:00:00+08:00,0.667279,0.672886,0.661671,0.672886,1101100,0.000000,0.000000,0.899747
2018-10-23 00:00:00+08:00,0.672886,0.672886,0.661671,0.667278,921800,0.000000,0.000000,0.894139
2018-10-24 00:00:00+08:00,0.667279,0.678494,0.667279,0.678494,1183930,0.000000,0.000000,0.905355
2018-10-25 00:00:00+08:00,0.672886,0.689708,0.672886,0.678494,1039610,0.000000,0.000000,0.905355
2018-10-26 00:00:00+08:00,0.684100,0.689708,0.678493,0.689708,712360,0.000000,0.000000,0.916569
2018-10-29 00:00:00+08:00,0.689708,0.689708,0.678494,0.684100,659670,0.000000,0.000000,0.910961
2018-10-30 00:00:00+08:00,0.684957,0.690665,0.679249,0.684957,663630,0.019545,0.000000,0.892273
2018-10-31 00:00:00+08:00,0.679249,0.684957,0.673541,0.684957,1065130,0.000000,0.000000,0.892273
2018-11-01 00:00:00+08:00,0.679249,0.684957,0.679249,0.679249,389290,0.000000,0.000000,0.886565
2018-11-02 00:00:00+08:00,0.679249,0.684957,0.673541,0.679249,837980,0.000000,0.000000,0.886565
2018-11-05 00:00:00+08:00,0.679249,0.679249,0.667832,0.673541,701580,0.000000,0.000000,0.880857
2018-11-07 00:00:00+08:00,0.667833,0.673541,0.667833,0.667833,600050,0.000000,0.000000,0.875149
2018-11-08 00:00:00+08:00,0.673541,0.673541,0.667833,0.667833,349910,0.000000,0.000000,0.875149
2018-11-09 00:00:00+08:00,0.673541,0.673541,0.667833,0.667833,663300,0.000000,0.000000,0.875149
2018-11-12 00:00:00+08:00,0.673541,0.673541,0.667832,0.673541,710160,0.000000,0.000000,0.880857
2018-11-13 00:00:00+08:00,0.667833,0.667833,0.662125,0.667833,622930,0.000000,0.000000,0.875149
2018-11-14 00:00:00+08:00,0.667832,0.667832,0.656416,0.662125,1999470,0.000000,0.000000,0.869441
2018-11-15 00:00:00+08:00,0.656416,0.662125,0.650708,0.662125,751520,0.000000,0.000000,0.869441
2018-11-16 00:00:00+08:00,0.656416,0.656416,0.627877,0.639292,3626040,0.000000,0.000000,0.846608
2018-11-19 00:00:00+08:00,0.633584,0.639292,0.582213,0.593629,5131830,0.000000,0.000000,0.800945
2018-11-20 00:00:00+08:00,0.587921,0.587921,0.525133,0.556527,9492619,0.000000,0.000000,0.763843
2018-11-21 00:00:00+08:00,0.553673,0.567943,0.539403,0.565089,4591070,0.000000,0.000000,0.772405
2018-11-22 00:00:00+08:00,0.565089,0.593629,0.565089,0.593629,2587200,0.000000,0.000000,0.800945
2018-11-23 00:00:00+08:00,0.593629,0.599337,0.582213,0.587921,717640,0.000000,0.000000,0.795237
2018-11-26 00:00:00+08:00,0.587921,0.587921,0.553673,0.562235,3303410,0.000000,0.000000,0.769551
2018-11-27 00:00:00+08:00,0.562235,0.565089,0.556527,0.559381,1676950,0.000000,0.000000,0.766697
2018-11-28 00:00:00+08:00,0.559381,0.582213,0.559381,0.582213,2126850,0.000000,0.000000,0.789529
2018-11-29 00:00:00+08:00,0.582213,0.593629,0.576505,0.582213,1106820,0.000000,0.000000,0.789529
2018-11-30 00:00:00+08:00,0.582213,0.593629,0.576505,0.593629,1070410,0.000000,0.000000,0.800945
2018-12-03 00:00:00+08:00,0.593629,0.599337,0.582213,0.582213,1049599,0.000000,0.000000,0.789529
2018-12-04 00:00:00+08:00,0.582213,0.587921,0.576505,0.587921,813670,0.000000,0.000000,0.795237
2018-12-05 00:00:00+08:00,0.582213,0.582213,0.570797,0.576505,1190860,0.000000,0.000000,0.783821
2018-12-06 00:00:00+08:00,0.576505,0.593629,0.576505,0.593629,1700050,0.000000,0.000000,0.800945
2018-12-07 00:00:00+08:00,0.593629,0.599337,0.587921,0.593629,842050,0.000000,0.000000,0.800945
2018-12-10 00:00:00+08:00,0.593629,0.593629,0.587921,0.593629,304150,0.000000,0.000000,0.800945
2018-12-11 00:00:00+08:00,0.593629,0.599337,0.587921,0.593629,934230,0.000000,0.000000,0.800945
2018-12-12 00:00:00+08:00,0.593629,0.593629,0.582213,0.593629,767030,0.000000,0.000000,0.800945
2018-12-13 00:00:00+08:00,0.593629,0.593629,0.570797,0.570797,1250480,0.000000,0.000000,0.778113
2018-12-14 00:00:00+08:00,0.576505,0.582213,0.570797,0.576505,467610,0.000000,0.000000,0.783821
2018-12-17 00:00:00+08:00,0.582213,0.587921,0.576505,0.582213,585750,0.000000,0.000000,0.789529
2018-12-18 00:00:00+08:00,0.582213,0.587921,0.570797,0.570797,721600,0.000000,0.000000,0.778113
2018-12-19 00:00:00+08:00,0.570797,0.570797,0.565089,0.567943,722480,0.000000,0.000000,0.775259
2018-12-20 00:00:00+08:00,0.567943,0.567943,0.553673,0.556527,1238490,0.000000,0.000000,0.763843
2018-12-21 00:00:00+08:00,0.556527,0.556527,0.536549,0.545111,1934460,0.000000,0.000000,0.752427
2018-12-24 00:00:00+08:00,0.542257,0.559381,0.542257,0.559381,450010,0.000000,0.000000,0.766697
2018-12-26 00:00:00+08:00,0.559381,0.559381,0.550819,0.550819,705650,0.000000,0.000000,0.758135
2018-12-27 00:00:00+08:00,0.556527,0.562235,0.553673,0.559381,394680,0.000000,0.000000,0.766697
2018-12-28 00:00:00+08:00,0.559381,0.562235,0.556527,0.556527,483890,0.000000,0.000000,0.763843
2018-12-31 00:00:00+08:00,0.556527,0.562235,0.556527,0.562235,209440,0.000000,0.000000,0.769551
2019-01-01 00:00:00+08:00,0.562235,0.562235,0.562235,0.562235,0,0.000000,0.000000,0.769551
2019-01-02 00:00:00+08:00,0.562235,0.562235,0.559381,0.559381,219560,0.000000,0.000000,0.766697
2019-01-03 00:00:00+08:00,0.562235,0.567943,0.559381,0.565089,652740,0.000000,0.000000,0.772405
2019-01-04 00:00:00+08:00,0.562235,0.565089,0.559381,0.562235,172370,0.000000,0.000000,0.769551
2019-01-07 00:00:00+08:00,0.567943,0.576505,0.565089,0.570797,719400,0.000000,0.000000,0.778113
2019-01-08 00:00:00+08:00,0.576505,0.582213,0.570797,0.582213,632940,0.000000,0.000000,0.789529
2019-01-09 00:00:00+08:00,0.582213,0.587921,0.576505,0.582213,679580,0.000000,0.000000,0.789529
2019-01-10 00:00:00+08:00,0.587921,0.593629,0.587921,0.593629,523930,0.000000,0.000000,0.800945
2019-01-11 00:00:00+08:00,0.593629,0.599337,0.587921,0.593629,870430,0.000000,0.000000,0.800945
2019-01-14 00:00:00+08:00,0.593629,0.599337,0.593629,0.599337,329560,0.000000,0.000000,0.806653
2019-01-15 00:00:00+08:00,0.599337,0.599337,0.587921,0.593629,635800,0.000000,0.000000,0.800945
2019-01-16 00:00:00+08:00,0.599337,0.599337,0.582213,0.587921,1297560,0.000000,0.000000,0.795237
2019-01-17 00:00:00+08:00,0.582213,0.587921,0.559381,0.576505,3287680,0.000000,0.000000,0.783821
2019-01-18 00:00:00+08:00,0.576505,0.593629,0.576505,0.587921,937640,0.000000,0.000000,0.795237
2019-01-21 00:00:00+08:00,0.593629,0.593629,0.582213,0.582213,2363680,0.000000,0.000000,0.789529
2019-01-22 00:00:00+08:00,0.582213,0.593629,0.582213,0.587921,1150490,0.000000,0.000000,0.795237
2019-01-23 00:00:00+08:00,0.594625,0.594625,0.588795,0.594625,611600,0.019545,0.000000,0.782396
2019-01-24 00:00:00+08:00,0.594625,0.594625,0.588795,0.594625,234410,0.000000,0.000000,0.782396
2019-01-25 00:00:00+08:00,0.594624,0.612114,0.588795,0.606284,2437820,0.000000,0.000000,0.794055
2019-01-28 00:00:00+08:00,0.612114,0.629603,0.606284,0.629603,2562890,0.000000,0.000000,0.817374
2019-01-29 00:00:00+08:00,0.623773,0.641262,0.623773,0.629603,1152690,0.000000,0.000000,0.817374
2019-01-30 00:00:00+08:00,0.635432,0.635432,0.617943,0.617943,1468280,0.000000,0.000000,0.805714
2019-01-31 00:00:00+08:00,0.623773,0.635432,0.623773,0.635432,1391390,0.000000,0.000000,0.823203
2019-02-01 00:00:00+08:00,0.635433,0.647091,0.629603,0.641262,1969440,0.000000,0.000000,0.829033
2019-02-04 00:00:00+08:00,0.641262,0.647091,0.641262,0.641262,527010,0.000000,0.000000,0.829033
2019-02-05 00:00:00+08:00,0.641262,0.641262,0.641262,0.641262,0,0.000000,0.000000,0.829033
2019-02-07 00:00:00+08:00,0.647091,0.652921,0.641262,0.647091,1219790,0.000000,0.000000,0.834862
2019-02-08 00:00:00+08:00,0.647091,0.664580,0.647091,0.664580,879560,0.000000,0.000000,0.852351
2019-02-11 00:00:00+08:00,0.664580,0.664580,0.629603,0.635432,3176140,0.000000,0.000000,0.823203
2019-02-12 00:00:00+08:00,0.623773,0.629603,0.606284,0.612114,3141490,0.000000,0.000000,0.799885
2019-02-13 00:00:00+08:00,0.612114,0.623773,0.606284,0.617943,1325060,0.000000,0.000000,0.805714
2019-02-14 00:00:00+08:00,0.617943,0.623773,0.606284,0.612114,1277320,0.000000,0.000000,0.799885
2019-02-15 00:00:00+08:00,0.612114,0.617943,0.606284,0.612114,608300,0.000000,0.000000,0.799885
2019-02-18 00:00:00+08:00,0.612114,0.617943,0.612114,0.612114,836220,0.000000,0.000000,0.799885
2019-02-19 00:00:00+08:00,0.612114,0.612114,0.606284,0.612114,505560,0.000000,0.000000,0.799885
2019-02-20 00:00:00+08:00,0.612114,0.617943,0.606284,0.617943,487520,0.000000,0.000000,0.805714
2019-02-21 00:00:00+08:00,0.612114,0.629603,0.612114,0.629603,1466190,0.000000,0.000000,0.817374
2019-02-22 00:00:00+08:00,0.629603,0.629603,0.617943,0.617943,997700,0.000000,0.000000,0.805714
2019-02-25 00:00:00+08:00,0.617943,0.623773,0.606284,0.617943,1090980,0.000000,0.000000,0.805714
2019-02-26 00:00:00+08:00,0.612114,0.623773,0.612114,0.617943,1172820,0.000000,0.000000,0.805714
2019-02-27 00:00:00+08:00,0.623773,0.641262,0.623773,0.629603,2166670,0.000000,0.000000,0.817374
2019-02-28 00:00:00+08:00,0.629603,0.635433,0.623773,0.629603,387420,0.000000,0.000000,0.817374
2019-03-01 00:00:00+08:00,0.623773,0.635432,0.594624,0.600454,5385820,0.000000,0.000000,0.788225
2019-03-04 00:00:00+08:00,0.600454,0.606284,0.588795,0.594625,3391520,0.000000,0.000000,0.782396
2019-03-05 00:00:00+08:00,0.594625,0.600454,0.580051,0.582965,2451130,0.000000,0.000000,0.770736
2019-03-06 00:00:00+08:00,0.588795,0.600454,0.580051,0.582965,3072190,0.000000,0.000000,0.770736
2019-03-07 00:00:00+08:00,0.582965,0.588795,0.582965,0.588795,662530,0.000000,0.000000,0.776566
2019-03-08 00:00:00+08:00,0.588795,0.594625,0.580051,0.582965,1748230,0.000000,0.000000,0.770736
2019-03-11 00:00:00+08:00,0.588795,0.588795,0.582965,0.582965,1277650,0.000000,0.000000,0.770736
2019-03-12 00:00:00+08:00,0.588795,0.594625,0.580051,0.582965,3528360,0.000000,0.000000,0.770736
2019-03-13 00:00:00+08:00,0.588795,0.588795,0.580051,0.582965,2071630,0.000000,0.000000,0.770736
2019-03-14 00:00:00+08:00,0.582965,0.588795,0.580051,0.582965,1219680,0.000000,0.000000,0.770736
2019-03-15 00:00:00+08:00,0.582965,0.588795,0.580051,0.580051,1819950,0.000000,0.000000,0.767822
2019-03-18 00:00:00+08:00,0.580051,0.588795,0.580051,0.582965,1097360,0.000000,0.000000,0.770736
2019-03-19 00:00:00+08:00,0.582965,0.588795,0.577136,0.580051,2101990,0.000000,0.000000,0.767822
2019-03-20 00:00:00+08:00,0.580051,0.580051,0.577136,0.580051,930930,0.000000,0.000000,0.767822
2019-03-21 00:00:00+08:00,0.580051,0.582965,0.577136,0.580051,1400190,0.000000,0.000000,0.767822
2019-03-22 00:00:00+08:00,0.580051,0.588795,0.574221,0.577136,4542890,0.000000,0.000000,0.764907
2019-03-25 00:00:00+08:00,0.577136,0.588795,0.577136,0.580051,1874950,0.000000,0.000000,0.767822
2019-03-26 00:00:00+08:00,0.580051,0.582965,0.577136,0.580051,961620,0.000000,0.000000,0.767822
2019-03-27 00:00:00+08:00,0.580051,0.582965,0.574221,0.577136,3242580,0.000000,0.000000,0.764907
2019-03-28 00:00:00+08:00,0.577136,0.582965,0.574221,0.577136,3052060,0.000000,0.000000,0.764907
2019-03-29 00:00:00+08:00,0.580051,0.580051,0.574221,0.577136,2788280,0.000000,0.000000,0.764907
2019-04-01 00:00:00+08:00,0.580051,0.582965,0.574221,0.580051,3851870,0.000000,0.000000,0.767822
2019-04-02 00:00:00+08:00,0.580051,0.580051,0.574221,0.580051,3418030,0.000000,0.000000,0.767822
2019-04-03 00:00:00+08:00,0.580051,0.582965,0.577136,0.580051,1326270,0.000000,0.000000,0.767822
2019-04-04 00:00:00+08:00,0.580051,0.580051,0.574221,0.577136,2942280,0.000000,0.000000,0.764907
2019-04-05 00:00:00+08:00,0.577136,0.580051,0.574221,0.577136,2254670,0.000000,0.000000,0.764907
2019-04-08 00:00:00+08:00,0.577136,0.580051,0.577136,0.577136,2600620,0.000000,0.000000,0.764907
2019-04-09 00:00:00+08:00,0.580051,0.588795,0.574221,0.580051,6361520,0.000000,0.000000,0.767822
2019-04-10 00:00:00+08:00,0.580051,0.580051,0.574221,0.577136,5079690,0.000000,0.000000,0.764907
2019-04-11 00:00:00+08:00,0.580051,0.588795,0.574221,0.580051,10774060,0.000000,0.000000,0.767822
2019-04-12 00:00:00+08:00,0.577136,0.580051,0.577136,0.580051,4378880,0.000000,0.000000,0.767822
2019-04-15 00:00:00+08:00,0.580051,0.582965,0.571306,0.577136,9130440,0.000000,0.000000,0.764907
2019-04-16 00:00:00+08:00,0.577136,0.580051,0.571306,0.574221,3973970,0.000000,0.000000,0.761992
2019-04-17 00:00:00+08:00,0.578095,0.587034,0.575114,0.581074,2874080,0.019545,0.000000,0.749300
2019-04-18 00:00:00+08:00,0.584054,0.584054,0.581074,0.584054,893310,0.000000,0.000000,0.752280
2019-04-22 00:00:00+08:00,0.587034,0.587034,0.581074,0.584054,1933910,0.000000,0.000000,0.752280
2019-04-23 00:00:00+08:00,0.587034,0.587034,0.575115,0.578095,2651000,0.000000,0.000000,0.746321
2019-04-24 00:00:00+08:00,0.578095,0.581074,0.575115,0.578095,1748560,0.000000,0.000000,0.746321
2019-04-25 00:00:00+08:00,0.578095,0.581074,0.566175,0.569155,4824160,0.000000,0.000000,0.737381
2019-04-26 00:00:00+08:00,0.566175,0.566175,0.557236,0.563195,5762130,0.000000,0.000000,0.731421
2019-04-29 00:00:00+08:00,0.563195,0.569155,0.560215,0.563195,3138300,0.000000,0.000000,0.731421
2019-04-30 00:00:00+08:00,0.566175,0.581074,0.563195,0.578095,2380510,0.000000,0.000000,0.746321
2019-05-02 00:00:00+08:00,0.581074,0.584055,0.578095,0.578095,1506230,0.000000,0.000000,0.746321
2019-05-03 00:00:00+08:00,0.581074,0.590014,0.581074,0.587034,1505570,0.000000,0.000000,0.755260
2019-05-06 00:00:00+08:00,0.587034,0.587034,0.575115,0.578095,2496670,0.000000,0.000000,0.746321
2019-05-07 00:00:00+08:00,0.581074,0.590014,0.581074,0.590014,1420320,0.000000,0.000000,0.758240
2019-05-08 00:00:00+08:00,0.584055,0.590014,0.584055,0.590014,1208460,0.000000,0.000000,0.758240
2019-05-09 00:00:00+08:00,0.590014,0.590014,0.581074,0.584054,1472350,0.000000,0.000000,0.752280
2019-05-10 00:00:00+08:00,0.587034,0.590014,0.584054,0.587034,749100,0.000000,0.000000,0.755260
2019-05-13 00:00:00+08:00,0.590014,0.590014,0.584054,0.587034,1161270,0.000000,0.000000,0.755260
2019-05-14 00:00:00+08:00,0.584054,0.587034,0.581074,0.587034,1024760,0.000000,0.000000,0.755260
2019-05-15 00:00:00+08:00,0.587034,0.590014,0.584055,0.590014,871200,0.000000,0.000000,0.758240
2019-05-16 00:00:00+08:00,0.587034,0.590014,0.587034,0.587034,320760,0.000000,0.000000,0.755260
2019-05-17 00:00:00+08:00,0.587034,0.590014,0.584054,0.587034,1014640,0.000000,0.000000,0.755260
2019-05-21 00:00:00+08:00,0.590014,0.590014,0.587034,0.587034,688490,0.000000,0.000000,0.755260
2019-05-22 00:00:00+08:00,0.590014,0.592994,0.587034,0.590014,1038620,0.000000,0.000000,0.758240
2019-05-23 00:00:00+08:00,0.592994,0.595973,0.587034,0.592994,1966580,0.000000,0.000000,0.761220
2019-05-24 00:00:00+08:00,0.592994,0.592994,0.590014,0.590014,158070,0.000000,0.000000,0.758240
2019-05-27 00:00:00+08:00,0.592994,0.595973,0.590014,0.592994,472120,0.000000,0.000000,0.761220
2019-05-28 00:00:00+08:00,0.592994,0.607893,0.592994,0.607893,2236190,0.000000,0.000000,0.776119
2019-05-29 00:00:00+08:00,0.607893,0.607893,0.601933,0.601933,795410,0.000000,0.000000,0.770159
2019-05-30 00:00:00+08:00,0.601933,0.607893,0.595973,0.601933,1185250,0.000000,0.000000,0.770159
2019-05-31 00:00:00+08:00,0.601933,0.601933,0.590014,0.595973,1889470,0.000000,0.000000,0.764199
2019-06-03 00:00:00+08:00,0.595973,0.595973,0.587034,0.587034,1911140,0.000000,0.000000,0.755260
2019-06-04 00:00:00+08:00,0.587034,0.592994,0.587034,0.590014,1771990,0.000000,0.000000,0.758240
2019-06-06 00:00:00+08:00,0.592994,0.607893,0.592994,0.601933,2957680,0.000000,0.000000,0.770159
2019-06-07 00:00:00+08:00,0.601933,0.607893,0.592994,0.592994,1635920,0.000000,0.000000,0.761220
2019-06-10 00:00:00+08:00,0.592994,0.601933,0.592994,0.595973,965140,0.000000,0.000000,0.764199
2019-06-11 00:00:00+08:00,0.595973,0.607893,0.595973,0.601933,2043360,0.000000,0.000000,0.770159
2019-06-12 00:00:00+08:00,0.601933,0.613853,0.601933,0.601933,2164360,0.000000,0.000000,0.770159
2019-06-13 00:00:00+08:00,0.607893,0.613853,0.601933,0.613853,1586750,0.000000,0.000000,0.782079
2019-06-14 00:00:00+08:00,0.613853,0.613853,0.601933,0.601933,875380,0.000000,0.000000,0.770159
2019-06-17 00:00:00+08:00,0.607893,0.619813,0.601933,0.613853,1536810,0.000000,0.000000,0.782079
2019-06-18 00:00:00+08:00,0.613853,0.619813,0.607893,0.607893,1415810,0.000000,0.000000,0.776119
2019-06-19 00:00:00+08:00,0.613853,0.619813,0.607893,0.613853,1480160,0.000000,0.000000,0.782079
2019-06-20 00:00:00+08:00,0.613853,0.613853,0.601933,0.607893,2415270,0.000000,0.000000,0.776119
2019-06-21 00:00:00+08:00,0.607893,0.613853,0.601933,0.607893,3529900,0.000000,0.000000,0.776119
2019-06-24 00:00:00+08:00,0.601933,0.607893,0.601933,0.601933,1186350,0.000000,0.000000,0.770159
2019-06-25 00:00:00+08:00,0.601933,0.607893,0.595973,0.601933,3378870,0.000000,0.000000,0.770159
2019-06-26 00:00:00+08:00,0.595973,0.601933,0.595973,0.595973,1506010,0.000000,0.000000,0.764199
2019-06-27 00:00:00+08:00,0.601933,0.613853,0.601933,0.613853,1898600,0.000000,0.000000,0.782079
2019-06-28 00:00:00+08:00,0.613853,0.613853,0.607893,0.613853,2053810,0.000000,0.000000,0.782079
2019-07-01 00:00:00+08:00,0.613853,0.619813,0.613853,0.613853,2241800,0.000000,0.000000,0.782079
2019-07-02 00:00:00+08:00,0.619813,0.619813,0.613853,0.613853,1486100,0.000000,0.000000,0.782079
2019-07-03 00:00:00+08:00,0.619812,0.631732,0.619812,0.625772,4611530,0.000000,0.000000,0.793998
2019-07-04 00:00:00+08:00,0.625772,0.637692,0.625772,0.631732,2506900,0.000000,0.000000,0.799958
2019-07-05 00:00:00+08:00,0.631732,0.637692,0.625772,0.631732,2285580,0.000000,0.000000,0.799958
2019-07-08 00:00:00+08:00,0.631732,0.631732,0.619812,0.625772,2277330,0.000000,0.000000,0.793998
2019-07-09 00:00:00+08:00,0.631732,0.637692,0.625772,0.631732,1931710,0.000000,0.000000,0.799958
2019-07-10 00:00:00+08:00,0.631732,0.637692,0.631732,0.631732,2354220,0.000000,0.000000,0.799958
2019-07-11 00:00:00+08:00,0.631732,0.643652,0.631732,0.631732,2878260,0.000000,0.000000,0.799958
2019-07-12 00:00:00+08:00,0.637692,0.637692,0.631732,0.637692,916740,0.000000,0.000000,0.805918
2019-07-15 00:00:00+08:00,0.637692,0.643652,0.637692,0.643652,1605230,0.000000,0.000000,0.811878
2019-07-16 00:00:00+08:00,0.643652,0.643652,0.637692,0.643652,1385890,0.000000,0.000000,0.811878
2019-07-17 00:00:00+08:00,0.643652,0.643652,0.637692,0.637692,644820,0.000000,0.000000,0.805918
2019-07-18 00:00:00+08:00,0.637692,0.643652,0.631732,0.637692,1667490,0.000000,0.000000,0.805918
2019-07-19 00:00:00+08:00,0.637692,0.643652,0.631732,0.637692,2013550,0.000000,0.000000,0.805918
2019-07-22 00:00:00+08:00,0.637692,0.649612,0.637692,0.637692,1010350,0.000000,0.000000,0.805918
2019-07-23 00:00:00+08:00,0.643652,0.649612,0.637692,0.649612,663960,0.000000,0.000000,0.817838
2019-07-24 00:00:00+08:00,0.649611,0.667490,0.649611,0.655571,3060090,0.000000,0.000000,0.823797
2019-07-25 00:00:00+08:00,0.661530,0.667490,0.655571,0.661530,1810490,0.000000,0.000000,0.829756
2019-07-26 00:00:00+08:00,0.661530,0.667490,0.655571,0.655571,1415370,0.000000,0.000000,0.823797
2019-07-29 00:00:00+08:00,0.655571,0.667490,0.655571,0.661530,925870,0.000000,0.000000,0.829756
2019-07-30 00:00:00+08:00,0.667490,0.667490,0.661530,0.661530,721600,0.000000,0.000000,0.829756
2019-07-31 00:00:00+08:00,0.667490,0.667490,0.661530,0.661530,1466850,0.000000,0.000000,0.829756
2019-08-01 00:00:00+08:00,0.661530,0.667490,0.655571,0.661530,1672550,0.000000,0.000000,0.829756
2019-08-02 00:00:00+08:00,0.655571,0.661530,0.655571,0.661530,1169080,0.000000,0.000000,0.829756
2019-08-05 00:00:00+08:00,0.661530,0.661530,0.643652,0.643652,2310000,0.000000,0.000000,0.811878
2019-08-06 00:00:00+08:00,0.637692,0.643652,0.619812,0.625772,5124020,0.000000,0.000000,0.793998
2019-08-07 00:00:00+08:00,0.625772,0.637692,0.619812,0.625772,2651990,0.000000,0.000000,0.793998
2019-08-08 00:00:00+08:00,0.625772,0.631732,0.625772,0.631732,2101220,0.000000,0.000000,0.799958
2019-08-13 00:00:00+08:00,0.631732,0.637692,0.625772,0.625772,2866710,0.000000,0.000000,0.793998
2019-08-14 00:00:00+08:00,0.632769,0.638853,0.626685,0.626685,1689600,0.019545,0.000000,0.775366
2019-08-15 00:00:00+08:00,0.626685,0.632769,0.614516,0.620600,4300120,0.000000,0.000000,0.769281
2019-08-16 00:00:00+08:00,0.614516,0.620600,0.608431,0.614516,2202970,0.000000,0.000000,0.763197
2019-08-19 00:00:00+08:00,0.614516,0.632769,0.614516,0.626685,3223770,0.000000,0.000000,0.775366
2019-08-20 00:00:00+08:00,0.626685,0.626685,0.620600,0.626685,2291410,0.000000,0.000000,0.775366
2019-08-21 00:00:00+08:00,0.626685,0.632769,0.620600,0.632769,1090320,0.000000,0.000000,0.781450
2019-08-22 00:00:00+08:00,0.626685,0.626685,0.614516,0.620600,3015430,0.000000,0.000000,0.769281
2019-08-23 00:00:00+08:00,0.620600,0.626685,0.614516,0.620600,1730300,0.000000,0.000000,0.769281
2019-08-26 00:00:00+08:00,0.614516,0.620600,0.605390,0.608431,5547410,0.000000,0.000000,0.757112
2019-08-27 00:00:00+08:00,0.608431,0.614516,0.605390,0.605390,3526710,0.000000,0.000000,0.754071
2019-08-28 00:00:00+08:00,0.608431,0.614516,0.605390,0.608431,3153040,0.000000,0.000000,0.757112
2019-08-29 00:00:00+08:00,0.608431,0.614516,0.605390,0.608431,2718870,0.000000,0.000000,0.757112
2019-08-30 00:00:00+08:00,0.608431,0.614516,0.605390,0.608431,4314970,0.000000,0.000000,0.757112
2019-09-02 00:00:00+08:00,0.608431,0.614516,0.608431,0.608431,2194060,0.000000,0.000000,0.757112
2019-09-03 00:00:00+08:00,0.608431,0.620600,0.608431,0.614516,992970,0.000000,0.000000,0.763197
2019-09-04 00:00:00+08:00,0.620600,0.638853,0.614516,0.638853,3020380,0.000000,0.000000,0.787534
2019-09-05 00:00:00+08:00,0.638853,0.644938,0.632769,0.638853,2266550,0.000000,0.000000,0.787534
2019-09-06 00:00:00+08:00,0.644938,0.651022,0.638853,0.644938,1019810,0.000000,0.000000,0.793619
2019-09-09 00:00:00+08:00,0.644938,0.651022,0.638853,0.638853,680680,0.000000,0.000000,0.787534
2019-09-10 00:00:00+08:00,0.644938,0.651022,0.638853,0.651022,1058970,0.000000,0.000000,0.799703
2019-09-11 00:00:00+08:00,0.651022,0.657107,0.644938,0.651022,1471910,0.000000,0.000000,0.799703
2019-09-12 00:00:00+08:00,0.651022,0.657107,0.651022,0.651022,1711380,0.000000,0.000000,0.799703
2019-09-13 00:00:00+08:00,0.657106,0.663191,0.651022,0.663191,1373240,0.000000,0.000000,0.811872
2019-09-16 00:00:00+08:00,0.663191,0.663191,0.651022,0.663191,2572900,0.000000,0.000000,0.811872
2019-09-17 00:00:00+08:00,0.663191,0.663191,0.651022,0.651022,832150,0.000000,0.000000,0.799703
2019-09-18 00:00:00+08:00,0.657107,0.657107,0.651022,0.657107,335390,0.000000,0.000000,0.805788
2019-09-19 00:00:00+08:00,0.651022,0.657107,0.651022,0.651022,1198670,0.000000,0.000000,0.799703
2019-09-20 00:00:00+08:00,0.657106,0.657106,0.644938,0.644938,2500190,0.000000,0.000000,0.793619
2019-09-23 00:00:00+08:00,0.644938,0.651022,0.644938,0.651022,421850,0.000000,0.000000,0.799703
2019-09-24 00:00:00+08:00,0.651022,0.651022,0.632769,0.638853,3401640,0.000000,0.000000,0.787534
2019-09-25 00:00:00+08:00,0.638853,0.644938,0.626685,0.632769,5096850,0.000000,0.000000,0.781450
2019-09-26 00:00:00+08:00,0.626685,0.632769,0.620600,0.626685,4784010,0.000000,0.000000,0.775366
2019-09-27 00:00:00+08:00,0.626685,0.626685,0.614516,0.620600,2103090,0.000000,0.000000,0.769281
2019-09-30 00:00:00+08:00,0.620600,0.626685,0.614516,0.614516,4472600,0.000000,0.000000,0.763197
2019-10-01 00:00:00+08:00,0.620600,0.620600,0.608431,0.614516,2987930,0.000000,0.000000,0.763197
2019-10-02 00:00:00+08:00,0.620600,0.632769,0.608431,0.614516,5158780,0.000000,0.000000,0.763197
2019-10-03 00:00:00+08:00,0.608431,0.614516,0.605390,0.614516,4450160,0.000000,0.000000,0.763197
2019-10-04 00:00:00+08:00,0.614516,0.620600,0.614516,0.620600,387530,0.000000,0.000000,0.769281
2019-10-07 00:00:00+08:00,0.620600,0.626685,0.614516,0.620600,1946890,0.000000,0.000000,0.769281
2019-10-08 00:00:00+08:00,0.614516,0.626685,0.614516,0.620600,1577950,0.000000,0.000000,0.769281
2019-10-09 00:00:00+08:00,0.614516,0.620600,0.614516,0.620600,400620,0.000000,0.000000,0.769281
2019-10-10 00:00:00+08:00,0.620600,0.626685,0.614516,0.620600,1644830,0.000000,0.000000,0.769281
2019-10-11 00:00:00+08:00,0.620600,0.620600,0.614516,0.620600,1267640,0.000000,0.000000,0.769281
2019-10-14 00:00:00+08:00,0.620600,0.626685,0.614516,0.620600,3161290,0.000000,0.000000,0.769281
2019-10-15 00:00:00+08:00,0.620600,0.626685,0.614516,0.614516,918060,0.000000,0.000000,0.763197
2019-10-16 00:00:00+08:00,0.620600,0.626685,0.614516,0.620600,1433300,0.000000,0.000000,0.769281
2019-10-17 00:00:00+08:00,0.620600,0.620600,0.614516,0.620600,1803560,0.000000,0.000000,0.769281
2019-10-18 00:00:00+08:00,0.620600,0.620600,0.614516,0.614516,1123760,0.000000,0.000000,0.763197
2019-10-21 00:00:00+08:00,0.614516,0.620600,0.614516,0.614516,1720070,0.000000,0.000000,0.763197
2019-10-22 00:00:00+08:00,0.620600,0.620600,0.614516,0.614516,1523940,0.000000,0.000000,0.763197
2019-10-23 00:00:00+08:00,0.620600,0.626685,0.614516,0.620600,2706110,0.000000,0.000000,0.769281
2019-10-24 00:00:00+08:00,0.620600,0.626685,0.614516,0.614516,1323520,0.000000,0.000000,0.763197
2019-10-25 00:00:00+08:00,0.620600,0.620600,0.614516,0.620600,612150,0.000000,0.000000,0.769281
2019-10-29 00:00:00+08:00,0.614516,0.626685,0.614516,0.620600,1488190,0.000000,0.000000,0.769281
2019-10-30 00:00:00+08:00,0.620600,0.620600,0.614516,0.620600,879340,0.000000,0.000000,0.769281
2019-10-31 00:00:00+08:00,0.620600,0.626685,0.614516,0.620600,627000,0.000000,0.000000,0.769281
2019-11-01 00:00:00+08:00,0.620600,0.626685,0.620600,0.626685,982850,0.000000,0.000000,0.775366
2019-11-04 00:00:00+08:00,0.626685,0.638853,0.626685,0.632769,2329580,0.000000,0.000000,0.781450
2019-11-05 00:00:00+08:00,0.632769,0.638853,0.632769,0.632769,951280,0.000000,0.000000,0.781450
2019-11-06 00:00:00+08:00,0.632769,0.638853,0.632769,0.638853,1364770,0.000000,0.000000,0.787534
2019-11-07 00:00:00+08:00,0.632769,0.638853,0.626685,0.632769,2819410,0.000000,0.000000,0.781450
2019-11-08 00:00:00+08:00,0.632769,0.638853,0.626685,0.626685,1458600,0.000000,0.000000,0.775366
2019-11-11 00:00:00+08:00,0.626685,0.632769,0.620600,0.626685,3264140,0.000000,0.000000,0.775366
2019-11-12 00:00:00+08:00,0.632769,0.632769,0.626685,0.626685,1056440,0.000000,0.000000,0.775366
2019-11-13 00:00:00+08:00,0.633830,0.633830,0.621402,0.627616,2083180,0.019545,0.000000,0.756752
2019-11-14 00:00:00+08:00,0.627616,0.633830,0.627616,0.627616,391710,0.000000,0.000000,0.756752
2019-11-15 00:00:00+08:00,0.633830,0.633830,0.627616,0.633830,785840,0.000000,0.000000,0.762966
2019-11-18 00:00:00+08:00,0.633830,0.633830,0.627616,0.633830,697730,0.000000,0.000000,0.762966
2019-11-19 00:00:00+08:00,0.633830,0.633830,0.627616,0.633830,893420,0.000000,0.000000,0.762966
2019-11-20 00:00:00+08:00,0.633830,0.633830,0.627616,0.633830,250250,0.000000,0.000000,0.762966
2019-11-21 00:00:00+08:00,0.633830,0.633830,0.627616,0.633830,976580,0.000000,0.000000,0.762966
2019-11-22 00:00:00+08:00,0.633830,0.633830,0.627616,0.627616,683980,0.000000,0.000000,0.756752
2019-11-25 00:00:00+08:00,0.627616,0.633830,0.627616,0.633830,448800,0.000000,0.000000,0.762966
2019-11-26 00:00:00+08:00,0.633830,0.633830,0.627616,0.633830,952160,0.000000,0.000000,0.762966
2019-11-27 00:00:00+08:00,0.633830,0.640044,0.627616,0.633830,2064700,0.000000,0.000000,0.762966
2019-11-28 00:00:00+08:00,0.627616,0.640044,0.627616,0.633830,769010,0.000000,0.000000,0.762966
2019-11-29 00:00:00+08:00,0.633830,0.640044,0.633830,0.640044,510620,0.000000,0.000000,0.769180
2019-12-02 00:00:00+08:00,0.640044,0.640044,0.633830,0.640044,576180,0.000000,0.000000,0.769180
2019-12-03 00:00:00+08:00,0.640044,0.646259,0.633830,0.646259,2001670,0.000000,0.000000,0.775395
2019-12-04 00:00:00+08:00,0.646259,0.658687,0.640044,0.646259,6614960,0.000000,0.000000,0.775395
2019-12-05 00:00:00+08:00,0.646258,0.652473,0.640044,0.652473,1891340,0.000000,0.000000,0.781609
2019-12-06 00:00:00+08:00,0.646259,0.652473,0.627616,0.633830,6503970,0.000000,0.000000,0.762966
2019-12-09 00:00:00+08:00,0.633830,0.633830,0.621402,0.633830,7070800,0.000000,0.000000,0.762966
2019-12-10 00:00:00+08:00,0.627616,0.633830,0.621402,0.627616,2562120,0.000000,0.000000,0.756752
2019-12-11 00:00:00+08:00,0.627616,0.633830,0.621402,0.627616,1936110,0.000000,0.000000,0.756752
2019-12-12 00:00:00+08:00,0.627616,0.627616,0.615189,0.618295,7699230,0.000000,0.000000,0.747431
2019-12-13 00:00:00+08:00,0.618295,0.618295,0.612081,0.618295,5341930,0.000000,0.000000,0.747431
2019-12-16 00:00:00+08:00,0.618295,0.627616,0.618295,0.618295,3618670,0.000000,0.000000,0.747431
2019-12-17 00:00:00+08:00,0.621402,0.627616,0.618295,0.618295,1535930,0.000000,0.000000,0.747431
2019-12-18 00:00:00+08:00,0.621402,0.633830,0.621402,0.627616,1655610,0.000000,0.000000,0.756752
2019-12-19 00:00:00+08:00,0.633830,0.633830,0.618295,0.621402,2791140,0.000000,0.000000,0.750538
2019-12-20 00:00:00+08:00,0.621402,0.627616,0.618295,0.618295,3095730,0.000000,0.000000,0.747431
2019-12-23 00:00:00+08:00,0.621402,0.627616,0.618295,0.621402,2960540,0.000000,0.000000,0.750538
2019-12-24 00:00:00+08:00,0.621402,0.627616,0.618295,0.627616,916630,0.000000,0.000000,0.756752
2019-12-25 00:00:00+08:00,0.627616,0.627616,0.627616,0.627616,0,0.000000,0.000000,0.756752
2019-12-26 00:00:00+08:00,0.627616,0.627616,0.618295,0.621402,1767700,0.000000,0.000000,0.750538
2019-12-27 00:00:00+08:00,0.627616,0.627616,0.618295,0.621402,1479170,0.000000,0.000000,0.750538
2019-12-30 00:00:00+08:00,0.621402,0.627616,0.618295,0.621402,1882650,0.000000,0.000000,0.750538
2019-12-31 00:00:00+08:00,0.621402,0.627616,0.618295,0.618295,1050170,0.000000,0.000000,0.747431
2020-01-02 00:00:00+08:00,0.621402,0.627616,0.618295,0.621402,1691910,0.000000,0.000000,0.750538
2020-01-03 00:00:00+08:00,0.621402,0.621402,0.618295,0.621402,2085380,0.000000,0.000000,0.750538
2020-01-06 00:00:00+08:00,0.621402,0.627616,0.618295,0.621402,5208610,0.000000,0.000000,0.750538
2020-01-07 00:00:00+08:00,0.621402,0.627616,0.618295,0.621402,1719410,0.000000,0.000000,0.750538
2020-01-08 00:00:00+08:00,0.621402,0.621402,0.618295,0.618295,1030260,0.000000,0.000000,0.747431
2020-01-09 00:00:00+08:00,0.621402,0.627616,0.618295,0.621402,1676510,0.000000,0.000000,0.750538
2020-01-10 00:00:00+08:00,0.621402,0.627616,0.618295,0.621402,2025430,0.000000,0.000000,0.750538
2020-01-13 00:00:00+08:00,0.621402,0.627616,0.618295,0.621402,2947560,0.000000,0.000000,0.750538
2020-01-14 00:00:00+08:00,0.621402,0.627616,0.618295,0.621402,7549960,0.000000,0.000000,0.750538
2020-01-15 00:00:00+08:00,0.621402,0.627616,0.618295,0.621402,2692250,0.000000,0.000000,0.750538
2020-01-16 00:00:00+08:00,0.621402,0.627616,0.618295,0.621402,2971760,0.000000,0.000000,0.750538
2020-01-17 00:00:00+08:00,0.621402,0.627616,0.618295,0.621402,2720080,0.000000,0.000000,0.750538
2020-01-20 00:00:00+08:00,0.621402,0.627616,0.618295,0.621402,2042480,0.000000,0.000000,0.750538
2020-01-21 00:00:00+08:00,0.621402,0.627616,0.618295,0.618295,1209230,0.000000,0.000000,0.747431
2020-01-22 00:00:00+08:00,0.621402,0.621402,0.618295,0.621402,2076250,0.000000,0.000000,0.750538
2020-01-23 00:00:00+08:00,0.621402,0.627616,0.618295,0.621402,2359060,0.000000,0.000000,0.750538
2020-01-24 00:00:00+08:00,0.621402,0.621402,0.618295,0.621402,980320,0.000000,0.000000,0.750538
2020-01-28 00:00:00+08:00,0.621402,0.621402,0.615189,0.621402,4091890,0.000000,0.000000,0.750538
2020-01-29 00:00:00+08:00,0.621402,0.621402,0.618295,0.618295,1538790,0.000000,0.000000,0.747431
2020-01-30 00:00:00+08:00,0.621402,0.633830,0.618296,0.633830,4802710,0.000000,0.000000,0.762966
2020-01-31 00:00:00+08:00,0.633830,0.633830,0.621402,0.627616,3387670,0.000000,0.000000,0.756752
2020-02-03 00:00:00+08:00,0.627616,0.627616,0.618295,0.621402,6020850,0.000000,0.000000,0.750538
2020-02-04 00:00:00+08:00,0.621402,0.627616,0.621402,0.627616,2299220,0.000000,0.000000,0.756752
2020-02-05 00:00:00+08:00,0.631743,0.634917,0.628569,0.634917,4381520,0.019545,0.000000,0.744508
2020-02-06 00:00:00+08:00,0.634917,0.634917,0.631743,0.634917,2626360,0.000000,0.000000,0.744508
2020-02-07 00:00:00+08:00,0.634917,0.634917,0.628569,0.628569,3482600,0.000000,0.000000,0.738160
2020-02-10 00:00:00+08:00,0.628569,0.631743,0.628569,0.628569,1182170,0.000000,0.000000,0.738160
2020-02-11 00:00:00+08:00,0.628569,0.631743,0.628569,0.631743,1269620,0.000000,0.000000,0.741334
2020-02-12 00:00:00+08:00,0.631743,0.631743,0.628569,0.631743,1068210,0.000000,0.000000,0.741334
2020-02-13 00:00:00+08:00,0.631743,0.634917,0.631743,0.634917,2088570,0.000000,0.000000,0.744508
2020-02-14 00:00:00+08:00,0.631743,0.634917,0.631743,0.634917,925210,0.000000,0.000000,0.744508
2020-02-17 00:00:00+08:00,0.634918,0.634918,0.628569,0.631743,4351710,0.000000,0.000000,0.741334
2020-02-18 00:00:00+08:00,0.634917,0.634917,0.631743,0.634917,843260,0.000000,0.000000,0.744508
2020-02-19 00:00:00+08:00,0.634917,0.641267,0.631743,0.634917,3188680,0.000000,0.000000,0.744508
2020-02-20 00:00:00+08:00,0.634917,0.641267,0.634917,0.641267,2067450,0.000000,0.000000,0.750858
2020-02-21 00:00:00+08:00,0.634917,0.641267,0.634917,0.641267,1228480,0.000000,0.000000,0.750858
2020-02-24 00:00:00+08:00,0.641267,0.641267,0.634917,0.641267,967560,0.000000,0.000000,0.750858
2020-02-25 00:00:00+08:00,0.634917,0.641267,0.631743,0.634917,1860210,0.000000,0.000000,0.744508
2020-02-26 00:00:00+08:00,0.634918,0.634918,0.628569,0.631743,2508000,0.000000,0.000000,0.741334
2020-02-27 00:00:00+08:00,0.634918,0.634918,0.628569,0.631743,2480390,0.000000,0.000000,0.741334
2020-02-28 00:00:00+08:00,0.631743,0.631743,0.615870,0.622220,6219620,0.000000,0.000000,0.731811
2020-03-02 00:00:00+08:00,0.622220,0.622220,0.599997,0.612695,3875410,0.000000,0.000000,0.722286
2020-03-03 00:00:00+08:00,0.619045,0.625394,0.615870,0.619045,2127070,0.000000,0.000000,0.728636
2020-03-04 00:00:00+08:00,0.619045,0.622220,0.612695,0.622220,1904430,0.000000,0.000000,0.731811
2020-03-05 00:00:00+08:00,0.622220,0.628569,0.622220,0.625394,1309440,0.000000,0.000000,0.734985
2020-03-06 00:00:00+08:00,0.625394,0.628569,0.619045,0.622220,1563760,0.000000,0.000000,0.731811
2020-03-09 00:00:00+08:00,0.612696,0.612696,0.596823,0.596823,4301440,0.000000,0.000000,0.706414
2020-03-10 00:00:00+08:00,0.590473,0.593648,0.580950,0.590473,3930630,0.000000,0.000000,0.700064
2020-03-11 00:00:00+08:00,0.593648,0.596823,0.584124,0.587299,2585770,0.000000,0.000000,0.696890
2020-03-12 00:00:00+08:00,0.584124,0.584124,0.549204,0.552379,5268340,0.000000,0.000000,0.661970
2020-03-13 00:00:00+08:00,0.517458,0.517458,0.457141,0.495235,10617090,0.000000,0.000000,0.604826
2020-03-16 00:00:00+08:00,0.488887,0.488887,0.450791,0.450791,5064840,0.000000,0.000000,0.560382
2020-03-17 00:00:00+08:00,0.441268,0.441268,0.419046,0.425394,5055490,0.000000,0.000000,0.534985
2020-03-18 00:00:00+08:00,0.425394,0.425394,0.425394,0.425394,0,0.000000,0.000000,0.534985
2020-03-19 00:00:00+08:00,0.377776,0.377776,0.317459,0.320633,7435890,0.000000,0.000000,0.430224
2020-03-20 00:00:00+08:00,0.320633,0.390474,0.320633,0.387300,7208960,0.000000,0.000000,0.496891
2020-03-23 00:00:00+08:00,0.361903,0.374601,0.342856,0.365078,5680070,0.000000,0.000000,0.474669
2020-03-24 00:00:00+08:00,0.384125,0.412697,0.368252,0.406347,3822610,0.000000,0.000000,0.515938
2020-03-25 00:00:00+08:00,0.422220,0.444442,0.422220,0.441268,7088840,0.000000,0.000000,0.550859
2020-03-26 00:00:00+08:00,0.444442,0.453966,0.425394,0.450791,4510660,0.000000,0.000000,0.560382
2020-03-27 00:00:00+08:00,0.469839,0.479363,0.457141,0.460315,4298360,0.000000,0.000000,0.569906
2020-03-30 00:00:00+08:00,0.422220,0.438093,0.422220,0.434919,2630870,0.000000,0.000000,0.544510
2020-03-31 00:00:00+08:00,0.444442,0.447617,0.425394,0.431744,3225420,0.000000,0.000000,0.541335
2020-04-01 00:00:00+08:00,0.431744,0.438093,0.425394,0.431744,1979340,0.000000,0.000000,0.541335
2020-04-02 00:00:00+08:00,0.419046,0.434919,0.412697,0.431744,2167110,0.000000,0.000000,0.541335
2020-04-03 00:00:00+08:00,0.434919,0.441268,0.419046,0.425394,2772660,0.000000,0.000000,0.534985
2020-04-06 00:00:00+08:00,0.425394,0.441268,0.425394,0.438093,1438690,0.000000,0.000000,0.547684
2020-04-07 00:00:00+08:00,0.444442,0.460315,0.444442,0.460315,2237730,0.000000,0.000000,0.569906
2020-04-08 00:00:00+08:00,0.444442,0.460315,0.444442,0.457141,1756260,0.000000,0.000000,0.566732
2020-04-09 00:00:00+08:00,0.460315,0.476188,0.460315,0.473013,2118820,0.000000,0.000000,0.582604
2020-04-13 00:00:00+08:00,0.463490,0.473014,0.460315,0.469839,1642520,0.000000,0.000000,0.579430
2020-04-14 00:00:00+08:00,0.473013,0.511109,0.469839,0.507934,3796870,0.000000,0.000000,0.617525
2020-04-15 00:00:00+08:00,0.511109,0.523807,0.501585,0.507934,3681150,0.000000,0.000000,0.617525
2020-04-16 00:00:00+08:00,0.504760,0.507934,0.495235,0.507934,1803340,0.000000,0.000000,0.617525
2020-04-17 00:00:00+08:00,0.514283,0.520632,0.507934,0.507934,3513290,0.000000,0.000000,0.617525
2020-04-20 00:00:00+08:00,0.514283,0.517458,0.507934,0.517458,1456620,0.000000,0.000000,0.627049
2020-04-21 00:00:00+08:00,0.511109,0.511109,0.488887,0.492061,2203850,0.000000,0.000000,0.601652
2020-04-22 00:00:00+08:00,0.488887,0.498410,0.476188,0.492061,2294710,0.000000,0.000000,0.601652
2020-04-23 00:00:00+08:00,0.501585,0.504760,0.495235,0.498410,2382600,0.000000,0.000000,0.608001
2020-04-24 00:00:00+08:00,0.495235,0.498410,0.488887,0.492061,1172600,0.000000,0.000000,0.601652
2020-04-27 00:00:00+08:00,0.492061,0.504760,0.492061,0.495235,1661880,0.000000,0.000000,0.604826
2020-04-28 00:00:00+08:00,0.495235,0.504760,0.492061,0.495235,2304720,0.000000,0.000000,0.604826
2020-04-29 00:00:00+08:00,0.495235,0.501585,0.492061,0.501585,1195700,0.000000,0.000000,0.611176
2020-04-30 00:00:00+08:00,0.504760,0.514283,0.501585,0.507934,2060740,0.000000,0.000000,0.617525
2020-05-04 00:00:00+08:00,0.498410,0.504760,0.492061,0.501585,1494350,0.000000,0.000000,0.611176
2020-05-05 00:00:00+08:00,0.501585,0.504760,0.495235,0.498410,1600500,0.000000,0.000000,0.608001
2020-05-06 00:00:00+08:00,0.501585,0.507934,0.498410,0.507934,864380,0.000000,0.000000,0.617525
2020-05-08 00:00:00+08:00,0.511109,0.523807,0.507934,0.520632,2973850,0.000000,0.000000,0.630223
2020-05-11 00:00:00+08:00,0.526982,0.542854,0.523807,0.539680,3244560,0.000000,0.000000,0.649271
2020-05-12 00:00:00+08:00,0.542854,0.549204,0.539680,0.539680,2078230,0.000000,0.000000,0.649271
2020-05-13 00:00:00+08:00,0.538771,0.542016,0.525788,0.532280,1455850,0.016909,0.000000,0.624962
2020-05-14 00:00:00+08:00,0.525789,0.532280,0.512806,0.516052,1220450,0.000000,0.000000,0.608734
2020-05-15 00:00:00+08:00,0.532280,0.532280,0.519297,0.519297,858220,0.000000,0.000000,0.611979
2020-05-18 00:00:00+08:00,0.522543,0.525789,0.519297,0.519297,740410,0.000000,0.000000,0.611979
2020-05-19 00:00:00+08:00,0.525789,0.532280,0.525789,0.529035,927520,0.000000,0.000000,0.621717
2020-05-20 00:00:00+08:00,0.532280,0.532280,0.525788,0.532280,576400,0.000000,0.000000,0.624962
2020-05-21 00:00:00+08:00,0.529034,0.532280,0.525788,0.532280,786170,0.000000,0.000000,0.624962
2020-05-22 00:00:00+08:00,0.529035,0.532280,0.519297,0.522543,1246520,0.000000,0.000000,0.615225
2020-05-26 00:00:00+08:00,0.525788,0.532280,0.525788,0.532280,987580,0.000000,0.000000,0.624962
2020-05-27 00:00:00+08:00,0.532280,0.542017,0.532280,0.538771,1712810,0.000000,0.000000,0.631453
2020-05-28 00:00:00+08:00,0.542016,0.554999,0.538771,0.551754,2310550,0.000000,0.000000,0.644436
2020-05-29 00:00:00+08:00,0.551754,0.574473,0.551754,0.574473,4451601,0.000000,0.000000,0.667155
2020-06-01 00:00:00+08:00,0.574473,0.574473,0.412192,0.451140,25286470,0.000000,0.000000,0.543822
2020-06-02 00:00:00+08:00,0.444649,0.473859,0.418683,0.451140,15094750,0.000000,0.000000,0.543822
2020-06-03 00:00:00+08:00,0.454385,0.470613,0.454385,0.460876,6199600,0.000000,0.000000,0.553558
2020-06-04 00:00:00+08:00,0.464122,0.470613,0.451140,0.457631,7137680,0.000000,0.000000,0.550313
2020-06-05 00:00:00+08:00,0.457631,0.460876,0.451140,0.460876,3682580,0.000000,0.000000,0.553558
2020-06-08 00:00:00+08:00,0.460876,0.467368,0.460876,0.464122,4125330,0.000000,0.000000,0.556804
2020-06-09 00:00:00+08:00,0.467368,0.467368,0.454385,0.454385,3454330,0.000000,0.000000,0.547067
2020-06-10 00:00:00+08:00,0.460876,0.464122,0.457631,0.460876,2217050,0.000000,0.000000,0.553558
2020-06-11 00:00:00+08:00,0.457631,0.460876,0.451140,0.457631,2147860,0.000000,0.000000,0.550313
2020-06-12 00:00:00+08:00,0.441403,0.460876,0.438157,0.454385,4604160,0.000000,0.000000,0.547067
2020-06-15 00:00:00+08:00,0.454385,0.464122,0.447894,0.451140,2308240,0.000000,0.000000,0.543822
2020-06-16 00:00:00+08:00,0.460876,0.464122,0.454385,0.460876,2686750,0.000000,0.000000,0.553558
2020-06-17 00:00:00+08:00,0.457631,0.464122,0.457631,0.464122,642510,0.000000,0.000000,0.556804
2020-06-18 00:00:00+08:00,0.464123,0.480350,0.464123,0.480350,3935140,0.000000,0.000000,0.573032
2020-06-19 00:00:00+08:00,0.480350,0.486842,0.467368,0.467368,3093640,0.000000,0.000000,0.560050
2020-06-22 00:00:00+08:00,0.470613,0.473859,0.464122,0.464122,639980,0.000000,0.000000,0.556804
2020-06-23 00:00:00+08:00,0.464122,0.470613,0.457631,0.467368,838200,0.000000,0.000000,0.560050
2020-06-24 00:00:00+08:00,0.464122,0.470613,0.460876,0.460876,237160,0.000000,0.000000,0.553558
2020-06-25 00:00:00+08:00,0.457631,0.460876,0.454385,0.460876,687280,0.000000,0.000000,0.553558
2020-06-26 00:00:00+08:00,0.454385,0.460876,0.454385,0.454385,852280,0.000000,0.000000,0.547067
2020-06-29 00:00:00+08:00,0.454385,0.460876,0.454385,0.454385,647020,0.000000,0.000000,0.547067
2020-06-30 00:00:00+08:00,0.454385,0.460876,0.451140,0.451140,1403160,0.000000,0.000000,0.543822
2020-07-01 00:00:00+08:00,0.454385,0.457631,0.451140,0.457631,681340,0.000000,0.000000,0.550313
2020-07-02 00:00:00+08:00,0.454385,0.464122,0.454385,0.464122,1086580,0.000000,0.000000,0.556804
2020-07-03 00:00:00+08:00,0.464122,0.467368,0.457631,0.464122,413160,0.000000,0.000000,0.556804
2020-07-06 00:00:00+08:00,0.460876,0.464122,0.457631,0.464122,853050,0.000000,0.000000,0.556804
2020-07-07 00:00:00+08:00,0.464122,0.467368,0.457631,0.467368,1166440,0.000000,0.000000,0.560050
2020-07-08 00:00:00+08:00,0.467368,0.473859,0.467368,0.473859,570350,0.000000,0.000000,0.566541
2020-07-09 00:00:00+08:00,0.470613,0.477104,0.470613,0.470613,380600,0.000000,0.000000,0.563295
2020-07-13 00:00:00+08:00,0.470613,0.473859,0.464122,0.467368,1026740,0.000000,0.000000,0.560050
2020-07-14 00:00:00+08:00,0.464122,0.464122,0.454385,0.460876,625790,0.000000,0.000000,0.553558
2020-07-15 00:00:00+08:00,0.464122,0.464122,0.457631,0.464122,592790,0.000000,0.000000,0.556804
2020-07-16 00:00:00+08:00,0.464122,0.464122,0.457631,0.457631,1074370,0.000000,0.000000,0.550313
2020-07-17 00:00:00+08:00,0.457631,0.457631,0.454385,0.457631,703560,0.000000,0.000000,0.550313
2020-07-20 00:00:00+08:00,0.457631,0.457631,0.454385,0.457631,661210,0.000000,0.000000,0.550313
2020-07-21 00:00:00+08:00,0.434911,0.447894,0.431666,0.447894,3250610,0.000000,0.000000,0.540576
2020-07-22 00:00:00+08:00,0.447894,0.447894,0.425175,0.431666,3282510,0.000000,0.000000,0.524348
2020-07-23 00:00:00+08:00,0.428421,0.428421,0.405701,0.412192,4795890,0.000000,0.000000,0.504874
2020-07-24 00:00:00+08:00,0.408947,0.408947,0.386228,0.389473,4895330,0.000000,0.000000,0.482155
2020-07-27 00:00:00+08:00,0.382982,0.382982,0.353771,0.366754,6905140,0.000000,0.000000,0.459436
2020-07-28 00:00:00+08:00,0.366754,0.379736,0.357017,0.363508,3028850,0.000000,0.000000,0.456190
2020-07-29 00:00:00+08:00,0.360263,0.363508,0.357017,0.360263,2456080,0.000000,0.000000,0.452945
2020-07-30 00:00:00+08:00,0.363508,0.363508,0.357017,0.360263,1065350,0.000000,0.000000,0.452945
2020-08-03 00:00:00+08:00,0.360262,0.363508,0.357017,0.363508,2034670,0.000000,0.000000,0.456190
2020-08-04 00:00:00+08:00,0.366754,0.382982,0.363508,0.379736,2462020,0.000000,0.000000,0.472418
2020-08-05 00:00:00+08:00,0.379736,0.399210,0.379736,0.392719,2291300,0.000000,0.000000,0.485401
2020-08-06 00:00:00+08:00,0.395596,0.395596,0.382518,0.382518,1282710,0.004000,0.000000,0.471200
2020-08-07 00:00:00+08:00,0.385787,0.392326,0.382518,0.392326,924330,0.000000,0.000000,0.481008
2020-08-11 00:00:00+08:00,0.398865,0.398865,0.382518,0.382518,1198230,0.000000,0.000000,0.471200
2020-08-12 00:00:00+08:00,0.382518,0.392326,0.375980,0.392326,485100,0.000000,0.000000,0.481008
2020-08-13 00:00:00+08:00,0.392326,0.392326,0.382518,0.389057,590370,0.000000,0.000000,0.477739
2020-08-14 00:00:00+08:00,0.385787,0.392326,0.382518,0.389057,419980,0.000000,0.000000,0.477739
2020-08-17 00:00:00+08:00,0.382518,0.392326,0.382518,0.389057,323510,0.000000,0.000000,0.477739
2020-08-18 00:00:00+08:00,0.385787,0.392326,0.382518,0.385787,315260,0.000000,0.000000,0.474469
2020-08-19 00:00:00+08:00,0.389057,0.392326,0.382518,0.385787,827860,0.000000,0.000000,0.474469
2020-08-20 00:00:00+08:00,0.385787,0.389057,0.382518,0.385787,489830,0.000000,0.000000,0.474469
2020-08-21 00:00:00+08:00,0.385787,0.385787,0.379249,0.379249,451330,0.000000,0.000000,0.467931
2020-08-24 00:00:00+08:00,0.379249,0.382518,0.375980,0.375980,535590,0.000000,0.000000,0.464662
2020-08-25 00:00:00+08:00,0.379249,0.379249,0.372710,0.375980,1306360,0.000000,0.000000,0.464662
2020-08-26 00:00:00+08:00,0.375980,0.375980,0.362902,0.369441,3357860,0.000000,0.000000,0.458123
2020-08-27 00:00:00+08:00,0.366171,0.366171,0.346555,0.356363,3766840,0.000000,0.000000,0.445045
2020-08-28 00:00:00+08:00,0.356363,0.359633,0.349824,0.349824,2860660,0.000000,0.000000,0.438506
2020-08-31 00:00:00+08:00,0.349824,0.349824,0.313861,0.323669,9383000,0.000000,0.000000,0.412351
2020-09-01 00:00:00+08:00,0.323670,0.326939,0.320400,0.320400,7657210,0.000000,0.000000,0.409082
2020-09-02 00:00:00+08:00,0.320400,0.320400,0.300783,0.300783,4823830,0.000000,0.000000,0.389465
2020-09-03 00:00:00+08:00,0.304053,0.307322,0.294244,0.300783,3839550,0.000000,0.000000,0.389465
2020-09-04 00:00:00+08:00,0.294244,0.297514,0.277898,0.287706,5164940,0.000000,0.000000,0.376388
2020-09-07 00:00:00+08:00,0.287706,0.287706,0.268090,0.274628,3880250,0.000000,0.000000,0.363310
2020-09-08 00:00:00+08:00,0.271359,0.274628,0.261551,0.268090,2979020,0.000000,0.000000,0.356772
2020-09-09 00:00:00+08:00,0.264820,0.281167,0.261551,0.277898,5114890,0.000000,0.000000,0.366580
2020-09-10 00:00:00+08:00,0.277898,0.287706,0.277898,0.281167,1978570,0.000000,0.000000,0.369849
2020-09-11 00:00:00+08:00,0.281167,0.284436,0.277898,0.281167,1216710,0.000000,0.000000,0.369849
2020-09-14 00:00:00+08:00,0.284436,0.290975,0.281167,0.287706,1163250,0.000000,0.000000,0.376388
2020-09-15 00:00:00+08:00,0.287706,0.313861,0.287706,0.304053,3849670,0.000000,0.000000,0.392735
2020-09-16 00:00:00+08:00,0.304053,0.336747,0.304053,0.330208,4194080,0.000000,0.000000,0.418890
2020-09-17 00:00:00+08:00,0.330208,0.349824,0.313861,0.326939,5327300,0.000000,0.000000,0.415621
2020-09-18 00:00:00+08:00,0.326939,0.326939,0.297514,0.297514,3150290,0.000000,0.000000,0.386196
2020-09-21 00:00:00+08:00,0.300783,0.313861,0.300783,0.307322,1250260,0.000000,0.000000,0.396004
2020-09-22 00:00:00+08:00,0.313861,0.317131,0.304053,0.313861,1951290,0.000000,0.000000,0.402543
2020-09-23 00:00:00+08:00,0.310592,0.310592,0.300783,0.307322,1174250,0.000000,0.000000,0.396004
2020-09-24 00:00:00+08:00,0.304053,0.307322,0.281167,0.284436,3326400,0.000000,0.000000,0.373118
2020-09-25 00:00:00+08:00,0.284436,0.290975,0.277898,0.281167,2068110,0.000000,0.000000,0.369849
2020-09-28 00:00:00+08:00,0.281167,0.287706,0.274629,0.277898,2426050,0.000000,0.000000,0.366580
2020-09-29 00:00:00+08:00,0.281167,0.287706,0.277898,0.284436,1146860,0.000000,0.000000,0.373118
2020-09-30 00:00:00+08:00,0.284436,0.287706,0.281167,0.284436,915420,0.000000,0.000000,0.373118
2020-10-01 00:00:00+08:00,0.287706,0.294244,0.284436,0.287706,1586090,0.000000,0.000000,0.376388
2020-10-02 00:00:00+08:00,0.284436,0.290975,0.281167,0.287706,797170,0.000000,0.000000,0.376388
2020-10-05 00:00:00+08:00,0.287706,0.287706,0.281167,0.284436,445280,0.000000,0.000000,0.373118
2020-10-06 00:00:00+08:00,0.287706,0.290975,0.284436,0.287706,742830,0.000000,0.000000,0.376388
2020-10-07 00:00:00+08:00,0.290975,0.290975,0.284436,0.287706,643610,0.000000,0.000000,0.376388
2020-10-08 00:00:00+08:00,0.287706,0.290975,0.284436,0.290975,373450,0.000000,0.000000,0.379657
2020-10-09 00:00:00+08:00,0.287706,0.290975,0.284436,0.290975,382690,0.000000,0.000000,0.379657
2020-10-12 00:00:00+08:00,0.290975,0.290975,0.284436,0.287706,478720,0.000000,0.000000,0.376388
2020-10-13 00:00:00+08:00,0.287706,0.290975,0.287706,0.290975,765490,0.000000,0.000000,0.379657
2020-10-14 00:00:00+08:00,0.287706,0.294244,0.287706,0.290975,672760,0.000000,0.000000,0.379657
2020-10-15 00:00:00+08:00,0.287706,0.290975,0.284436,0.284436,627770,0.000000,0.000000,0.373118
2020-10-16 00:00:00+08:00,0.287706,0.287706,0.281167,0.284436,976360,0.000000,0.000000,0.373118
2020-10-19 00:00:00+08:00,0.281167,0.287706,0.281167,0.281167,988570,0.000000,0.000000,0.369849
2020-10-20 00:00:00+08:00,0.281167,0.284436,0.271359,0.274628,2836900,0.000000,0.000000,0.363310
2020-10-21 00:00:00+08:00,0.274628,0.277898,0.271359,0.274628,1015520,0.000000,0.000000,0.363310
2020-10-22 00:00:00+08:00,0.271359,0.274629,0.271359,0.271359,610940,0.000000,0.000000,0.360041
2020-10-23 00:00:00+08:00,0.271359,0.274628,0.268090,0.268090,1113750,0.000000,0.000000,0.356772
2020-10-26 00:00:00+08:00,0.268090,0.271359,0.264820,0.271359,882750,0.000000,0.000000,0.360041
2020-10-27 00:00:00+08:00,0.271359,0.274628,0.268090,0.274628,575080,0.000000,0.000000,0.363310
2020-10-28 00:00:00+08:00,0.274628,0.274628,0.268090,0.268090,564300,0.000000,0.000000,0.356772
2020-10-29 00:00:00+08:00,0.268090,0.268090,0.261551,0.264820,736780,0.000000,0.000000,0.353502
2020-10-30 00:00:00+08:00,0.264820,0.268090,0.261551,0.261551,1144770,0.000000,0.000000,0.350233
2020-11-02 00:00:00+08:00,0.261551,0.264820,0.255012,0.258281,1647250,0.000000,0.000000,0.346963
2020-11-03 00:00:00+08:00,0.261551,0.261551,0.258281,0.258281,638440,0.000000,0.000000,0.346963
2020-11-04 00:00:00+08:00,0.261551,0.268090,0.261551,0.264820,689480,0.000000,0.000000,0.353502
2020-11-05 00:00:00+08:00,0.268090,0.274628,0.261551,0.274628,1478840,0.000000,0.000000,0.363310
2020-11-06 00:00:00+08:00,0.274628,0.277898,0.268090,0.274628,705430,0.000000,0.000000,0.363310
2020-11-09 00:00:00+08:00,0.274628,0.277898,0.271359,0.274628,535260,0.000000,0.000000,0.363310
2020-11-10 00:00:00+08:00,0.277898,0.290975,0.277898,0.287706,2459160,0.000000,0.000000,0.376388
2020-11-11 00:00:00+08:00,0.287706,0.307322,0.287706,0.304053,3512190,0.000000,0.000000,0.392735
2020-11-12 00:00:00+08:00,0.310592,0.313861,0.300783,0.310592,2342340,0.000000,0.000000,0.399274
2020-11-13 00:00:00+08:00,0.307322,0.310592,0.297514,0.300783,1696860,0.000000,0.000000,0.389465
2020-11-16 00:00:00+08:00,0.297514,0.300783,0.294244,0.294244,1735470,0.000000,0.000000,0.382926
2020-11-17 00:00:00+08:00,0.294244,0.297514,0.290975,0.290975,3005640,0.000000,0.000000,0.379657
2020-11-18 00:00:00+08:00,0.297733,0.297733,0.291042,0.291042,2166120,0.009182,0.000000,0.370542
2020-11-19 00:00:00+08:00,0.287697,0.291042,0.284352,0.284352,2325510,0.000000,0.000000,0.363852
2020-11-20 00:00:00+08:00,0.284352,0.294388,0.281007,0.291042,4650800,0.000000,0.000000,0.370542
2020-11-23 00:00:00+08:00,0.291042,0.301078,0.291042,0.297733,5175170,0.000000,0.000000,0.377233
2020-11-24 00:00:00+08:00,0.301078,0.317805,0.297733,0.314459,7789210,0.000000,0.000000,0.393959
2020-11-25 00:00:00+08:00,0.321150,0.327841,0.307769,0.311114,7415540,0.000000,0.000000,0.390614
2020-11-26 00:00:00+08:00,0.317805,0.317805,0.311114,0.317805,2895530,0.000000,0.000000,0.397305
2020-11-27 00:00:00+08:00,0.317805,0.317805,0.311114,0.317805,2798400,0.000000,0.000000,0.397305
2020-11-30 00:00:00+08:00,0.311114,0.311114,0.284352,0.284352,22021230,0.000000,0.000000,0.363852
2020-12-01 00:00:00+08:00,0.284352,0.284352,0.267625,0.277661,7860600,0.000000,0.000000,0.357161
2020-12-02 00:00:00+08:00,0.274316,0.277661,0.267625,0.270970,9853140,0.000000,0.000000,0.350470
2020-12-03 00:00:00+08:00,0.267625,0.274316,0.267625,0.270970,2606670,0.000000,0.000000,0.350470
2020-12-04 00:00:00+08:00,0.270970,0.270970,0.264279,0.267625,5238970,0.000000,0.000000,0.347125
2020-12-07 00:00:00+08:00,0.267625,0.267625,0.260934,0.267625,5697560,0.000000,0.000000,0.347125
2020-12-08 00:00:00+08:00,0.267625,0.267625,0.264279,0.267625,1693670,0.000000,0.000000,0.347125
2020-12-09 00:00:00+08:00,0.267625,0.270970,0.264279,0.270970,2112880,0.000000,0.000000,0.350470
2020-12-10 00:00:00+08:00,0.270970,0.281007,0.267625,0.281007,4670930,0.000000,0.000000,0.360507
2020-12-11 00:00:00+08:00,0.277661,0.281007,0.274316,0.277661,2363240,0.000000,0.000000,0.357161
2020-12-14 00:00:00+08:00,0.277661,0.277661,0.270970,0.274316,2279860,0.000000,0.000000,0.353816
2020-12-15 00:00:00+08:00,0.277661,0.287697,0.274316,0.284352,5588110,0.000000,0.000000,0.363852
2020-12-16 00:00:00+08:00,0.281007,0.284352,0.277661,0.277661,2090770,0.000000,0.000000,0.357161
2020-12-17 00:00:00+08:00,0.277661,0.284352,0.274316,0.281007,4543880,0.000000,0.000000,0.360507
2020-12-18 00:00:00+08:00,0.281007,0.284352,0.277661,0.277661,1865490,0.000000,0.000000,0.357161
2020-12-21 00:00:00+08:00,0.277661,0.281007,0.277661,0.277661,1017060,0.000000,0.000000,0.357161
2020-12-22 00:00:00+08:00,0.277661,0.281007,0.274316,0.274316,1761210,0.000000,0.000000,0.353816
2020-12-23 00:00:00+08:00,0.274316,0.277661,0.270970,0.274316,2107050,0.000000,0.000000,0.353816
2020-12-24 00:00:00+08:00,0.274316,0.277661,0.270970,0.270970,884070,0.000000,0.000000,0.350470
2020-12-28 00:00:00+08:00,0.260934,0.260934,0.173956,0.177302,45943150,0.000000,0.000000,0.256802
2020-12-29 00:00:00+08:00,0.167265,0.167265,0.147194,0.153884,27403970,0.000000,0.000000,0.233384
2020-12-30 00:00:00+08:00,0.153884,0.157230,0.150539,0.150539,9215800,0.000000,0.000000,0.230039
2020-12-31 00:00:00+08:00,0.150539,0.157230,0.147194,0.150539,8570430,0.000000,0.000000,0.230039
2021-01-04 00:00:00+08:00,0.157230,0.180647,0.153884,0.173956,27848810,0.000000,0.000000,0.253456
2021-01-05 00:00:00+08:00,0.180647,0.187337,0.167265,0.177302,22724680,0.000000,0.000000,0.256802
2021-01-06 00:00:00+08:00,0.177302,0.180647,0.170611,0.170611,9628520,0.000000,0.000000,0.250111
2021-01-07 00:00:00+08:00,0.170611,0.177302,0.167265,0.173956,6809440,0.000000,0.000000,0.253456
2021-01-08 00:00:00+08:00,0.170611,0.173956,0.170611,0.170611,3126090,0.000000,0.000000,0.250111
2021-01-11 00:00:00+08:00,0.167265,0.170611,0.163920,0.167265,8286850,0.000000,0.000000,0.246765
2021-01-12 00:00:00+08:00,0.163920,0.167265,0.160575,0.163920,5442470,0.000000,0.000000,0.243420
2021-01-13 00:00:00+08:00,0.160575,0.163920,0.157230,0.163920,6449630,0.000000,0.000000,0.243420
2021-01-14 00:00:00+08:00,0.160575,0.163920,0.160575,0.163920,5072980,0.000000,0.000000,0.243420
2021-01-15 00:00:00+08:00,0.163920,0.170611,0.163920,0.167265,20559220,0.000000,0.000000,0.246765
2021-01-18 00:00:00+08:00,0.167265,0.167265,0.160575,0.163920,11937420,0.000000,0.000000,0.243420
2021-01-19 00:00:00+08:00,0.163920,0.170611,0.163920,0.163920,6239640,0.000000,0.000000,0.243420
2021-01-20 00:00:00+08:00,0.167265,0.170611,0.163920,0.167265,9454280,0.000000,0.000000,0.246765
2021-01-21 00:00:00+08:00,0.167265,0.170611,0.163920,0.163920,6237550,0.000000,0.000000,0.243420
2021-01-22 00:00:00+08:00,0.167265,0.170611,0.163920,0.163920,8978200,0.000000,0.000000,0.243420
2021-01-25 00:00:00+08:00,0.163920,0.167265,0.160575,0.163920,13508990,0.000000,0.000000,0.243420
2021-01-26 00:00:00+08:00,0.172083,0.175907,0.168259,0.168259,10528400,0.008400,0.000000,0.239359
2021-01-27 00:00:00+08:00,0.168259,0.172083,0.168259,0.172083,4225900,0.000000,0.000000,0.243183
2021-01-28 00:00:00+08:00,0.172083,0.172083,0.164435,0.168259,6226000,0.000000,0.000000,0.239359
2021-01-29 00:00:00+08:00,0.164435,0.168259,0.156787,0.164435,21561200,0.000000,0.000000,0.235535
2021-02-01 00:00:00+08:00,0.160611,0.160611,0.156787,0.160611,6916000,0.000000,0.000000,0.231711
2021-02-02 00:00:00+08:00,0.156787,0.160611,0.156787,0.156787,3378500,0.000000,0.000000,0.227887
2021-02-03 00:00:00+08:00,0.156787,0.160611,0.156787,0.156787,4050200,0.000000,0.000000,0.227887
2021-02-04 00:00:00+08:00,0.156787,0.160611,0.152963,0.160611,18142300,0.000000,0.000000,0.231711
2021-02-05 00:00:00+08:00,0.156787,0.160611,0.152963,0.160611,14919700,0.000000,0.000000,0.231711
2021-02-08 00:00:00+08:00,0.156787,0.160611,0.152963,0.152963,18642100,0.000000,0.000000,0.224063
2021-02-09 00:00:00+08:00,0.156787,0.156787,0.152963,0.156787,5214900,0.000000,0.000000,0.227887
2021-02-10 00:00:00+08:00,0.156787,0.160611,0.152963,0.160611,6122600,0.000000,0.000000,0.231711
2021-02-11 00:00:00+08:00,0.156787,0.160611,0.156787,0.156787,1493300,0.000000,0.000000,0.227887
2021-02-15 00:00:00+08:00,0.156787,0.160611,0.156787,0.160611,3059000,0.000000,0.000000,0.231711
2021-02-16 00:00:00+08:00,0.160611,0.160611,0.156787,0.156787,2426700,0.000000,0.000000,0.227887
2021-02-17 00:00:00+08:00,0.160611,0.175907,0.160611,0.172083,25431100,0.000000,0.000000,0.243183
2021-02-18 00:00:00+08:00,0.175907,0.175907,0.164435,0.168259,7010700,0.000000,0.000000,0.239359
2021-02-19 00:00:00+08:00,0.164435,0.168259,0.160611,0.160611,5435300,0.000000,0.000000,0.231711
2021-02-22 00:00:00+08:00,0.160611,0.164435,0.156787,0.160611,7110800,0.000000,0.000000,0.231711
2021-02-23 00:00:00+08:00,0.160611,0.164435,0.160611,0.160611,6478600,0.000000,0.000000,0.231711
2021-02-24 00:00:00+08:00,0.160611,0.160611,0.156787,0.156787,4560400,0.000000,0.000000,0.227887
2021-02-25 00:00:00+08:00,0.160611,0.164435,0.156787,0.164435,17646200,0.000000,0.000000,0.235535
2021-02-26 00:00:00+08:00,0.160611,0.164435,0.156787,0.156787,7735800,0.000000,0.000000,0.227887
2021-03-01 00:00:00+08:00,0.160611,0.164435,0.156787,0.160611,5902700,0.000000,0.000000,0.231711
2021-03-02 00:00:00+08:00,0.160611,0.164435,0.156787,0.160611,8047200,0.000000,0.000000,0.231711
2021-03-03 00:00:00+08:00,0.160611,0.160611,0.156787,0.160611,2129500,0.000000,0.000000,0.231711
2021-03-04 00:00:00+08:00,0.160611,0.160611,0.156787,0.160611,1683400,0.000000,0.000000,0.231711
2021-03-05 00:00:00+08:00,0.160611,0.160611,0.156787,0.156787,2993400,0.000000,0.000000,0.227887
2021-03-08 00:00:00+08:00,0.160611,0.164435,0.156787,0.160611,6432300,0.000000,0.000000,0.231711
2021-03-09 00:00:00+08:00,0.160611,0.160611,0.156787,0.156787,2571200,0.000000,0.000000,0.227887
2021-03-10 00:00:00+08:00,0.160611,0.183555,0.160611,0.172083,34281700,0.000000,0.000000,0.243183
2021-03-11 00:00:00+08:00,0.175907,0.179731,0.172083,0.175907,5512300,0.000000,0.000000,0.247007
2021-03-12 00:00:00+08:00,0.175907,0.179731,0.175907,0.175907,2415000,0.000000,0.000000,0.247007
2021-03-15 00:00:00+08:00,0.179731,0.183555,0.175907,0.175907,5681200,0.000000,0.000000,0.247007
2021-03-16 00:00:00+08:00,0.179731,0.179731,0.175907,0.175907,1519900,0.000000,0.000000,0.247007
2021-03-17 00:00:00+08:00,0.179731,0.179731,0.175907,0.175907,1101700,0.000000,0.000000,0.247007
2021-03-18 00:00:00+08:00,0.179731,0.187380,0.175907,0.183555,14427300,0.000000,0.000000,0.254655
2021-03-19 00:00:00+08:00,0.183555,0.183555,0.179731,0.179731,4805800,0.000000,0.000000,0.250831
2021-03-22 00:00:00+08:00,0.183555,0.183555,0.175907,0.175907,1823500,0.000000,0.000000,0.247007
2021-03-23 00:00:00+08:00,0.175907,0.179731,0.172083,0.172083,4356100,0.000000,0.000000,0.243183
2021-03-24 00:00:00+08:00,0.175907,0.183555,0.172083,0.175907,5628900,0.000000,0.000000,0.247007
2021-03-25 00:00:00+08:00,0.179731,0.179731,0.175907,0.175907,713600,0.000000,0.000000,0.247007
2021-03-26 00:00:00+08:00,0.175907,0.179731,0.175907,0.175907,1753300,0.000000,0.000000,0.247007
2021-03-29 00:00:00+08:00,0.179731,0.179731,0.175907,0.175907,1405000,0.000000,0.000000,0.247007
2021-03-30 00:00:00+08:00,0.179731,0.183555,0.179731,0.183555,1249400,0.000000,0.000000,0.254655
2021-03-31 00:00:00+08:00,0.183555,0.183555,0.175907,0.175907,5116600,0.000000,0.000000,0.247007
2021-04-01 00:00:00+08:00,0.179731,0.183555,0.175907,0.179731,4068900,0.000000,0.000000,0.250831
2021-04-05 00:00:00+08:00,0.183555,0.183555,0.179731,0.179731,4917100,0.000000,0.000000,0.250831
2021-04-06 00:00:00+08:00,0.183555,0.187380,0.179731,0.179731,6105700,0.000000,0.000000,0.250831
2021-04-07 00:00:00+08:00,0.183555,0.187380,0.179731,0.187380,1974900,0.000000,0.000000,0.258480
2021-04-08 00:00:00+08:00,0.187380,0.187380,0.183555,0.187380,2019700,0.000000,0.000000,0.258480
2021-04-09 00:00:00+08:00,0.187380,0.187380,0.183555,0.183555,1577800,0.000000,0.000000,0.254655
2021-04-12 00:00:00+08:00,0.183555,0.187380,0.179731,0.183555,2782100,0.000000,0.000000,0.254655
2021-04-13 00:00:00+08:00,0.183555,0.187380,0.183555,0.187380,3030600,0.000000,0.000000,0.258480
2021-04-14 00:00:00+08:00,0.187380,0.191204,0.183555,0.187380,5084400,0.000000,0.000000,0.258480
2021-04-15 00:00:00+08:00,0.187380,0.187380,0.183555,0.183555,864700,0.000000,0.000000,0.254655
2021-04-16 00:00:00+08:00,0.183555,0.187380,0.183555,0.183555,1337000,0.000000,0.000000,0.254655
2021-04-19 00:00:00+08:00,0.187380,0.191204,0.183555,0.191204,3847700,0.000000,0.000000,0.262304
2021-04-20 00:00:00+08:00,0.187380,0.210324,0.187380,0.202676,15203000,0.000000,0.000000,0.273776
2021-04-21 00:00:00+08:00,0.198852,0.206500,0.195028,0.198852,8567100,0.000000,0.000000,0.269952
2021-04-22 00:00:00+08:00,0.198852,0.202676,0.195028,0.198852,3098400,0.000000,0.000000,0.269952
2021-04-23 00:00:00+08:00,0.198852,0.198852,0.195028,0.198852,1292400,0.000000,0.000000,0.269952
2021-04-26 00:00:00+08:00,0.198852,0.202676,0.198852,0.202676,1937300,0.000000,0.000000,0.273776
2021-04-27 00:00:00+08:00,0.202676,0.206500,0.198852,0.202676,6043800,0.000000,0.000000,0.273776
2021-04-28 00:00:00+08:00,0.202676,0.206500,0.198852,0.202676,1937800,0.000000,0.000000,0.273776
2021-04-29 00:00:00+08:00,0.202676,0.206500,0.198852,0.202676,5080800,0.000000,0.000000,0.273776
2021-04-30 00:00:00+08:00,0.198852,0.202676,0.198852,0.198852,1196100,0.000000,0.000000,0.269952
2021-05-03 00:00:00+08:00,0.202676,0.202676,0.195028,0.198852,5905700,0.000000,0.000000,0.269952
2021-05-04 00:00:00+08:00,0.198852,0.206500,0.198852,0.206500,2490000,0.000000,0.000000,0.277600
2021-05-05 00:00:00+08:00,0.206500,0.214148,0.206500,0.206500,12990100,0.000000,0.000000,0.277600
2021-05-06 00:00:00+08:00,0.206500,0.210324,0.202676,0.206500,4590300,0.000000,0.000000,0.277600
2021-05-07 00:00:00+08:00,0.202676,0.210324,0.202676,0.202676,4891800,0.000000,0.000000,0.273776
2021-05-10 00:00:00+08:00,0.206500,0.206500,0.202676,0.202676,1732200,0.000000,0.000000,0.273776
2021-05-11 00:00:00+08:00,0.206500,0.206500,0.202676,0.202676,962100,0.000000,0.000000,0.273776
2021-05-12 00:00:00+08:00,0.202676,0.206500,0.198852,0.206500,3906300,0.000000,0.000000,0.277600
2021-05-14 00:00:00+08:00,0.202676,0.206500,0.191204,0.191204,12291300,0.000000,0.000000,0.262304
2021-05-17 00:00:00+08:00,0.200234,0.204160,0.196308,0.204160,4613900,0.006500,0.000000,0.268760
2021-05-18 00:00:00+08:00,0.200234,0.208086,0.200234,0.204160,1656900,0.000000,0.000000,0.268760
2021-05-19 00:00:00+08:00,0.208086,0.208086,0.200234,0.204160,3841900,0.000000,0.000000,0.268760
2021-05-20 00:00:00+08:00,0.200234,0.208086,0.200234,0.200234,2992000,0.000000,0.000000,0.264834
2021-05-21 00:00:00+08:00,0.200234,0.204160,0.200234,0.200234,1309600,0.000000,0.000000,0.264834
2021-05-24 00:00:00+08:00,0.200234,0.204160,0.200234,0.200234,759300,0.000000,0.000000,0.264834
2021-05-25 00:00:00+08:00,0.204160,0.204160,0.200234,0.200234,840400,0.000000,0.000000,0.264834
2021-05-27 00:00:00+08:00,0.200234,0.204160,0.200234,0.200234,1095600,0.000000,0.000000,0.264834
2021-05-28 00:00:00+08:00,0.200234,0.204160,0.200234,0.200234,1502100,0.000000,0.000000,0.264834
2021-05-31 00:00:00+08:00,0.204160,0.204160,0.200234,0.200234,2131000,0.000000,0.000000,0.264834
2021-06-01 00:00:00+08:00,0.200234,0.208086,0.200234,0.208086,1419000,0.000000,0.000000,0.272686
2021-06-02 00:00:00+08:00,0.208086,0.212012,0.204160,0.208086,4646200,0.000000,0.000000,0.272686
2021-06-03 00:00:00+08:00,0.208086,0.212012,0.204160,0.208086,4292700,0.000000,0.000000,0.272686
2021-06-04 00:00:00+08:00,0.208086,0.212012,0.208086,0.212012,825300,0.000000,0.000000,0.276612
2021-06-07 00:00:00+08:00,0.212012,0.212012,0.208086,0.212012,1085600,0.000000,0.000000,0.276612
2021-06-08 00:00:00+08:00,0.212012,0.212012,0.208086,0.208086,1158100,0.000000,0.000000,0.272686
2021-06-09 00:00:00+08:00,0.208086,0.215938,0.208086,0.212012,3349000,0.000000,0.000000,0.276612
2021-06-10 00:00:00+08:00,0.212012,0.215938,0.212012,0.212012,5743500,0.000000,0.000000,0.276612
2021-06-11 00:00:00+08:00,0.212012,0.215938,0.208086,0.215938,1262000,0.000000,0.000000,0.280538
2021-06-14 00:00:00+08:00,0.212012,0.215938,0.208086,0.215938,2875000,0.000000,0.000000,0.280538
2021-06-15 00:00:00+08:00,0.215938,0.215938,0.212012,0.215938,713700,0.000000,0.000000,0.280538
2021-06-16 00:00:00+08:00,0.215938,0.215938,0.212012,0.212012,995100,0.000000,0.000000,0.276612
2021-06-17 00:00:00+08:00,0.212012,0.215938,0.212012,0.215938,894100,0.000000,0.000000,0.280538
2021-06-18 00:00:00+08:00,0.212012,0.219865,0.212012,0.215938,7888900,0.000000,0.000000,0.280538
2021-06-21 00:00:00+08:00,0.215938,0.215938,0.212012,0.215938,1418900,0.000000,0.000000,0.280538
2021-06-22 00:00:00+08:00,0.212012,0.215938,0.212012,0.212012,2833000,0.000000,0.000000,0.276612
2021-06-23 00:00:00+08:00,0.212012,0.215938,0.208086,0.208086,1950800,0.000000,0.000000,0.272686
2021-06-24 00:00:00+08:00,0.208086,0.212012,0.208086,0.212012,1802600,0.000000,0.000000,0.276612
2021-06-25 00:00:00+08:00,0.212012,0.212012,0.208086,0.212012,1910500,0.000000,0.000000,0.276612
2021-06-28 00:00:00+08:00,0.212012,0.212012,0.208086,0.208086,703300,0.000000,0.000000,0.272686
2021-06-29 00:00:00+08:00,0.208086,0.212012,0.208086,0.208086,522100,0.000000,0.000000,0.272686
2021-06-30 00:00:00+08:00,0.212012,0.212012,0.208086,0.208086,1216900,0.000000,0.000000,0.272686
2021-07-01 00:00:00+08:00,0.208086,0.212012,0.208086,0.208086,4974200,0.000000,0.000000,0.272686
2021-07-02 00:00:00+08:00,0.208086,0.212012,0.208086,0.208086,543600,0.000000,0.000000,0.272686
2021-07-05 00:00:00+08:00,0.212012,0.212012,0.208086,0.208086,532000,0.000000,0.000000,0.272686
2021-07-06 00:00:00+08:00,0.208086,0.212012,0.208086,0.208086,1607100,0.000000,0.000000,0.272686
2021-07-07 00:00:00+08:00,0.208086,0.212012,0.208086,0.212012,2553900,0.000000,0.000000,0.276612
2021-07-08 00:00:00+08:00,0.208086,0.212012,0.204160,0.208086,3469300,0.000000,0.000000,0.272686
2021-07-09 00:00:00+08:00,0.204160,0.208086,0.204160,0.208086,1493900,0.000000,0.000000,0.272686
2021-07-12 00:00:00+08:00,0.204160,0.208086,0.204160,0.204160,4679300,0.000000,0.000000,0.268760
2021-07-13 00:00:00+08:00,0.208086,0.208086,0.204160,0.208086,656700,0.000000,0.000000,0.272686
2021-07-14 00:00:00+08:00,0.208086,0.208086,0.204160,0.204160,975900,0.000000,0.000000,0.268760
2021-07-15 00:00:00+08:00,0.208086,0.208086,0.204160,0.208086,1107900,0.000000,0.000000,0.272686
2021-07-16 00:00:00+08:00,0.204160,0.208086,0.204160,0.208086,2149200,0.000000,0.000000,0.272686
2021-07-19 00:00:00+08:00,0.208086,0.208086,0.204160,0.204160,1029300,0.000000,0.000000,0.268760
2021-07-21 00:00:00+08:00,0.204160,0.208086,0.204160,0.204160,1623500,0.000000,0.000000,0.268760
2021-07-22 00:00:00+08:00,0.208086,0.208086,0.204160,0.204160,1095100,0.000000,0.000000,0.268760
2021-07-23 00:00:00+08:00,0.208086,0.208086,0.204160,0.204160,1268200,0.000000,0.000000,0.268760
2021-07-26 00:00:00+08:00,0.204160,0.208086,0.200234,0.204160,3548800,0.000000,0.000000,0.268760
2021-07-27 00:00:00+08:00,0.208086,0.208086,0.204160,0.208086,351400,0.000000,0.000000,0.272686
2021-07-28 00:00:00+08:00,0.208086,0.208086,0.204160,0.208086,870300,0.000000,0.000000,0.272686
2021-07-29 00:00:00+08:00,0.208086,0.208086,0.204160,0.208086,1062800,0.000000,0.000000,0.272686
2021-07-30 00:00:00+08:00,0.208086,0.212012,0.208086,0.208086,1883100,0.000000,0.000000,0.272686
2021-08-02 00:00:00+08:00,0.208086,0.212012,0.208086,0.212012,1792400,0.000000,0.000000,0.276612
2021-08-03 00:00:00+08:00,0.212012,0.212012,0.208086,0.212012,1202600,0.000000,0.000000,0.276612
2021-08-04 00:00:00+08:00,0.212012,0.215938,0.208086,0.215938,3292200,0.000000,0.000000,0.280538
2021-08-05 00:00:00+08:00,0.212012,0.215938,0.212012,0.215938,3448000,0.000000,0.000000,0.280538
2021-08-06 00:00:00+08:00,0.215938,0.215938,0.212012,0.215938,782100,0.000000,0.000000,0.280538
2021-08-10 00:00:00+08:00,0.212012,0.215938,0.208086,0.212012,4185500,0.000000,0.000000,0.276612
2021-08-11 00:00:00+08:00,0.212012,0.212012,0.208086,0.212012,953500,0.000000,0.000000,0.276612
2021-08-12 00:00:00+08:00,0.213219,0.213219,0.209196,0.213219,1878500,0.006500,0.000000,0.271319
2021-08-13 00:00:00+08:00,0.213219,0.213219,0.209196,0.209196,832000,0.000000,0.000000,0.267296
2021-08-16 00:00:00+08:00,0.209196,0.213219,0.205173,0.209196,6024100,0.000000,0.000000,0.267296
2021-08-17 00:00:00+08:00,0.209196,0.213219,0.205173,0.209196,3174200,0.000000,0.000000,0.267296
2021-08-18 00:00:00+08:00,0.209196,0.213219,0.205173,0.213219,3665000,0.000000,0.000000,0.271319
2021-08-19 00:00:00+08:00,0.213219,0.213219,0.209196,0.209196,2504200,0.000000,0.000000,0.267296
2021-08-20 00:00:00+08:00,0.209196,0.213219,0.209196,0.209196,1070800,0.000000,0.000000,0.267296
2021-08-23 00:00:00+08:00,0.209196,0.213219,0.209196,0.213219,515400,0.000000,0.000000,0.271319
2021-08-24 00:00:00+08:00,0.209196,0.213219,0.209196,0.209196,1634000,0.000000,0.000000,0.267296
2021-08-25 00:00:00+08:00,0.209196,0.213219,0.209196,0.213219,690800,0.000000,0.000000,0.271319
2021-08-26 00:00:00+08:00,0.213219,0.213219,0.209196,0.213219,979400,0.000000,0.000000,0.271319
2021-08-27 00:00:00+08:00,0.213219,0.213219,0.209196,0.213219,925100,0.000000,0.000000,0.271319
2021-08-30 00:00:00+08:00,0.209196,0.213219,0.209196,0.213219,917900,0.000000,0.000000,0.271319
2021-08-31 00:00:00+08:00,0.213219,0.213219,0.209196,0.213219,491600,0.000000,0.000000,0.271319
2021-09-01 00:00:00+08:00,0.213219,0.213219,0.209196,0.209196,957400,0.000000,0.000000,0.267296
2021-09-02 00:00:00+08:00,0.209196,0.213219,0.209196,0.213219,2930900,0.000000,0.000000,0.271319
2021-09-03 00:00:00+08:00,0.213219,0.221265,0.213219,0.213219,6252200,0.000000,0.000000,0.271319
2021-09-06 00:00:00+08:00,0.217242,0.217242,0.213219,0.213219,570900,0.000000,0.000000,0.271319
2021-09-07 00:00:00+08:00,0.213219,0.217242,0.213219,0.217242,1388200,0.000000,0.000000,0.275342
2021-09-08 00:00:00+08:00,0.213219,0.217242,0.213219,0.217242,3242100,0.000000,0.000000,0.275342
2021-09-09 00:00:00+08:00,0.217242,0.217242,0.213219,0.213219,1261300,0.000000,0.000000,0.271319
2021-09-10 00:00:00+08:00,0.217242,0.217242,0.213219,0.213219,635300,0.000000,0.000000,0.271319
2021-09-13 00:00:00+08:00,0.213219,0.217242,0.213219,0.213219,350900,0.000000,0.000000,0.271319
2021-09-14 00:00:00+08:00,0.217242,0.217242,0.209196,0.213219,5176200,0.000000,0.000000,0.271319
2021-09-15 00:00:00+08:00,0.209196,0.213219,0.205173,0.209196,7271000,0.000000,0.000000,0.267296
2021-09-16 00:00:00+08:00,0.209196,0.213219,0.205173,0.205173,4304600,0.000000,0.000000,0.263273
2021-09-17 00:00:00+08:00,0.205173,0.209196,0.205173,0.205173,2370500,0.000000,0.000000,0.263273
2021-09-20 00:00:00+08:00,0.205173,0.209196,0.205173,0.209196,1164300,0.000000,0.000000,0.267296
2021-09-21 00:00:00+08:00,0.205173,0.209196,0.201150,0.205173,7317000,0.000000,0.000000,0.263273
2021-09-22 00:00:00+08:00,0.205173,0.209196,0.201150,0.205173,6021000,0.000000,0.000000,0.263273
2021-09-23 00:00:00+08:00,0.205173,0.209196,0.205173,0.205173,911400,0.000000,0.000000,0.263273
2021-09-24 00:00:00+08:00,0.205173,0.209196,0.201150,0.201150,1920300,0.000000,0.000000,0.259250
2021-09-27 00:00:00+08:00,0.205173,0.209196,0.205173,0.209196,4154700,0.000000,0.000000,0.267296
2021-09-28 00:00:00+08:00,0.205173,0.209196,0.205173,0.209196,643900,0.000000,0.000000,0.267296
2021-09-29 00:00:00+08:00,0.209196,0.209196,0.205173,0.205173,5181800,0.000000,0.000000,0.263273
2021-09-30 00:00:00+08:00,0.205173,0.209196,0.205173,0.205173,738400,0.000000,0.000000,0.263273
2021-10-01 00:00:00+08:00,0.205173,0.209196,0.205173,0.205173,560900,0.000000,0.000000,0.263273
2021-10-04 00:00:00+08:00,0.205173,0.209196,0.201150,0.205173,7264500,0.000000,0.000000,0.263273
2021-10-05 00:00:00+08:00,0.205173,0.205173,0.201150,0.201150,1808600,0.000000,0.000000,0.259250
2021-10-06 00:00:00+08:00,0.201150,0.205173,0.201150,0.205173,1130700,0.000000,0.000000,0.263273
2021-10-07 00:00:00+08:00,0.205173,0.209196,0.201150,0.205173,2617600,0.000000,0.000000,0.263273
2021-10-08 00:00:00+08:00,0.205173,0.209196,0.205173,0.209196,497100,0.000000,0.000000,0.267296
2021-10-11 00:00:00+08:00,0.209196,0.209196,0.205173,0.205173,779400,0.000000,0.000000,0.263273
2021-10-12 00:00:00+08:00,0.209196,0.209196,0.205173,0.209196,681400,0.000000,0.000000,0.267296
2021-10-13 00:00:00+08:00,0.209196,0.209196,0.205173,0.209196,1214900,0.000000,0.000000,0.267296
2021-10-14 00:00:00+08:00,0.209196,0.213219,0.205173,0.213219,3105500,0.000000,0.000000,0.271319
2021-10-15 00:00:00+08:00,0.209196,0.213219,0.209196,0.213219,908300,0.000000,0.000000,0.271319
2021-10-18 00:00:00+08:00,0.213219,0.213219,0.209196,0.209196,720400,0.000000,0.000000,0.267296
2021-10-19 00:00:00+08:00,0.213219,0.213219,0.209196,0.209196,504900,0.000000,0.000000,0.267296
2021-10-20 00:00:00+08:00,0.213219,0.213219,0.209196,0.213219,822400,0.000000,0.000000,0.271319
2021-10-21 00:00:00+08:00,0.213219,0.213219,0.209196,0.213219,1823600,0.000000,0.000000,0.271319
2021-10-22 00:00:00+08:00,0.209196,0.213219,0.209196,0.213219,674100,0.000000,0.000000,0.271319
2021-10-25 00:00:00+08:00,0.213219,0.213219,0.209196,0.209196,4542300,0.000000,0.000000,0.267296
2021-10-26 00:00:00+08:00,0.213219,0.213219,0.209196,0.213219,796600,0.000000,0.000000,0.271319
2021-10-27 00:00:00+08:00,0.213219,0.217242,0.209196,0.213219,6829000,0.000000,0.000000,0.271319
2021-10-28 00:00:00+08:00,0.213219,0.213219,0.209196,0.209196,729100,0.000000,0.000000,0.267296
2021-10-29 00:00:00+08:00,0.213219,0.213219,0.209196,0.213219,918700,0.000000,0.000000,0.271319
2021-11-01 00:00:00+08:00,0.213219,0.213219,0.209196,0.209196,3874000,0.000000,0.000000,0.267296
2021-11-02 00:00:00+08:00,0.209196,0.213219,0.209196,0.209196,1080300,0.000000,0.000000,0.267296
2021-11-03 00:00:00+08:00,0.214560,0.214560,0.210434,0.214560,1598600,0.006500,0.000000,0.266160
2021-11-05 00:00:00+08:00,0.214560,0.214560,0.210434,0.214560,874200,0.000000,0.000000,0.266160
2021-11-08 00:00:00+08:00,0.214560,0.222812,0.214560,0.222812,5740400,0.000000,0.000000,0.274412
2021-11-09 00:00:00+08:00,0.222812,0.222812,0.218686,0.218686,3511000,0.000000,0.000000,0.270286
2021-11-10 00:00:00+08:00,0.218686,0.218686,0.214560,0.214560,1011600,0.000000,0.000000,0.266160
2021-11-11 00:00:00+08:00,0.218686,0.218686,0.214560,0.218686,620100,0.000000,0.000000,0.270286
2021-11-12 00:00:00+08:00,0.218686,0.222812,0.218686,0.218686,2470500,0.000000,0.000000,0.270286
2021-11-15 00:00:00+08:00,0.222812,0.226939,0.218686,0.226939,10235400,0.000000,0.000000,0.278539
2021-11-16 00:00:00+08:00,0.222812,0.226939,0.222812,0.226939,1570800,0.000000,0.000000,0.278539
2021-11-17 00:00:00+08:00,0.222812,0.226939,0.222812,0.222812,1185600,0.000000,0.000000,0.274412
2021-11-18 00:00:00+08:00,0.222812,0.226939,0.222812,0.222812,782200,0.000000,0.000000,0.274412
2021-11-19 00:00:00+08:00,0.222812,0.231065,0.222812,0.226939,7016500,0.000000,0.000000,0.278539
2021-11-22 00:00:00+08:00,0.226939,0.239317,0.226939,0.239317,21731400,0.000000,0.000000,0.290917
2021-11-23 00:00:00+08:00,0.239317,0.259948,0.239317,0.251696,20261800,0.000000,0.000000,0.303296
2021-11-24 00:00:00+08:00,0.255822,0.268200,0.255822,0.264074,13075500,0.000000,0.000000,0.315674
2021-11-25 00:00:00+08:00,0.268200,0.272326,0.259948,0.259948,12416800,0.000000,0.000000,0.311548
2021-11-26 00:00:00+08:00,0.259948,0.264074,0.239317,0.247569,14952100,0.000000,0.000000,0.299169
2021-11-29 00:00:00+08:00,0.243443,0.247569,0.235191,0.243443,5578800,0.000000,0.000000,0.295043
2021-11-30 00:00:00+08:00,0.243443,0.251696,0.235191,0.239317,5643200,0.000000,0.000000,0.290917
2021-12-01 00:00:00+08:00,0.239317,0.251696,0.239317,0.251696,6652100,0.000000,0.000000,0.303296
2021-12-02 00:00:00+08:00,0.247569,0.251696,0.243443,0.243443,2196200,0.000000,0.000000,0.295043
2021-12-03 00:00:00+08:00,0.247569,0.247569,0.243443,0.243443,2549900,0.000000,0.000000,0.295043
2021-12-06 00:00:00+08:00,0.243443,0.247569,0.243443,0.243443,1098700,0.000000,0.000000,0.295043
2021-12-07 00:00:00+08:00,0.243443,0.251696,0.243443,0.251696,1473900,0.000000,0.000000,0.303296
2021-12-08 00:00:00+08:00,0.251696,0.251696,0.247569,0.251696,6165000,0.000000,0.000000,0.303296
2021-12-09 00:00:00+08:00,0.247569,0.255822,0.247569,0.251696,4693900,0.000000,0.000000,0.303296
2021-12-10 00:00:00+08:00,0.247569,0.251696,0.247569,0.247569,573200,0.000000,0.000000,0.299169
2021-12-13 00:00:00+08:00,0.251696,0.255822,0.247569,0.251696,2865900,0.000000,0.000000,0.303296
2021-12-14 00:00:00+08:00,0.251696,0.251696,0.247569,0.251696,1077400,0.000000,0.000000,0.303296
2021-12-15 00:00:00+08:00,0.251696,0.251696,0.247569,0.251696,1122000,0.000000,0.000000,0.303296
2021-12-16 00:00:00+08:00,0.247569,0.251696,0.243443,0.247569,2773500,0.000000,0.000000,0.299169
2021-12-17 00:00:00+08:00,0.247569,0.247569,0.243443,0.243443,1731900,0.000000,0.000000,0.295043
2021-12-20 00:00:00+08:00,0.247569,0.247569,0.239317,0.239317,2497100,0.000000,0.000000,0.290917
2021-12-21 00:00:00+08:00,0.243443,0.247569,0.239317,0.247569,2411800,0.000000,0.000000,0.299169
2021-12-22 00:00:00+08:00,0.247569,0.247569,0.243443,0.243443,1841600,0.000000,0.000000,0.295043
2021-12-23 00:00:00+08:00,0.247569,0.247569,0.243443,0.243443,985400,0.000000,0.000000,0.295043
2021-12-24 00:00:00+08:00,0.243443,0.251696,0.243443,0.243443,1581200,0.000000,0.000000,0.295043
2021-12-27 00:00:00+08:00,0.247569,0.247569,0.243443,0.247569,1956300,0.000000,0.000000,0.299169
2021-12-28 00:00:00+08:00,0.247569,0.251696,0.243443,0.251696,1764200,0.000000,0.000000,0.303296
2021-12-29 00:00:00+08:00,0.247569,0.251696,0.247569,0.251696,503900,0.000000,0.000000,0.303296
2021-12-30 00:00:00+08:00,0.247569,0.251696,0.247569,0.251696,788200,0.000000,0.000000,0.303296
2021-12-31 00:00:00+08:00,0.247569,0.251696,0.247569,0.251696,500800,0.000000,0.000000,0.303296
2022-01-03 00:00:00+08:00,0.251696,0.255822,0.247569,0.255822,1081000,0.000000,0.000000,0.307422
2022-01-04 00:00:00+08:00,0.255822,0.259948,0.251696,0.259948,3355700,0.000000,0.000000,0.311548
2022-01-05 00:00:00+08:00,0.255822,0.264074,0.255822,0.259948,2558900,0.000000,0.000000,0.311548
2022-01-06 00:00:00+08:00,0.255822,0.264074,0.255822,0.259948,1363400,0.000000,0.000000,0.311548
2022-01-07 00:00:00+08:00,0.255822,0.264074,0.255822,0.259948,1838300,0.000000,0.000000,0.311548
2022-01-10 00:00:00+08:00,0.255822,0.259948,0.251696,0.255822,1698000,0.000000,0.000000,0.307422
2022-01-11 00:00:00+08:00,0.251696,0.259948,0.251696,0.259948,554600,0.000000,0.000000,0.311548
2022-01-12 00:00:00+08:00,0.259948,0.259948,0.251696,0.255822,1591900,0.000000,0.000000,0.307422
2022-01-13 00:00:00+08:00,0.251696,0.255822,0.251696,0.251696,1592000,0.000000,0.000000,0.303296
2022-01-14 00:00:00+08:00,0.255822,0.255822,0.251696,0.255822,1285700,0.000000,0.000000,0.307422
2022-01-17 00:00:00+08:00,0.255822,0.255822,0.251696,0.255822,816000,0.000000,0.000000,0.307422
2022-01-18 00:00:00+08:00,0.255822,0.255822,0.251696,0.251696,557400,0.000000,0.000000,0.303296
2022-01-19 00:00:00+08:00,0.251696,0.255822,0.251696,0.251696,1044900,0.000000,0.000000,0.303296
2022-01-20 00:00:00+08:00,0.251696,0.255822,0.251696,0.255822,306500,0.000000,0.000000,0.307422
2022-01-21 00:00:00+08:00,0.255822,0.255822,0.251696,0.255822,377700,0.000000,0.000000,0.307422
2022-01-24 00:00:00+08:00,0.255822,0.255822,0.251696,0.255822,1324500,0.000000,0.000000,0.307422
2022-01-25 00:00:00+08:00,0.255822,0.259948,0.247569,0.247569,5603200,0.000000,0.000000,0.299169
2022-01-26 00:00:00+08:00,0.247569,0.251696,0.247569,0.247569,727300,0.000000,0.000000,0.299169
2022-01-27 00:00:00+08:00,0.251696,0.251696,0.247569,0.247569,594600,0.000000,0.000000,0.299169
2022-01-28 00:00:00+08:00,0.247569,0.251696,0.243443,0.243443,1073100,0.000000,0.000000,0.295043
2022-01-31 00:00:00+08:00,0.243443,0.251696,0.243443,0.251696,497600,0.000000,0.000000,0.303296
2022-02-03 00:00:00+08:00,0.255822,0.255822,0.247569,0.255822,1107800,0.000000,0.000000,0.307422
2022-02-04 00:00:00+08:00,0.251696,0.255822,0.247569,0.255822,953600,0.000000,0.000000,0.307422
2022-02-07 00:00:00+08:00,0.255822,0.255822,0.251696,0.255822,886800,0.000000,0.000000,0.307422
2022-02-08 00:00:00+08:00,0.255822,0.259948,0.251696,0.251696,1763000,0.000000,0.000000,0.303296
2022-02-09 00:00:00+08:00,0.255822,0.255822,0.251696,0.255822,1277700,0.000000,0.000000,0.307422
2022-02-10 00:00:00+08:00,0.255822,0.259948,0.255822,0.259948,966400,0.000000,0.000000,0.311548
2022-02-11 00:00:00+08:00,0.259948,0.264074,0.255822,0.259948,4563600,0.000000,0.000000,0.311548
2022-02-14 00:00:00+08:00,0.259948,0.259948,0.251696,0.255822,2782200,0.000000,0.000000,0.307422
2022-02-15 00:00:00+08:00,0.255822,0.259948,0.251696,0.259948,836400,0.000000,0.000000,0.311548
2022-02-16 00:00:00+08:00,0.255822,0.255822,0.251696,0.251696,1445400,0.000000,0.000000,0.303296
2022-02-17 00:00:00+08:00,0.251696,0.259948,0.251696,0.255822,1228300,0.000000,0.000000,0.307422
2022-02-18 00:00:00+08:00,0.257171,0.261387,0.252955,0.257171,1644100,0.006600,0.000000,0.302171
2022-02-21 00:00:00+08:00,0.257171,0.261387,0.257171,0.257171,885400,0.000000,0.000000,0.302171
2022-02-22 00:00:00+08:00,0.257171,0.261387,0.252955,0.252955,1492700,0.000000,0.000000,0.297955
2022-02-23 00:00:00+08:00,0.252955,0.257171,0.252955,0.257171,667100,0.000000,0.000000,0.302171
2022-02-24 00:00:00+08:00,0.252955,0.257171,0.248739,0.252955,2998500,0.000000,0.000000,0.297955
2022-02-25 00:00:00+08:00,0.252955,0.252955,0.248739,0.252955,1794800,0.000000,0.000000,0.297955
2022-02-28 00:00:00+08:00,0.252955,0.252955,0.248739,0.252955,1149400,0.000000,0.000000,0.297955
2022-03-01 00:00:00+08:00,0.252955,0.252955,0.248739,0.248739,793300,0.000000,0.000000,0.293739
2022-03-02 00:00:00+08:00,0.248739,0.252955,0.248739,0.252955,722500,0.000000,0.000000,0.297955
2022-03-03 00:00:00+08:00,0.248739,0.252955,0.248739,0.252955,203100,0.000000,0.000000,0.297955
2022-03-04 00:00:00+08:00,0.248739,0.252955,0.248739,0.252955,3127200,0.000000,0.000000,0.297955
2022-03-07 00:00:00+08:00,0.252955,0.252955,0.248739,0.252955,2088100,0.000000,0.000000,0.297955
2022-03-08 00:00:00+08:00,0.248739,0.252955,0.244523,0.244523,2220600,0.000000,0.000000,0.289523
2022-03-09 00:00:00+08:00,0.244523,0.252955,0.244523,0.248739,1853000,0.000000,0.000000,0.293739
2022-03-10 00:00:00+08:00,0.252955,0.252955,0.248739,0.248739,253100,0.000000,0.000000,0.293739
2022-03-11 00:00:00+08:00,0.248739,0.252955,0.248739,0.248739,460700,0.000000,0.000000,0.293739
2022-03-14 00:00:00+08:00,0.248739,0.257171,0.248739,0.252955,863700,0.000000,0.000000,0.297955
2022-03-15 00:00:00+08:00,0.252955,0.257171,0.248739,0.248739,1174000,0.000000,0.000000,0.293739
2022-03-16 00:00:00+08:00,0.252955,0.252955,0.248739,0.252955,308000,0.000000,0.000000,0.297955
2022-03-17 00:00:00+08:00,0.252955,0.252955,0.248739,0.248739,1207200,0.000000,0.000000,0.293739
2022-03-18 00:00:00+08:00,0.252955,0.252955,0.248739,0.248739,1221300,0.000000,0.000000,0.293739
2022-03-21 00:00:00+08:00,0.252955,0.252955,0.248739,0.252955,825100,0.000000,0.000000,0.297955
2022-03-22 00:00:00+08:00,0.252955,0.252955,0.248739,0.248739,533800,0.000000,0.000000,0.293739
2022-03-23 00:00:00+08:00,0.248739,0.252955,0.248739,0.248739,792000,0.000000,0.000000,0.293739
2022-03-24 00:00:00+08:00,0.248739,0.252955,0.248739,0.248739,1056000,0.000000,0.000000,0.293739
2022-03-25 00:00:00+08:00,0.252955,0.252955,0.248739,0.248739,1302800,0.000000,0.000000,0.293739
2022-03-28 00:00:00+08:00,0.252955,0.252955,0.248739,0.252955,730600,0.000000,0.000000,0.297955
2022-03-29 00:00:00+08:00,0.252955,0.257171,0.248739,0.257171,2033400,0.000000,0.000000,0.302171
2022-03-30 00:00:00+08:00,0.257171,0.257171,0.252955,0.257171,1545300,0.000000,0.000000,0.302171
2022-03-31 00:00:00+08:00,0.252955,0.261387,0.252955,0.261387,1135100,0.000000,0.000000,0.306387
2022-04-01 00:00:00+08:00,0.261387,0.261387,0.257171,0.257171,1471300,0.000000,0.000000,0.302171
2022-04-04 00:00:00+08:00,0.261387,0.261387,0.257171,0.261387,5501300,0.000000,0.000000,0.306387
2022-04-05 00:00:00+08:00,0.261387,0.265603,0.261387,0.265603,3354100,0.000000,0.000000,0.310603
2022-04-06 00:00:00+08:00,0.265603,0.265603,0.261387,0.261387,1949300,0.000000,0.000000,0.306387
2022-04-07 00:00:00+08:00,0.261387,0.265603,0.257171,0.261387,4653200,0.000000,0.000000,0.306387
2022-04-08 00:00:00+08:00,0.261387,0.265603,0.257171,0.265603,4111200,0.000000,0.000000,0.310603
2022-04-11 00:00:00+08:00,0.261387,0.265603,0.257171,0.261387,1320400,0.000000,0.000000,0.306387
2022-04-12 00:00:00+08:00,0.261387,0.261387,0.257171,0.261387,672500,0.000000,0.000000,0.306387
2022-04-13 00:00:00+08:00,0.257171,0.265603,0.257171,0.265603,1025600,0.000000,0.000000,0.310603
2022-04-14 00:00:00+08:00,0.265603,0.265603,0.257171,0.257171,586800,0.000000,0.000000,0.302171
2022-04-18 00:00:00+08:00,0.261387,0.261387,0.257171,0.257171,857000,0.000000,0.000000,0.302171
2022-04-19 00:00:00+08:00,0.261387,0.265603,0.257171,0.261387,905000,0.000000,0.000000,0.306387
2022-04-20 00:00:00+08:00,0.261387,0.265603,0.257171,0.261387,1307000,0.000000,0.000000,0.306387
2022-04-21 00:00:00+08:00,0.265603,0.265603,0.257171,0.261387,565700,0.000000,0.000000,0.306387
2022-04-22 00:00:00+08:00,0.261387,0.261387,0.257171,0.261387,1143000,0.000000,0.000000,0.306387
2022-04-25 00:00:00+08:00,0.261387,0.261387,0.257171,0.261387,908900,0.000000,0.000000,0.306387
2022-04-26 00:00:00+08:00,0.261387,0.265603,0.261387,0.261387,1244100,0.000000,0.000000,0.306387
2022-04-27 00:00:00+08:00,0.261387,0.265603,0.257171,0.265603,763100,0.000000,0.000000,0.310603
2022-04-28 00:00:00+08:00,0.261387,0.265603,0.257171,0.261387,1171900,0.000000,0.000000,0.306387
2022-04-29 00:00:00+08:00,0.261387,0.265603,0.261387,0.265603,1017800,0.000000,0.000000,0.310603
2022-05-04 00:00:00+08:00,0.265603,0.265603,0.261387,0.261387,1861100,0.000000,0.000000,0.306387
2022-05-05 00:00:00+08:00,0.265603,0.265603,0.261387,0.261387,324900,0.000000,0.000000,0.306387
2022-05-06 00:00:00+08:00,0.261387,0.265603,0.257171,0.261387,3081100,0.000000,0.000000,0.306387
2022-05-09 00:00:00+08:00,0.265603,0.265603,0.257171,0.261387,3437300,0.000000,0.000000,0.306387
2022-05-10 00:00:00+08:00,0.257171,0.261387,0.252955,0.252955,6211700,0.000000,0.000000,0.297955
2022-05-11 00:00:00+08:00,0.252955,0.257171,0.248739,0.252955,3733700,0.000000,0.000000,0.297955
2022-05-12 00:00:00+08:00,0.252955,0.252955,0.244523,0.248739,4491100,0.000000,0.000000,0.293739
2022-05-13 00:00:00+08:00,0.248739,0.252955,0.244523,0.248739,2269600,0.000000,0.000000,0.293739
2022-05-17 00:00:00+08:00,0.254431,0.254431,0.245807,0.245807,5294400,0.006600,0.000000,0.284207
2022-05-18 00:00:00+08:00,0.250119,0.254431,0.245806,0.250119,2631600,0.000000,0.000000,0.288519
2022-05-19 00:00:00+08:00,0.245807,0.250119,0.241494,0.241494,4998100,0.000000,0.000000,0.279894
2022-05-20 00:00:00+08:00,0.250119,0.254431,0.245807,0.254431,2290000,0.000000,0.000000,0.292831
2022-05-23 00:00:00+08:00,0.254431,0.254431,0.250119,0.254431,3246900,0.000000,0.000000,0.292831
2022-05-24 00:00:00+08:00,0.254431,0.254431,0.250119,0.250119,915200,0.000000,0.000000,0.288519
2022-05-25 00:00:00+08:00,0.250119,0.254431,0.250119,0.250119,483900,0.000000,0.000000,0.288519
2022-05-26 00:00:00+08:00,0.254431,0.254431,0.245807,0.245807,3164500,0.000000,0.000000,0.284207
2022-05-27 00:00:00+08:00,0.250119,0.250119,0.245807,0.245807,1161200,0.000000,0.000000,0.284207
2022-05-30 00:00:00+08:00,0.245806,0.250119,0.245806,0.250119,1162400,0.000000,0.000000,0.288519
2022-05-31 00:00:00+08:00,0.250119,0.254431,0.245807,0.245807,1899300,0.000000,0.000000,0.284207
2022-06-01 00:00:00+08:00,0.250119,0.250119,0.245807,0.245807,591800,0.000000,0.000000,0.284207
2022-06-02 00:00:00+08:00,0.250119,0.250119,0.245806,0.250119,325300,0.000000,0.000000,0.288519
2022-06-03 00:00:00+08:00,0.250119,0.250119,0.245807,0.245807,889800,0.000000,0.000000,0.284207
2022-06-06 00:00:00+08:00,0.250119,0.250119,0.245807,0.245807,766000,0.000000,0.000000,0.284207
2022-06-07 00:00:00+08:00,0.250119,0.250119,0.245806,0.250119,741000,0.000000,0.000000,0.288519
2022-06-08 00:00:00+08:00,0.250119,0.250119,0.245806,0.250119,5980600,0.000000,0.000000,0.288519
2022-06-09 00:00:00+08:00,0.250119,0.254431,0.245807,0.254431,2643700,0.000000,0.000000,0.292831
2022-06-10 00:00:00+08:00,0.254431,0.254431,0.250119,0.250119,864200,0.000000,0.000000,0.288519
2022-06-13 00:00:00+08:00,0.250119,0.254431,0.245807,0.254431,1220700,0.000000,0.000000,0.292831
2022-06-14 00:00:00+08:00,0.250119,0.254431,0.245807,0.245807,1309800,0.000000,0.000000,0.284207
2022-06-15 00:00:00+08:00,0.250119,0.250119,0.241494,0.241494,2336300,0.000000,0.000000,0.279894
2022-06-16 00:00:00+08:00,0.245807,0.245807,0.241494,0.241494,433400,0.000000,0.000000,0.279894
2022-06-17 00:00:00+08:00,0.241494,0.241494,0.237182,0.241494,3849100,0.000000,0.000000,0.279894
2022-06-20 00:00:00+08:00,0.241494,0.241494,0.237182,0.237182,785800,0.000000,0.000000,0.275582
2022-06-21 00:00:00+08:00,0.241494,0.245807,0.237182,0.241494,1674200,0.000000,0.000000,0.279894
2022-06-22 00:00:00+08:00,0.241494,0.241494,0.237182,0.237182,963700,0.000000,0.000000,0.275582
2022-06-23 00:00:00+08:00,0.237182,0.241494,0.237182,0.237182,1360700,0.000000,0.000000,0.275582
2022-06-24 00:00:00+08:00,0.241494,0.241494,0.237182,0.241494,589200,0.000000,0.000000,0.279894
2022-06-27 00:00:00+08:00,0.237182,0.245807,0.237182,0.241494,2921500,0.000000,0.000000,0.279894
2022-06-28 00:00:00+08:00,0.241494,0.245807,0.237182,0.237182,1035400,0.000000,0.000000,0.275582
2022-06-29 00:00:00+08:00,0.237182,0.241494,0.237182,0.237182,495200,0.000000,0.000000,0.275582
2022-06-30 00:00:00+08:00,0.237182,0.241494,0.237182,0.237182,588600,0.000000,0.000000,0.275582
2022-07-01 00:00:00+08:00,0.241494,0.241494,0.237182,0.237182,646000,0.000000,0.000000,0.275582
2022-07-04 00:00:00+08:00,0.237182,0.241494,0.237182,0.237182,409800,0.000000,0.000000,0.275582
2022-07-05 00:00:00+08:00,0.237182,0.241494,0.237182,0.237182,2661500,0.000000,0.000000,0.275582
2022-07-06 00:00:00+08:00,0.241494,0.241494,0.237182,0.237182,664700,0.000000,0.000000,0.275582
2022-07-07 00:00:00+08:00,0.237182,0.241494,0.237182,0.237182,380000,0.000000,0.000000,0.275582
2022-07-08 00:00:00+08:00,0.241494,0.241494,0.237182,0.237182,451400,0.000000,0.000000,0.275582
2022-07-12 00:00:00+08:00,0.237182,0.241494,0.232869,0.237182,2517400,0.000000,0.000000,0.275582
2022-07-13 00:00:00+08:00,0.241494,0.241494,0.237182,0.241494,1490400,0.000000,0.000000,0.279894
2022-07-14 00:00:00+08:00,0.241494,0.241494,0.237182,0.241494,475100,0.000000,0.000000,0.279894
2022-07-15 00:00:00+08:00,0.237182,0.241494,0.232869,0.232869,4841600,0.000000,0.000000,0.271269
2022-07-18 00:00:00+08:00,0.237182,0.241494,0.237182,0.237182,607000,0.000000,0.000000,0.275582
2022-07-19 00:00:00+08:00,0.237182,0.237182,0.228557,0.232869,5242100,0.000000,0.000000,0.271269
2022-07-20 00:00:00+08:00,0.232869,0.232869,0.228557,0.232869,2187100,0.000000,0.000000,0.271269
2022-07-21 00:00:00+08:00,0.232869,0.232869,0.228557,0.228557,334300,0.000000,0.000000,0.266957
2022-07-22 00:00:00+08:00,0.228557,0.232869,0.228557,0.232869,2711300,0.000000,0.000000,0.271269
2022-07-25 00:00:00+08:00,0.232869,0.237182,0.232869,0.232869,1391100,0.000000,0.000000,0.271269
2022-07-26 00:00:00+08:00,0.237182,0.241494,0.232869,0.237182,1460200,0.000000,0.000000,0.275582
2022-07-27 00:00:00+08:00,0.237182,0.237182,0.232869,0.232869,1561100,0.000000,0.000000,0.271269
2022-07-28 00:00:00+08:00,0.237182,0.241494,0.237182,0.241494,573600,0.000000,0.000000,0.279894
2022-07-29 00:00:00+08:00,0.241494,0.241494,0.237182,0.241494,418600,0.000000,0.000000,0.279894
2022-08-01 00:00:00+08:00,0.241494,0.245807,0.237182,0.245807,3548300,0.000000,0.000000,0.284207
2022-08-02 00:00:00+08:00,0.245807,0.245807,0.241494,0.241494,865300,0.000000,0.000000,0.279894
2022-08-03 00:00:00+08:00,0.241494,0.245807,0.237182,0.237182,3543600,0.000000,0.000000,0.275582
2022-08-04 00:00:00+08:00,0.241494,0.241494,0.232869,0.237182,3553900,0.000000,0.000000,0.275582
2022-08-05 00:00:00+08:00,0.237182,0.241494,0.237182,0.237182,2244800,0.000000,0.000000,0.275582
2022-08-08 00:00:00+08:00,0.241494,0.241494,0.237182,0.241494,1910700,0.000000,0.000000,0.279894
2022-08-10 00:00:00+08:00,0.241494,0.241494,0.237182,0.241494,1615600,0.000000,0.000000,0.279894
2022-08-11 00:00:00+08:00,0.241494,0.241494,0.237182,0.241494,2752800,0.000000,0.000000,0.279894
2022-08-12 00:00:00+08:00,0.247324,0.247324,0.238491,0.242907,1563200,0.006600,0.000000,0.274707
2022-08-15 00:00:00+08:00,0.247324,0.247324,0.242907,0.242907,1035400,0.000000,0.000000,0.274707
2022-08-16 00:00:00+08:00,0.242907,0.247324,0.242907,0.247324,378500,0.000000,0.000000,0.279124
2022-08-17 00:00:00+08:00,0.247324,0.247324,0.242907,0.247324,1048800,0.000000,0.000000,0.279124
2022-08-18 00:00:00+08:00,0.247324,0.247324,0.242907,0.247324,723300,0.000000,0.000000,0.279124
2022-08-19 00:00:00+08:00,0.247324,0.247324,0.242907,0.247324,2917600,0.000000,0.000000,0.279124
2022-08-22 00:00:00+08:00,0.247324,0.247324,0.242907,0.247324,226300,0.000000,0.000000,0.279124
2022-08-23 00:00:00+08:00,0.242907,0.247324,0.238491,0.238491,2597500,0.000000,0.000000,0.270291
2022-08-24 00:00:00+08:00,0.242907,0.247324,0.238491,0.247324,1874600,0.000000,0.000000,0.279124
2022-08-25 00:00:00+08:00,0.247324,0.247324,0.238491,0.242907,1324100,0.000000,0.000000,0.274707
2022-08-26 00:00:00+08:00,0.242907,0.242907,0.238491,0.238491,513700,0.000000,0.000000,0.270291
2022-08-29 00:00:00+08:00,0.242907,0.242907,0.238491,0.238491,918300,0.000000,0.000000,0.270291
2022-08-30 00:00:00+08:00,0.238491,0.247324,0.238491,0.247324,932400,0.000000,0.000000,0.279124
2022-08-31 00:00:00+08:00,0.242907,0.247324,0.242907,0.242907,475900,0.000000,0.000000,0.274707
2022-09-01 00:00:00+08:00,0.247324,0.247324,0.242907,0.247324,778400,0.000000,0.000000,0.279124
2022-09-02 00:00:00+08:00,0.242907,0.247324,0.242907,0.247324,428000,0.000000,0.000000,0.279124
2022-09-05 00:00:00+08:00,0.242907,0.247324,0.238491,0.242907,1205700,0.000000,0.000000,0.274707
2022-09-06 00:00:00+08:00,0.247324,0.247324,0.242907,0.247324,596200,0.000000,0.000000,0.279124
2022-09-07 00:00:00+08:00,0.242907,0.247324,0.238491,0.242907,446400,0.000000,0.000000,0.274707
2022-09-08 00:00:00+08:00,0.242907,0.247324,0.242907,0.242907,66400,0.000000,0.000000,0.274707
2022-09-09 00:00:00+08:00,0.242907,0.247324,0.242907,0.247324,761600,0.000000,0.000000,0.279124
2022-09-12 00:00:00+08:00,0.242907,0.247324,0.242907,0.247324,200700,0.000000,0.000000,0.279124
2022-09-13 00:00:00+08:00,0.247324,0.247324,0.242907,0.247324,582300,0.000000,0.000000,0.279124
2022-09-14 00:00:00+08:00,0.247324,0.247324,0.242907,0.242907,324100,0.000000,0.000000,0.274707
2022-09-15 00:00:00+08:00,0.242907,0.247324,0.242907,0.247324,605100,0.000000,0.000000,0.279124
2022-09-16 00:00:00+08:00,0.247324,0.251740,0.242907,0.242907,1592100,0.000000,0.000000,0.274707
2022-09-19 00:00:00+08:00,0.247324,0.247324,0.242907,0.247324,346300,0.000000,0.000000,0.279124
2022-09-20 00:00:00+08:00,0.247324,0.251740,0.242907,0.242907,494700,0.000000,0.000000,0.274707
2022-09-21 00:00:00+08:00,0.247324,0.247324,0.242907,0.242907,579200,0.000000,0.000000,0.274707
2022-09-22 00:00:00+08:00,0.247324,0.247324,0.238491,0.238491,2535400,0.000000,0.000000,0.270291
2022-09-23 00:00:00+08:00,0.242907,0.242907,0.238491,0.238491,1105400,0.000000,0.000000,0.270291
2022-09-26 00:00:00+08:00,0.242907,0.242907,0.238491,0.242907,2379800,0.000000,0.000000,0.274707
2022-09-27 00:00:00+08:00,0.242907,0.242907,0.234074,0.238491,2690300,0.000000,0.000000,0.270291
2022-09-28 00:00:00+08:00,0.238491,0.238491,0.229658,0.234074,2078100,0.000000,0.000000,0.265874
2022-09-29 00:00:00+08:00,0.238491,0.238491,0.234074,0.234074,1381400,0.000000,0.000000,0.265874
2022-09-30 00:00:00+08:00,0.234074,0.234074,0.229658,0.234074,1935200,0.000000,0.000000,0.265874
2022-10-03 00:00:00+08:00,0.234074,0.234074,0.229658,0.229658,1241700,0.000000,0.000000,0.261458
2022-10-04 00:00:00+08:00,0.234074,0.238491,0.229658,0.234074,1097300,0.000000,0.000000,0.265874
2022-10-05 00:00:00+08:00,0.234074,0.234074,0.229658,0.229658,3672800,0.000000,0.000000,0.261458
2022-10-06 00:00:00+08:00,0.229658,0.229658,0.225241,0.225241,979300,0.000000,0.000000,0.257041
2022-10-07 00:00:00+08:00,0.229658,0.234074,0.229658,0.234074,893800,0.000000,0.000000,0.265874
2022-10-10 00:00:00+08:00,0.234074,0.234074,0.225241,0.229658,1119400,0.000000,0.000000,0.261458
2022-10-11 00:00:00+08:00,0.229658,0.229658,0.225241,0.225241,1888600,0.000000,0.000000,0.257041
2022-10-12 00:00:00+08:00,0.229658,0.229658,0.225241,0.225241,1382200,0.000000,0.000000,0.257041
2022-10-13 00:00:00+08:00,0.225241,0.229658,0.220825,0.225241,2261100,0.000000,0.000000,0.257041
2022-10-14 00:00:00+08:00,0.225241,0.229658,0.220825,0.220825,912900,0.000000,0.000000,0.252625
2022-10-17 00:00:00+08:00,0.220825,0.229658,0.216408,0.225241,1713400,0.000000,0.000000,0.257041
2022-10-18 00:00:00+08:00,0.220825,0.225241,0.220825,0.220825,366700,0.000000,0.000000,0.252625
2022-10-19 00:00:00+08:00,0.220825,0.225241,0.211992,0.211992,3113800,0.000000,0.000000,0.243792
2022-10-20 00:00:00+08:00,0.211992,0.216408,0.207575,0.211992,4424600,0.000000,0.000000,0.243792
2022-10-21 00:00:00+08:00,0.211992,0.216408,0.207575,0.211992,863000,0.000000,0.000000,0.243792
2022-10-25 00:00:00+08:00,0.207575,0.211992,0.203159,0.207575,875900,0.000000,0.000000,0.239375
2022-10-26 00:00:00+08:00,0.203159,0.211992,0.203159,0.207575,1236200,0.000000,0.000000,0.239375
2022-10-27 00:00:00+08:00,0.211992,0.216408,0.207575,0.211992,966200,0.000000,0.000000,0.243792
2022-10-28 00:00:00+08:00,0.207575,0.211992,0.203159,0.207575,1613500,0.000000,0.000000,0.239375
2022-10-31 00:00:00+08:00,0.207575,0.211992,0.207575,0.211992,2593600,0.000000,0.000000,0.243792
2022-11-01 00:00:00+08:00,0.207575,0.211992,0.207575,0.211992,626600,0.000000,0.000000,0.243792
2022-11-02 00:00:00+08:00,0.216408,0.216408,0.211992,0.211992,693100,0.000000,0.000000,0.243792
2022-11-03 00:00:00+08:00,0.211992,0.216408,0.207575,0.207575,822100,0.000000,0.000000,0.239375
2022-11-04 00:00:00+08:00,0.211992,0.216408,0.211992,0.211992,704700,0.000000,0.000000,0.243792
2022-11-07 00:00:00+08:00,0.216408,0.220825,0.211992,0.220825,883600,0.000000,0.000000,0.252625
2022-11-08 00:00:00+08:00,0.216408,0.220825,0.216408,0.216408,661200,0.000000,0.000000,0.248208
2022-11-09 00:00:00+08:00,0.220825,0.229658,0.216408,0.225241,1432200,0.000000,0.000000,0.257041
2022-11-10 00:00:00+08:00,0.225241,0.229658,0.220825,0.220825,1014800,0.000000,0.000000,0.252625
2022-11-11 00:00:00+08:00,0.225241,0.234074,0.225241,0.229658,1209900,0.000000,0.000000,0.261458
2022-11-14 00:00:00+08:00,0.234074,0.234074,0.229658,0.229658,1145800,0.000000,0.000000,0.261458
2022-11-15 00:00:00+08:00,0.235640,0.235640,0.226576,0.235640,935900,0.006600,0.000000,0.260840
2022-11-16 00:00:00+08:00,0.231108,0.231108,0.226576,0.231108,1184700,0.000000,0.000000,0.256308
2022-11-17 00:00:00+08:00,0.231108,0.231108,0.226576,0.226576,122000,0.000000,0.000000,0.251776
2022-11-18 00:00:00+08:00,0.226576,0.235640,0.226576,0.231108,449100,0.000000,0.000000,0.256308
2022-11-21 00:00:00+08:00,0.231108,0.235640,0.226576,0.231108,462800,0.000000,0.000000,0.256308
2022-11-22 00:00:00+08:00,0.226576,0.231108,0.226576,0.226576,1098500,0.000000,0.000000,0.251776
2022-11-23 00:00:00+08:00,0.226576,0.231108,0.222045,0.226576,1371500,0.000000,0.000000,0.251776
2022-11-24 00:00:00+08:00,0.226576,0.226576,0.217513,0.217513,1825900,0.000000,0.000000,0.242713
2022-11-25 00:00:00+08:00,0.222045,0.231108,0.222045,0.222045,1593700,0.000000,0.000000,0.247245
2022-11-28 00:00:00+08:00,0.231108,0.231108,0.222045,0.222045,307700,0.000000,0.000000,0.247245
2022-11-29 00:00:00+08:00,0.222045,0.222045,0.217513,0.222045,941700,0.000000,0.000000,0.247245
2022-11-30 00:00:00+08:00,0.222045,0.226576,0.208450,0.217513,3606400,0.000000,0.000000,0.242713
2022-12-01 00:00:00+08:00,0.217513,0.217513,0.212982,0.212982,2479900,0.000000,0.000000,0.238182
2022-12-02 00:00:00+08:00,0.217513,0.217513,0.212982,0.217513,1282400,0.000000,0.000000,0.242713
2022-12-05 00:00:00+08:00,0.217513,0.226576,0.212982,0.222045,2061700,0.000000,0.000000,0.247245
2022-12-06 00:00:00+08:00,0.222045,0.226576,0.217513,0.222045,2811000,0.000000,0.000000,0.247245
2022-12-07 00:00:00+08:00,0.222045,0.231108,0.217513,0.222045,3281400,0.000000,0.000000,0.247245
2022-12-08 00:00:00+08:00,0.222045,0.226576,0.222045,0.222045,504200,0.000000,0.000000,0.247245
2022-12-09 00:00:00+08:00,0.226576,0.226576,0.222045,0.226576,513200,0.000000,0.000000,0.251776
2022-12-12 00:00:00+08:00,0.226576,0.231108,0.222045,0.226576,2189300,0.000000,0.000000,0.251776
2022-12-13 00:00:00+08:00,0.226576,0.231108,0.226576,0.231108,649300,0.000000,0.000000,0.256308
2022-12-14 00:00:00+08:00,0.231108,0.231108,0.226576,0.231108,700300,0.000000,0.000000,0.256308
2022-12-15 00:00:00+08:00,0.231108,0.235640,0.226576,0.231108,1537000,0.000000,0.000000,0.256308
2022-12-16 00:00:00+08:00,0.231108,0.235640,0.231108,0.235640,1463100,0.000000,0.000000,0.260840
2022-12-19 00:00:00+08:00,0.235640,0.240171,0.231108,0.235640,1190600,0.000000,0.000000,0.260840
2022-12-20 00:00:00+08:00,0.235640,0.240171,0.231108,0.231108,3359700,0.000000,0.000000,0.256308
2022-12-21 00:00:00+08:00,0.231108,0.235640,0.231108,0.235640,444300,0.000000,0.000000,0.260840
2022-12-22 00:00:00+08:00,0.235639,0.240171,0.235639,0.240171,1053600,0.000000,0.000000,0.265371
2022-12-23 00:00:00+08:00,0.240171,0.240171,0.231108,0.235640,805900,0.000000,0.000000,0.260840
2022-12-27 00:00:00+08:00,0.235640,0.240171,0.235640,0.235640,1002500,0.000000,0.000000,0.260840
2022-12-28 00:00:00+08:00,0.240171,0.240171,0.231108,0.231108,979000,0.000000,0.000000,0.256308
2022-12-29 00:00:00+08:00,0.231108,0.240171,0.231108,0.235640,611300,0.000000,0.000000,0.260840
2022-12-30 00:00:00+08:00,0.240171,0.240171,0.235640,0.235640,1329300,0.000000,0.000000,0.260840
2023-01-03 00:00:00+08:00,0.240171,0.240171,0.235639,0.240171,751100,0.000000,0.000000,0.265371
2023-01-04 00:00:00+08:00,0.240171,0.240171,0.235639,0.240171,1769600,0.000000,0.000000,0.265371
2023-01-05 00:00:00+08:00,0.240171,0.240171,0.235639,0.240171,2308700,0.000000,0.000000,0.265371
2023-01-06 00:00:00+08:00,0.240171,0.244703,0.235640,0.235640,1305000,0.000000,0.000000,0.260840
2023-01-09 00:00:00+08:00,0.240171,0.240171,0.235640,0.235640,1432700,0.000000,0.000000,0.260840
2023-01-10 00:00:00+08:00,0.235640,0.240171,0.235640,0.235640,782800,0.000000,0.000000,0.260840
2023-01-11 00:00:00+08:00,0.240171,0.240171,0.231108,0.231108,4940000,0.000000,0.000000,0.256308
2023-01-12 00:00:00+08:00,0.235640,0.240171,0.231108,0.235640,2039400,0.000000,0.000000,0.260840
2023-01-13 00:00:00+08:00,0.235639,0.240171,0.235639,0.240171,953700,0.000000,0.000000,0.265371
2023-01-16 00:00:00+08:00,0.240171,0.240171,0.235640,0.235640,396200,0.000000,0.000000,0.260840
2023-01-17 00:00:00+08:00,0.240171,0.240171,0.235640,0.235640,499400,0.000000,0.000000,0.260840
2023-01-18 00:00:00+08:00,0.240171,0.240171,0.235640,0.235640,328000,0.000000,0.000000,0.260840
2023-01-19 00:00:00+08:00,0.235640,0.240171,0.235640,0.235640,191200,0.000000,0.000000,0.260840
2023-01-20 00:00:00+08:00,0.240171,0.240171,0.235639,0.240171,293700,0.000000,0.000000,0.265371
2023-01-25 00:00:00+08:00,0.240171,0.244703,0.235639,0.244703,2143700,0.000000,0.000000,0.269903
2023-01-26 00:00:00+08:00,0.244703,0.244703,0.240171,0.240171,1645500,0.000000,0.000000,0.265371
2023-01-27 00:00:00+08:00,0.244703,0.249234,0.244703,0.249234,2086200,0.000000,0.000000,0.274434
2023-01-30 00:00:00+08:00,0.249234,0.253766,0.249234,0.253766,1981500,0.000000,0.000000,0.278966
2023-01-31 00:00:00+08:00,0.253766,0.258297,0.249234,0.253766,1785700,0.000000,0.000000,0.278966
2023-02-01 00:00:00+08:00,0.253766,0.258297,0.253766,0.253766,752600,0.000000,0.000000,0.278966
2023-02-02 00:00:00+08:00,0.253766,0.258297,0.253766,0.258297,1490500,0.000000,0.000000,0.283497
2023-02-03 00:00:00+08:00,0.258297,0.258297,0.249234,0.253766,1659700,0.000000,0.000000,0.278966
2023-02-06 00:00:00+08:00,0.253766,0.258297,0.249234,0.249234,1097200,0.000000,0.000000,0.274434
2023-02-07 00:00:00+08:00,0.253766,0.253766,0.249234,0.249234,866800,0.000000,0.000000,0.274434
2023-02-08 00:00:00+08:00,0.249234,0.253766,0.249234,0.249234,606500,0.000000,0.000000,0.274434
2023-02-09 00:00:00+08:00,0.249234,0.253766,0.249234,0.249234,929800,0.000000,0.000000,0.274434
2023-02-10 00:00:00+08:00,0.249234,0.253766,0.249234,0.249234,1314700,0.000000,0.000000,0.274434
2023-02-13 00:00:00+08:00,0.249234,0.253766,0.249234,0.249234,179400,0.000000,0.000000,0.274434
2023-02-14 00:00:00+08:00,0.253766,0.253766,0.249234,0.249234,900100,0.000000,0.000000,0.274434
2023-02-15 00:00:00+08:00,0.253766,0.253766,0.249234,0.249234,1531800,0.000000,0.000000,0.274434
2023-02-16 00:00:00+08:00,0.253766,0.253766,0.249234,0.249234,574700,0.000000,0.000000,0.274434
2023-02-17 00:00:00+08:00,0.253766,0.253766,0.249234,0.253766,864000,0.000000,0.000000,0.278966
2023-02-20 00:00:00+08:00,0.249234,0.253766,0.244703,0.249234,3596500,0.000000,0.000000,0.274434
2023-02-21 00:00:00+08:00,0.250720,0.250720,0.246077,0.246077,1615700,0.006600,0.000000,0.264677
2023-02-22 00:00:00+08:00,0.246077,0.246077,0.241434,0.241434,432700,0.000000,0.000000,0.260034
2023-02-23 00:00:00+08:00,0.241434,0.246077,0.241434,0.241434,1214400,0.000000,0.000000,0.260034
2023-02-24 00:00:00+08:00,0.241434,0.246077,0.241434,0.241434,803500,0.000000,0.000000,0.260034
2023-02-27 00:00:00+08:00,0.241434,0.241434,0.236791,0.236791,692000,0.000000,0.000000,0.255391
2023-02-28 00:00:00+08:00,0.241434,0.241434,0.236791,0.241434,1766100,0.000000,0.000000,0.260034
2023-03-01 00:00:00+08:00,0.241434,0.246077,0.236791,0.241434,721100,0.000000,0.000000,0.260034
2023-03-02 00:00:00+08:00,0.241434,0.246077,0.241434,0.241434,341700,0.000000,0.000000,0.260034
2023-03-03 00:00:00+08:00,0.241434,0.241434,0.236791,0.241434,1206000,0.000000,0.000000,0.260034
2023-03-06 00:00:00+08:00,0.241434,0.246077,0.236791,0.241434,812300,0.000000,0.000000,0.260034
2023-03-07 00:00:00+08:00,0.241434,0.246077,0.241434,0.241434,280300,0.000000,0.000000,0.260034
2023-03-08 00:00:00+08:00,0.241434,0.246077,0.236791,0.241434,736100,0.000000,0.000000,0.260034
2023-03-09 00:00:00+08:00,0.241434,0.246077,0.236791,0.236791,555100,0.000000,0.000000,0.255391
2023-03-10 00:00:00+08:00,0.241434,0.241434,0.236791,0.241434,307300,0.000000,0.000000,0.260034
2023-03-13 00:00:00+08:00,0.241434,0.241434,0.236791,0.241434,744700,0.000000,0.000000,0.260034
2023-03-14 00:00:00+08:00,0.241434,0.241434,0.236791,0.236791,1293700,0.000000,0.000000,0.255391
2023-03-15 00:00:00+08:00,0.236791,0.241434,0.236791,0.241434,570100,0.000000,0.000000,0.260034
2023-03-16 00:00:00+08:00,0.241434,0.241434,0.236791,0.236791,639500,0.000000,0.000000,0.255391
2023-03-17 00:00:00+08:00,0.241434,0.246077,0.236791,0.236791,2347600,0.000000,0.000000,0.255391
2023-03-20 00:00:00+08:00,0.241434,0.241434,0.232148,0.232148,2493300,0.000000,0.000000,0.250748
2023-03-21 00:00:00+08:00,0.236791,0.241434,0.232148,0.236791,1657300,0.000000,0.000000,0.255391
2023-03-22 00:00:00+08:00,0.236791,0.241434,0.227505,0.232148,4499100,0.000000,0.000000,0.250748
2023-03-23 00:00:00+08:00,0.227505,0.236791,0.227505,0.232148,1468100,0.000000,0.000000,0.250748
2023-03-24 00:00:00+08:00,0.232148,0.241434,0.232148,0.236791,2173100,0.000000,0.000000,0.255391
2023-03-27 00:00:00+08:00,0.236791,0.241434,0.232148,0.236791,917600,0.000000,0.000000,0.255391
2023-03-28 00:00:00+08:00,0.232148,0.241434,0.232148,0.236791,1821300,0.000000,0.000000,0.255391
2023-03-29 00:00:00+08:00,0.241434,0.241434,0.236791,0.241434,381800,0.000000,0.000000,0.260034
2023-03-30 00:00:00+08:00,0.241434,0.246077,0.241434,0.241434,1868700,0.000000,0.000000,0.260034
2023-03-31 00:00:00+08:00,0.241434,0.246077,0.236791,0.241434,492400,0.000000,0.000000,0.260034
2023-04-03 00:00:00+08:00,0.241434,0.241434,0.236791,0.241434,1005400,0.000000,0.000000,0.260034
2023-04-04 00:00:00+08:00,0.236791,0.241434,0.236791,0.236791,586000,0.000000,0.000000,0.255391
2023-04-05 00:00:00+08:00,0.236791,0.241434,0.236791,0.241434,808200,0.000000,0.000000,0.260034
2023-04-06 00:00:00+08:00,0.241434,0.241434,0.236791,0.236791,661700,0.000000,0.000000,0.255391
2023-04-10 00:00:00+08:00,0.241434,0.241434,0.236791,0.241434,412200,0.000000,0.000000,0.260034
2023-04-11 00:00:00+08:00,0.241434,0.241434,0.236791,0.241434,1066400,0.000000,0.000000,0.260034
2023-04-12 00:00:00+08:00,0.241434,0.241434,0.236791,0.236791,1030700,0.000000,0.000000,0.255391
2023-04-13 00:00:00+08:00,0.236791,0.241434,0.236791,0.241434,329300,0.000000,0.000000,0.260034
2023-04-14 00:00:00+08:00,0.241434,0.241434,0.236791,0.241434,964300,0.000000,0.000000,0.260034
2023-04-17 00:00:00+08:00,0.241434,0.241434,0.236791,0.236791,306100,0.000000,0.000000,0.255391
2023-04-18 00:00:00+08:00,0.241434,0.241434,0.236791,0.241434,499000,0.000000,0.000000,0.260034
2023-04-19 00:00:00+08:00,0.241434,0.241434,0.236791,0.236791,369800,0.000000,0.000000,0.255391
2023-04-20 00:00:00+08:00,0.236791,0.241434,0.236791,0.241434,782900,0.000000,0.000000,0.260034
2023-04-21 00:00:00+08:00,0.241434,0.241434,0.236791,0.236791,920900,0.000000,0.000000,0.255391
2023-04-24 00:00:00+08:00,0.236791,0.241434,0.236791,0.236791,1115700,0.000000,0.000000,0.255391
2023-04-25 00:00:00+08:00,0.241434,0.241434,0.236791,0.241434,1985400,0.000000,0.000000,0.260034
2023-04-26 00:00:00+08:00,0.241434,0.246077,0.241434,0.246077,1687700,0.000000,0.000000,0.264677
2023-04-27 00:00:00+08:00,0.241434,0.250720,0.241434,0.246077,2005000,0.000000,0.000000,0.264677
2023-04-28 00:00:00+08:00,0.250720,0.250720,0.246077,0.250720,919400,0.000000,0.000000,0.269320
2023-05-02 00:00:00+08:00,0.246077,0.250720,0.246077,0.250720,1762700,0.000000,0.000000,0.269320
2023-05-03 00:00:00+08:00,0.246077,0.250720,0.236791,0.246077,4389300,0.000000,0.000000,0.264677
2023-05-04 00:00:00+08:00,0.241434,0.246077,0.241434,0.246077,427400,0.000000,0.000000,0.264677
2023-05-05 00:00:00+08:00,0.246077,0.246077,0.241434,0.246077,1061300,0.000000,0.000000,0.264677
2023-05-08 00:00:00+08:00,0.246077,0.246077,0.241434,0.246077,2497600,0.000000,0.000000,0.264677
2023-05-09 00:00:00+08:00,0.247218,0.247218,0.242464,0.247218,528600,0.006200,0.000000,0.259618
2023-05-10 00:00:00+08:00,0.247218,0.247218,0.242464,0.247218,227000,0.000000,0.000000,0.259618
2023-05-11 00:00:00+08:00,0.247218,0.247218,0.242464,0.247218,749900,0.000000,0.000000,0.259618
2023-05-12 00:00:00+08:00,0.247218,0.247218,0.242464,0.242464,612300,0.000000,0.000000,0.254864
2023-05-15 00:00:00+08:00,0.242464,0.247218,0.242464,0.242464,104300,0.000000,0.000000,0.254864
2023-05-16 00:00:00+08:00,0.242464,0.247218,0.242464,0.247218,233400,0.000000,0.000000,0.259618
2023-05-17 00:00:00+08:00,0.247218,0.247218,0.242464,0.242464,725700,0.000000,0.000000,0.254864
2023-05-18 00:00:00+08:00,0.247218,0.247218,0.242464,0.242464,1071200,0.000000,0.000000,0.254864
2023-05-19 00:00:00+08:00,0.242464,0.247218,0.242464,0.242464,1154100,0.000000,0.000000,0.254864
2023-05-22 00:00:00+08:00,0.242464,0.247218,0.242464,0.247218,806200,0.000000,0.000000,0.259618
2023-05-23 00:00:00+08:00,0.247218,0.247218,0.242464,0.242464,180400,0.000000,0.000000,0.254864
2023-05-24 00:00:00+08:00,0.242464,0.247218,0.242464,0.242464,374400,0.000000,0.000000,0.254864
2023-05-25 00:00:00+08:00,0.242464,0.247218,0.242464,0.247218,91100,0.000000,0.000000,0.259618
2023-05-26 00:00:00+08:00,0.247218,0.247218,0.242464,0.242464,179900,0.000000,0.000000,0.254864
2023-05-29 00:00:00+08:00,0.247218,0.247218,0.242464,0.242464,363800,0.000000,0.000000,0.254864
2023-05-30 00:00:00+08:00,0.247218,0.247218,0.242464,0.242464,694400,0.000000,0.000000,0.254864
2023-05-31 00:00:00+08:00,0.242464,0.247218,0.242464,0.242464,655000,0.000000,0.000000,0.254864
2023-06-01 00:00:00+08:00,0.247218,0.247218,0.242464,0.247218,1200600,0.000000,0.000000,0.259618
2023-06-05 00:00:00+08:00,0.247218,0.247218,0.242464,0.242464,404800,0.000000,0.000000,0.254864
2023-06-06 00:00:00+08:00,0.247218,0.247218,0.242464,0.247218,390900,0.000000,0.000000,0.259618
2023-06-07 00:00:00+08:00,0.242464,0.247218,0.242464,0.247218,274900,0.000000,0.000000,0.259618
2023-06-08 00:00:00+08:00,0.247218,0.247218,0.242464,0.247218,347100,0.000000,0.000000,0.259618
2023-06-09 00:00:00+08:00,0.247218,0.247218,0.242464,0.247218,3958400,0.000000,0.000000,0.259618
2023-06-12 00:00:00+08:00,0.242464,0.247218,0.242464,0.242464,1187800,0.000000,0.000000,0.254864
2023-06-13 00:00:00+08:00,0.247218,0.247218,0.237710,0.237710,789800,0.000000,0.000000,0.250110
2023-06-14 00:00:00+08:00,0.237710,0.247218,0.237710,0.247218,1704000,0.000000,0.000000,0.259618
2023-06-15 00:00:00+08:00,0.247218,0.247218,0.242464,0.247218,190600,0.000000,0.000000,0.259618
2023-06-16 00:00:00+08:00,0.247218,0.247218,0.242464,0.242464,485700,0.000000,0.000000,0.254864
2023-06-19 00:00:00+08:00,0.247218,0.247218,0.242464,0.247218,203000,0.000000,0.000000,0.259618
2023-06-20 00:00:00+08:00,0.247218,0.247218,0.242464,0.242464,1047700,0.000000,0.000000,0.254864
2023-06-21 00:00:00+08:00,0.242464,0.247218,0.242464,0.247218,458500,0.000000,0.000000,0.259618
2023-06-22 00:00:00+08:00,0.247218,0.247218,0.242464,0.247218,297900,0.000000,0.000000,0.259618
2023-06-23 00:00:00+08:00,0.247218,0.247218,0.242464,0.242464,801400,0.000000,0.000000,0.254864
2023-06-26 00:00:00+08:00,0.242464,0.247218,0.242464,0.242464,405200,0.000000,0.000000,0.254864
2023-06-27 00:00:00+08:00,0.242464,0.247218,0.242464,0.247218,871100,0.000000,0.000000,0.259618
2023-06-28 00:00:00+08:00,0.247218,0.247218,0.242464,0.247218,230000,0.000000,0.000000,0.259618
2023-06-30 00:00:00+08:00,0.242464,0.247218,0.242464,0.247218,1866400,0.000000,0.000000,0.259618
2023-07-03 00:00:00+08:00,0.247218,0.251972,0.247218,0.251972,4125800,0.000000,0.000000,0.264372
2023-07-04 00:00:00+08:00,0.251972,0.251972,0.247218,0.251972,665600,0.000000,0.000000,0.264372
2023-07-05 00:00:00+08:00,0.247218,0.251972,0.247218,0.247218,445000,0.000000,0.000000,0.259618
2023-07-06 00:00:00+08:00,0.251972,0.251972,0.242464,0.247218,3421400,0.000000,0.000000,0.259618
2023-07-07 00:00:00+08:00,0.247218,0.247218,0.242464,0.242464,1415700,0.000000,0.000000,0.254864
2023-07-10 00:00:00+08:00,0.242464,0.247218,0.242464,0.242464,1167000,0.000000,0.000000,0.254864
2023-07-11 00:00:00+08:00,0.242464,0.247218,0.242464,0.242464,569500,0.000000,0.000000,0.254864
2023-07-12 00:00:00+08:00,0.247218,0.247218,0.242464,0.247218,1259100,0.000000,0.000000,0.259618
2023-07-13 00:00:00+08:00,0.247218,0.251972,0.247218,0.247218,2534800,0.000000,0.000000,0.259618
2023-07-14 00:00:00+08:00,0.247218,0.251972,0.247218,0.251972,1977200,0.000000,0.000000,0.264372
2023-07-17 00:00:00+08:00,0.251972,0.251972,0.242464,0.251972,2566200,0.000000,0.000000,0.264372
2023-07-18 00:00:00+08:00,0.251972,0.251972,0.247218,0.251972,524500,0.000000,0.000000,0.264372
2023-07-19 00:00:00+08:00,0.251972,0.251972,0.247218,0.247218,40800,0.000000,0.000000,0.259618
2023-07-20 00:00:00+08:00,0.247218,0.251972,0.247218,0.251972,221200,0.000000,0.000000,0.264372
2023-07-21 00:00:00+08:00,0.247218,0.251972,0.247218,0.251972,1134100,0.000000,0.000000,0.264372
2023-07-24 00:00:00+08:00,0.251972,0.251972,0.247218,0.251972,305700,0.000000,0.000000,0.264372
2023-07-25 00:00:00+08:00,0.247218,0.251972,0.247218,0.251972,391200,0.000000,0.000000,0.264372
2023-07-26 00:00:00+08:00,0.251972,0.251972,0.247218,0.251972,425600,0.000000,0.000000,0.264372
2023-07-27 00:00:00+08:00,0.251972,0.251972,0.247218,0.251972,795300,0.000000,0.000000,0.264372
2023-07-28 00:00:00+08:00,0.251972,0.251972,0.247218,0.251972,925800,0.000000,0.000000,0.264372
2023-07-31 00:00:00+08:00,0.251972,0.251972,0.242464,0.247218,4741300,0.000000,0.000000,0.259618
2023-08-01 00:00:00+08:00,0.247218,0.251972,0.247218,0.247218,1157300,0.000000,0.000000,0.259618
2023-08-02 00:00:00+08:00,0.251972,0.251972,0.247218,0.247218,1539000,0.000000,0.000000,0.259618
2023-08-03 00:00:00+08:00,0.247218,0.256726,0.247218,0.251972,4556700,0.000000,0.000000,0.264372
2023-08-04 00:00:00+08:00,0.251972,0.251972,0.247218,0.251972,900900,0.000000,0.000000,0.264372
2023-08-07 00:00:00+08:00,0.251972,0.251972,0.247218,0.251972,4023900,0.000000,0.000000,0.264372
2023-08-08 00:00:00+08:00,0.253140,0.253140,0.248272,0.253140,1288800,0.006200,0.000000,0.259340
2023-08-10 00:00:00+08:00,0.253140,0.253140,0.248272,0.253140,423200,0.000000,0.000000,0.259340
2023-08-11 00:00:00+08:00,0.248272,0.253140,0.248272,0.248272,439400,0.000000,0.000000,0.254472
2023-08-14 00:00:00+08:00,0.253140,0.253140,0.248272,0.253140,722000,0.000000,0.000000,0.259340
2023-08-15 00:00:00+08:00,0.253140,0.253140,0.248272,0.253140,2379900,0.000000,0.000000,0.259340
2023-08-16 00:00:00+08:00,0.248272,0.253140,0.248272,0.248272,1745800,0.000000,0.000000,0.254472
2023-08-17 00:00:00+08:00,0.253140,0.253140,0.248272,0.253140,178500,0.000000,0.000000,0.259340
2023-08-18 00:00:00+08:00,0.248272,0.253140,0.248272,0.248272,1072600,0.000000,0.000000,0.254472
2023-08-21 00:00:00+08:00,0.248272,0.253140,0.238536,0.243404,8936600,0.000000,0.000000,0.249604
2023-08-22 00:00:00+08:00,0.243404,0.248272,0.238536,0.243404,2136900,0.000000,0.000000,0.249604
2023-08-23 00:00:00+08:00,0.243404,0.243404,0.238536,0.243404,1513400,0.000000,0.000000,0.249604
2023-08-24 00:00:00+08:00,0.243404,0.243404,0.238536,0.238536,609600,0.000000,0.000000,0.244736
2023-08-25 00:00:00+08:00,0.243404,0.243404,0.238536,0.243404,1221000,0.000000,0.000000,0.249604
2023-08-28 00:00:00+08:00,0.243404,0.248272,0.238536,0.243404,4438400,0.000000,0.000000,0.249604
2023-08-29 00:00:00+08:00,0.243404,0.243404,0.238536,0.243404,536700,0.000000,0.000000,0.249604
2023-08-30 00:00:00+08:00,0.243404,0.243404,0.238536,0.243404,882700,0.000000,0.000000,0.249604
2023-08-31 00:00:00+08:00,0.243404,0.248272,0.243404,0.248272,545200,0.000000,0.000000,0.254472
2023-09-04 00:00:00+08:00,0.243404,0.248272,0.238536,0.243404,1790900,0.000000,0.000000,0.249604
2023-09-05 00:00:00+08:00,0.243404,0.243404,0.238536,0.238536,319600,0.000000,0.000000,0.244736
2023-09-06 00:00:00+08:00,0.238536,0.243404,0.238536,0.238536,3662400,0.000000,0.000000,0.244736
2023-09-07 00:00:00+08:00,0.243404,0.243404,0.233668,0.238536,1406700,0.000000,0.000000,0.244736
2023-09-08 00:00:00+08:00,0.238536,0.243404,0.233668,0.238536,857300,0.000000,0.000000,0.244736
2023-09-11 00:00:00+08:00,0.238536,0.243404,0.233668,0.233668,1599600,0.000000,0.000000,0.239868
2023-09-12 00:00:00+08:00,0.238536,0.238536,0.233668,0.238536,519800,0.000000,0.000000,0.244736
2023-09-13 00:00:00+08:00,0.238536,0.238536,0.228800,0.233668,5805900,0.000000,0.000000,0.239868
2023-09-14 00:00:00+08:00,0.233668,0.233668,0.219064,0.219064,8645500,0.000000,0.000000,0.225264
2023-09-15 00:00:00+08:00,0.219064,0.228800,0.219064,0.219064,14594500,0.000000,0.000000,0.225264
2023-09-18 00:00:00+08:00,0.219064,0.223932,0.199591,0.209328,15036500,0.000000,0.000000,0.215528
2023-09-19 00:00:00+08:00,0.209328,0.214196,0.204460,0.209328,2694000,0.000000,0.000000,0.215528
2023-09-20 00:00:00+08:00,0.209328,0.223932,0.209328,0.219064,4821100,0.000000,0.000000,0.225264
2023-09-21 00:00:00+08:00,0.219064,0.223932,0.214196,0.219064,2071400,0.000000,0.000000,0.225264
2023-09-22 00:00:00+08:00,0.219064,0.219064,0.214196,0.214196,1757100,0.000000,0.000000,0.220396
2023-09-25 00:00:00+08:00,0.214196,0.223932,0.214196,0.223932,2126400,0.000000,0.000000,0.230132
2023-09-26 00:00:00+08:00,0.223932,0.228800,0.219064,0.219064,1259500,0.000000,0.000000,0.225264
2023-09-27 00:00:00+08:00,0.223932,0.223932,0.219064,0.219064,2514300,0.000000,0.000000,0.225264
2023-09-28 00:00:00+08:00,0.219064,0.223932,0.214196,0.214196,1319100,0.000000,0.000000,0.220396
2023-09-29 00:00:00+08:00,0.219064,0.228800,0.214196,0.223932,2335700,0.000000,0.000000,0.230132
2023-10-02 00:00:00+08:00,0.223932,0.228800,0.219064,0.223932,905000,0.000000,0.000000,0.230132
2023-10-03 00:00:00+08:00,0.223932,0.233668,0.223932,0.233668,2294100,0.000000,0.000000,0.239868
2023-10-04 00:00:00+08:00,0.233668,0.233668,0.223932,0.228800,1982200,0.000000,0.000000,0.235000
2023-10-05 00:00:00+08:00,0.223932,0.228800,0.223932,0.223932,230600,0.000000,0.000000,0.230132
2023-10-06 00:00:00+08:00,0.228800,0.228800,0.223932,0.223932,772900,0.000000,0.000000,0.230132
2023-10-09 00:00:00+08:00,0.223932,0.228800,0.223932,0.228800,487700,0.000000,0.000000,0.235000
2023-10-10 00:00:00+08:00,0.223932,0.228800,0.223932,0.223932,477800,0.000000,0.000000,0.230132
2023-10-11 00:00:00+08:00,0.223932,0.228800,0.223932,0.228800,334300,0.000000,0.000000,0.235000
2023-10-12 00:00:00+08:00,0.223932,0.228800,0.223932,0.228800,292700,0.000000,0.000000,0.235000
2023-10-13 00:00:00+08:00,0.223932,0.228800,0.223932,0.223932,657700,0.000000,0.000000,0.230132
2023-10-16 00:00:00+08:00,0.223932,0.228800,0.223932,0.223932,775800,0.000000,0.000000,0.230132
2023-10-17 00:00:00+08:00,0.223932,0.228800,0.219064,0.223932,2272300,0.000000,0.000000,0.230132
2023-10-18 00:00:00+08:00,0.223932,0.228800,0.223932,0.228800,506100,0.000000,0.000000,0.235000
2023-10-19 00:00:00+08:00,0.228800,0.228800,0.223932,0.228800,210100,0.000000,0.000000,0.235000
2023-10-20 00:00:00+08:00,0.223932,0.228800,0.223932,0.228800,1829000,0.000000,0.000000,0.235000
2023-10-23 00:00:00+08:00,0.223932,0.228800,0.219064,0.219064,770800,0.000000,0.000000,0.225264
2023-10-24 00:00:00+08:00,0.223932,0.223932,0.219064,0.223932,493700,0.000000,0.000000,0.230132
2023-10-25 00:00:00+08:00,0.223932,0.223932,0.219064,0.223932,320300,0.000000,0.000000,0.230132
2023-10-26 00:00:00+08:00,0.223932,0.223932,0.219064,0.219064,489100,0.000000,0.000000,0.225264
2023-10-27 00:00:00+08:00,0.223932,0.223932,0.219064,0.223932,89100,0.000000,0.000000,0.230132
2023-10-30 00:00:00+08:00,0.223932,0.228800,0.223932,0.223932,404400,0.000000,0.000000,0.230132
2023-10-31 00:00:00+08:00,0.228800,0.228800,0.223932,0.228800,758300,0.000000,0.000000,0.235000
2023-11-01 00:00:00+08:00,0.228800,0.228800,0.223932,0.228800,1292000,0.000000,0.000000,0.235000
2023-11-02 00:00:00+08:00,0.228800,0.228800,0.223932,0.228800,2219100,0.000000,0.000000,0.235000
2023-11-03 00:00:00+08:00,0.223932,0.228800,0.223932,0.228800,3066600,0.000000,0.000000,0.235000
2023-11-06 00:00:00+08:00,0.228800,0.228800,0.223932,0.228800,1161500,0.000000,0.000000,0.235000
2023-11-07 00:00:00+08:00,0.228800,0.233668,0.228800,0.228800,4680500,0.000000,0.000000,0.235000
2023-11-08 00:00:00+08:00,0.230000,0.235000,0.225000,0.225000,3256500,0.006200,0.000000,0.225000
2023-11-09 00:00:00+08:00,0.225000,0.230000,0.225000,0.230000,117200,0.000000,0.000000,0.230000
2023-11-10 00:00:00+08:00,0.230000,0.230000,0.225000,0.230000,811000,0.000000,0.000000,0.230000
2023-11-14 00:00:00+08:00,0.230000,0.230000,0.225000,0.230000,415200,0.000000,0.000000,0.230000
2023-11-15 00:00:00+08:00,0.230000,0.235000,0.230000,0.230000,1110900,0.000000,0.000000,0.230000
2023-11-16 00:00:00+08:00,0.235000,0.235000,0.230000,0.230000,84600,0.000000,0.000000,0.230000
2023-11-17 00:00:00+08:00,0.235000,0.235000,0.230000,0.230000,284400,0.000000,0.000000,0.230000
2023-11-20 00:00:00+08:00,0.230000,0.235000,0.230000,0.235000,116900,0.000000,0.000000,0.235000
2023-11-21 00:00:00+08:00,0.235000,0.235000,0.230000,0.235000,518400,0.000000,0.000000,0.235000
2023-11-22 00:00:00+08:00,0.235000,0.235000,0.230000,0.230000,137200,0.000000,0.000000,0.230000
2023-11-23 00:00:00+08:00,0.235000,0.240000,0.235000,0.240000,3197400,0.000000,0.000000,0.240000
2023-11-24 00:00:00+08:00,0.240000,0.240000,0.235000,0.240000,122200,0.000000,0.000000,0.240000
2023-11-27 00:00:00+08:00,0.240000,0.240000,0.235000,0.240000,181700,0.000000,0.000000,0.240000
2023-11-28 00:00:00+08:00,0.240000,0.240000,0.235000,0.240000,2566700,0.000000,0.000000,0.240000
2023-11-29 00:00:00+08:00,0.240000,0.240000,0.235000,0.235000,123200,0.000000,0.000000,0.235000
2023-11-30 00:00:00+08:00,0.235000,0.240000,0.235000,0.240000,345400,0.000000,0.000000,0.240000
2023-12-01 00:00:00+08:00,0.240000,0.240000,0.235000,0.240000,2844100,0.000000,0.000000,0.240000
2023-12-04 00:00:00+08:00,0.240000,0.240000,0.235000,0.240000,811000,0.000000,0.000000,0.240000
2023-12-05 00:00:00+08:00,0.240000,0.240000,0.235000,0.240000,501600,0.000000,0.000000,0.240000
2023-12-06 00:00:00+08:00,0.240000,0.245000,0.240000,0.245000,358800,0.000000,0.000000,0.245000
2023-12-07 00:00:00+08:00,0.245000,0.250000,0.240000,0.250000,2703500,0.000000,0.000000,0.250000
2023-12-08 00:00:00+08:00,0.250000,0.255000,0.245000,0.255000,1415500,0.000000,0.000000,0.255000
2023-12-11 00:00:00+08:00,0.255000,0.265000,0.255000,0.260000,2940800,0.000000,0.000000,0.260000
2023-12-12 00:00:00+08:00,0.260000,0.260000,0.255000,0.260000,1051900,0.000000,0.000000,0.260000
2023-12-13 00:00:00+08:00,0.260000,0.260000,0.255000,0.260000,517500,0.000000,0.000000,0.260000
2023-12-14 00:00:00+08:00,0.260000,0.260000,0.255000,0.260000,1381500,0.000000,0.000000,0.260000
2023-12-15 00:00:00+08:00,0.260000,0.265000,0.255000,0.265000,5371900,0.000000,0.000000,0.265000
2023-12-18 00:00:00+08:00,0.265000,0.265000,0.255000,0.260000,1116900,0.000000,0.000000,0.260000
2023-12-19 00:00:00+08:00,0.255000,0.260000,0.255000,0.260000,584800,0.000000,0.000000,0.260000
2023-12-20 00:00:00+08:00,0.260000,0.260000,0.255000,0.255000,596500,0.000000,0.000000,0.255000
2023-12-21 00:00:00+08:00,0.260000,0.265000,0.260000,0.265000,1523100,0.000000,0.000000,0.265000
2023-12-22 00:00:00+08:00,0.265000,0.265000,0.260000,0.265000,1392300,0.000000,0.000000,0.265000
2023-12-26 00:00:00+08:00,0.260000,0.265000,0.260000,0.260000,990700,0.000000,0.000000,0.260000
2023-12-27 00:00:00+08:00,0.260000,0.265000,0.260000,0.265000,697400,0.000000,0.000000,0.265000
2023-12-28 00:00:00+08:00,0.265000,0.265000,0.260000,0.265000,699700,0.000000,0.000000,0.265000
2023-12-29 00:00:00+08:00,0.265000,0.265000,0.260000,0.265000,871400,0.000000,0.000000,0.265000
2024-01-02 00:00:00+08:00,0.265000,0.265000,0.260000,0.260000,891400,0.000000,0.000000,0.260000
2024-01-03 00:00:00+08:00,0.265000,0.270000,0.260000,0.265000,1678900,0.000000,0.000000,0.265000
2024-01-04 00:00:00+08:00,0.265000,0.270000,0.260000,0.270000,2172700,0.000000,0.000000,0.270000
2024-01-05 00:00:00+08:00,0.270000,0.270000,0.260000,0.265000,1792500,0.000000,0.000000,0.265000
2024-01-08 00:00:00+08:00,0.265000,0.265000,0.260000,0.265000,375300,0.000000,0.000000,0.265000
2024-01-09 00:00:00+08:00,0.260000,0.265000,0.260000,0.265000,286500,0.000000,0.000000,0.265000
2024-01-10 00:00:00+08:00,0.265000,0.265000,0.260000,0.265000,944700,0.000000,0.000000,0.265000
2024-01-11 00:00:00+08:00,0.265000,0.270000,0.265000,0.270000,1373900,0.000000,0.000000,0.270000
2024-01-12 00:00:00+08:00,0.265000,0.270000,0.265000,0.270000,1231300,0.000000,0.000000,0.270000
2024-01-15 00:00:00+08:00,0.265000,0.270000,0.265000,0.270000,509300,0.000000,0.000000,0.270000
2024-01-16 00:00:00+08:00,0.270000,0.270000,0.265000,0.270000,213600,0.000000,0.000000,0.270000
2024-01-17 00:00:00+08:00,0.265000,0.270000,0.260000,0.265000,2492500,0.000000,0.000000,0.265000
2024-01-18 00:00:00+08:00,0.265000,0.270000,0.260000,0.265000,740000,0.000000,0.000000,0.265000
2024-01-19 00:00:00+08:00,0.265000,0.265000,0.260000,0.260000,5596400,0.000000,0.000000,0.260000
2024-01-22 00:00:00+08:00,0.260000,0.265000,0.260000,0.265000,614700,0.000000,0.000000,0.265000
2024-01-23 00:00:00+08:00,0.265000,0.265000,0.260000,0.265000,158800,0.000000,0.000000,0.265000
2024-01-24 00:00:00+08:00,0.265000,0.265000,0.260000,0.265000,674100,0.000000,0.000000,0.265000
2024-01-25 00:00:00+08:00,0.265000,0.265000,0.260000,0.260000,364900,0.000000,0.000000,0.260000
2024-01-26 00:00:00+08:00,0.260000,0.265000,0.260000,0.260000,83400,0.000000,0.000000,0.260000
2024-01-29 00:00:00+08:00,0.260000,0.265000,0.260000,0.265000,238800,0.000000,0.000000,0.265000
2024-01-30 00:00:00+08:00,0.265000,0.265000,0.255000,0.260000,1422200,0.000000,0.000000,0.260000
