Date,Open,High,Low,Close,Volume,Dividends,Stock Splits,RClose
2015-10-27 00:00:00+08:00,0.189189,0.201801,0.189189,0.189189,336600,0.000000,0.000000,0.189189
2015-10-28 00:00:00+08:00,0.192342,0.192342,0.182882,0.182882,237300,0.000000,0.000000,0.182990
2015-10-29 00:00:00+08:00,0.182882,0.182882,0.176576,0.179729,116600,0.000000,0.000000,0.179944
2015-10-30 00:00:00+08:00,0.179729,0.179729,0.179729,0.179729,0,0.000000,0.000000,0.180052
2015-11-02 00:00:00+08:00,0.179729,0.179729,0.170270,0.170270,241100,0.000000,0.000000,0.170701
2015-11-03 00:00:00+08:00,0.176576,0.182882,0.176576,0.182882,294500,0.000000,0.000000,0.183420
2015-11-04 00:00:00+08:00,0.182882,0.189189,0.182882,0.182882,240600,0.000000,0.000000,0.183528
2015-11-05 00:00:00+08:00,0.179729,0.179729,0.179729,0.179729,6600,0.000000,0.000000,0.180483
2015-11-06 00:00:00+08:00,0.179729,0.195495,0.176576,0.182882,294400,0.000000,0.000000,0.183744
2015-11-09 00:00:00+08:00,0.176576,0.182882,0.176576,0.176576,22700,0.000000,0.000000,0.177545
2015-11-11 00:00:00+08:00,0.176576,0.176576,0.176576,0.176576,16000,0.000000,0.000000,0.177653
2015-11-12 00:00:00+08:00,0.176576,0.182882,0.176576,0.176576,134600,0.000000,0.000000,0.177761
2015-11-13 00:00:00+08:00,0.176576,0.179729,0.176576,0.179729,221500,0.000000,0.000000,0.181021
2015-11-16 00:00:00+08:00,0.176576,0.176576,0.176576,0.176576,15100,0.000000,0.000000,0.177976
2015-11-17 00:00:00+08:00,0.179729,0.182882,0.173423,0.182882,42300,0.000000,0.000000,0.184390
2015-11-18 00:00:00+08:00,0.176576,0.182882,0.176576,0.182882,105900,0.000000,0.000000,0.184497
2015-11-19 00:00:00+08:00,0.182882,0.195495,0.182882,0.195495,178100,0.000000,0.000000,0.197218
2015-11-20 00:00:00+08:00,0.189189,0.198648,0.189189,0.195495,326000,0.000000,0.000000,0.197326
2015-11-23 00:00:00+08:00,0.192342,0.192342,0.192342,0.192342,48000,0.000000,0.000000,0.194280
2015-11-24 00:00:00+08:00,0.192342,0.195495,0.189189,0.195495,503900,0.000000,0.000000,0.197541
2015-11-25 00:00:00+08:00,0.189189,0.189189,0.189189,0.189189,64500,0.000000,0.000000,0.191343
2015-11-26 00:00:00+08:00,0.189189,0.192342,0.189189,0.192342,271100,0.000000,0.000000,0.194604
2015-11-27 00:00:00+08:00,0.189189,0.192342,0.189189,0.192342,18000,0.000000,0.000000,0.194711
2015-11-30 00:00:00+08:00,0.192342,0.195495,0.192342,0.192342,152000,0.000000,0.000000,0.194819
2015-12-01 00:00:00+08:00,0.195495,0.195495,0.195495,0.195495,15000,0.000000,0.000000,0.198080
2015-12-02 00:00:00+08:00,0.195495,0.195495,0.195495,0.195495,90000,0.000000,0.000000,0.198187
2015-12-03 00:00:00+08:00,0.195495,0.195495,0.195495,0.195495,0,0.000000,0.000000,0.198295
2015-12-04 00:00:00+08:00,0.189189,0.189189,0.189189,0.189189,71200,0.000000,0.000000,0.192097
2015-12-07 00:00:00+08:00,0.189189,0.195495,0.189189,0.195495,86500,0.000000,0.000000,0.198510
2015-12-08 00:00:00+08:00,0.195495,0.195495,0.192342,0.192342,239000,0.000000,0.000000,0.195465
2015-12-09 00:00:00+08:00,0.198648,0.198648,0.189189,0.189189,63600,0.000000,0.000000,0.192420
2015-12-10 00:00:00+08:00,0.189189,0.195495,0.189189,0.195495,104000,0.000000,0.000000,0.198833
2015-12-11 00:00:00+08:00,0.189189,0.195495,0.189189,0.189189,45700,0.000000,0.000000,0.192635
2015-12-14 00:00:00+08:00,0.189189,0.192342,0.189189,0.192342,288300,0.000000,0.000000,0.195896
2015-12-15 00:00:00+08:00,0.192342,0.192342,0.192342,0.192342,53000,0.000000,0.000000,0.196004
2015-12-16 00:00:00+08:00,0.195495,0.198648,0.192342,0.198648,1066000,0.000000,0.000000,0.202417
2015-12-17 00:00:00+08:00,0.195495,0.195495,0.195495,0.195495,90000,0.000000,0.000000,0.199372
2015-12-18 00:00:00+08:00,0.192342,0.192342,0.192342,0.192342,295800,0.000000,0.000000,0.196327
2015-12-21 00:00:00+08:00,0.198648,0.198648,0.192342,0.192342,83000,0.000000,0.000000,0.196434
2015-12-22 00:00:00+08:00,0.192342,0.192342,0.192342,0.192342,55800,0.000000,0.000000,0.196542
2015-12-23 00:00:00+08:00,0.195495,0.198648,0.195495,0.198648,47000,0.000000,0.000000,0.202956
2015-12-24 00:00:00+08:00,0.198648,0.198648,0.198648,0.198648,0,0.000000,0.000000,0.203063
2015-12-28 00:00:00+08:00,0.198648,0.198648,0.198648,0.198648,0,0.000000,0.000000,0.203171
2015-12-29 00:00:00+08:00,0.192342,0.192342,0.192342,0.192342,300,0.000000,0.000000,0.196973
2015-12-30 00:00:00+08:00,0.192342,0.192342,0.189189,0.192342,100200,0.000000,0.000000,0.197080
2015-12-31 00:00:00+08:00,0.192342,0.192342,0.192342,0.192342,34500,0.000000,0.000000,0.197188
2016-01-21 00:00:00+08:00,0.179729,0.182882,0.179729,0.182882,328000,0.000000,0.000000,0.187836
2016-01-22 00:00:00+08:00,0.186035,0.186035,0.179729,0.179729,215700,0.000000,0.000000,0.184791
2016-01-25 00:00:00+08:00,0.179729,0.179729,0.179729,0.179729,25000,0.000000,0.000000,0.184898
2016-01-26 00:00:00+08:00,0.179729,0.179729,0.179729,0.179729,128500,0.000000,0.000000,0.185006
2016-01-27 00:00:00+08:00,0.182882,0.186035,0.179729,0.179729,200500,0.000000,0.000000,0.185114
2016-01-28 00:00:00+08:00,0.179729,0.179729,0.179729,0.179729,0,0.000000,0.000000,0.185221
2016-01-29 00:00:00+08:00,0.176576,0.182882,0.176576,0.179729,151100,0.000000,0.000000,0.185329
2016-02-01 00:00:00+08:00,0.182882,0.186035,0.179729,0.186035,200300,0.000000,0.000000,0.191743
2016-02-02 00:00:00+08:00,0.179729,0.179729,0.179729,0.179729,120000,0.000000,0.000000,0.185544
2016-02-03 00:00:00+08:00,0.179729,0.179729,0.179729,0.179729,43000,0.000000,0.000000,0.185652
2016-02-04 00:00:00+08:00,0.182882,0.182882,0.182882,0.182882,69000,0.000000,0.000000,0.188913
2016-02-05 00:00:00+08:00,0.182882,0.186035,0.182882,0.186035,217600,0.000000,0.000000,0.192173
2016-02-10 00:00:00+08:00,0.189189,0.189189,0.179729,0.186035,572500,0.000000,0.000000,0.192281
2016-02-11 00:00:00+08:00,0.186035,0.186035,0.186035,0.186035,0,0.000000,0.000000,0.192389
2016-02-12 00:00:00+08:00,0.182882,0.186035,0.182882,0.182882,163600,0.000000,0.000000,0.189344
2016-02-15 00:00:00+08:00,0.186035,0.189189,0.186035,0.189189,271500,0.000000,0.000000,0.195758
2016-02-16 00:00:00+08:00,0.189189,0.189189,0.189189,0.189189,0,0.000000,0.000000,0.195866
2016-02-17 00:00:00+08:00,0.189189,0.189189,0.186035,0.186035,201500,0.000000,0.000000,0.192820
2016-02-18 00:00:00+08:00,0.186035,0.186035,0.186035,0.186035,1500,0.000000,0.000000,0.192927
2016-02-19 00:00:00+08:00,0.190557,0.193787,0.187327,0.190557,306600,0.007000,0.000000,0.197557
2016-02-22 00:00:00+08:00,0.193787,0.193787,0.193787,0.193787,87600,0.000000,0.000000,0.200845
2016-02-23 00:00:00+08:00,0.193787,0.193787,0.193787,0.193787,104000,0.000000,0.000000,0.200903
2016-02-24 00:00:00+08:00,0.193787,0.193787,0.193787,0.193787,411700,0.000000,0.000000,0.200960
2016-02-25 00:00:00+08:00,0.197017,0.197017,0.197017,0.197017,18500,0.000000,0.000000,0.204248
2016-02-26 00:00:00+08:00,0.197017,0.197017,0.193787,0.193787,98700,0.000000,0.000000,0.201076
2016-02-29 00:00:00+08:00,0.193787,0.193787,0.193787,0.193787,502000,0.000000,0.000000,0.201134
2016-03-01 00:00:00+08:00,0.193787,0.193787,0.193787,0.193787,11400,0.000000,0.000000,0.201192
2016-03-02 00:00:00+08:00,0.190557,0.193787,0.190557,0.193787,262500,0.000000,0.000000,0.201249
2016-03-03 00:00:00+08:00,0.197017,0.197017,0.193787,0.197017,166300,0.000000,0.000000,0.204537
2016-03-04 00:00:00+08:00,0.193787,0.197017,0.193787,0.197017,549700,0.000000,0.000000,0.204595
2016-03-07 00:00:00+08:00,0.200247,0.200247,0.197017,0.197017,62000,0.000000,0.000000,0.204653
2016-03-08 00:00:00+08:00,0.197017,0.200247,0.197017,0.197017,94300,0.000000,0.000000,0.204711
2016-03-09 00:00:00+08:00,0.197017,0.203476,0.193787,0.203476,164100,0.000000,0.000000,0.211227
2016-03-10 00:00:00+08:00,0.197017,0.197017,0.190557,0.197017,476900,0.000000,0.000000,0.204826
2016-03-11 00:00:00+08:00,0.197017,0.197017,0.193787,0.197017,79900,0.000000,0.000000,0.204884
2016-03-14 00:00:00+08:00,0.193787,0.193787,0.190557,0.193787,350300,0.000000,0.000000,0.201712
2016-03-15 00:00:00+08:00,0.193787,0.193787,0.193787,0.193787,9800,0.000000,0.000000,0.201770
2016-03-16 00:00:00+08:00,0.193787,0.197017,0.193787,0.197017,103600,0.000000,0.000000,0.205057
2016-03-17 00:00:00+08:00,0.197017,0.197017,0.197017,0.197017,41300,0.000000,0.000000,0.205115
2016-03-18 00:00:00+08:00,0.197017,0.200247,0.193787,0.193787,65000,0.000000,0.000000,0.201943
2016-03-21 00:00:00+08:00,0.193787,0.197017,0.193787,0.197017,76200,0.000000,0.000000,0.205231
2016-03-22 00:00:00+08:00,0.197017,0.213166,0.197017,0.203476,540200,0.000000,0.000000,0.211748
2016-03-23 00:00:00+08:00,0.200247,0.200247,0.200247,0.200247,30000,0.000000,0.000000,0.208576
2016-03-24 00:00:00+08:00,0.200247,0.200247,0.200247,0.200247,36400,0.000000,0.000000,0.208634
2016-03-28 00:00:00+08:00,0.200247,0.200247,0.200247,0.200247,12000,0.000000,0.000000,0.208692
2016-03-29 00:00:00+08:00,0.200247,0.200247,0.200247,0.200247,0,0.000000,0.000000,0.208750
2016-03-30 00:00:00+08:00,0.197017,0.197017,0.197017,0.197017,207600,0.000000,0.000000,0.205578
2016-03-31 00:00:00+08:00,0.197017,0.197017,0.197017,0.197017,0,0.000000,0.000000,0.205635
2016-04-01 00:00:00+08:00,0.200247,0.200247,0.200247,0.200247,173700,0.000000,0.000000,0.208923
2016-04-04 00:00:00+08:00,0.197017,0.200247,0.197017,0.200247,29000,0.000000,0.000000,0.208981
2016-04-05 00:00:00+08:00,0.197017,0.200247,0.197017,0.197017,424100,0.000000,0.000000,0.205809
2016-04-06 00:00:00+08:00,0.200247,0.203476,0.200247,0.200247,203100,0.000000,0.000000,0.209097
2016-04-07 00:00:00+08:00,0.203476,0.203476,0.200247,0.203476,294600,0.000000,0.000000,0.212384
2016-04-08 00:00:00+08:00,0.203476,0.216395,0.200247,0.216395,256000,0.000000,0.000000,0.225360
2016-04-11 00:00:00+08:00,0.213166,0.222855,0.209936,0.219625,798100,0.000000,0.000000,0.228648
2016-04-12 00:00:00+08:00,0.219625,0.235774,0.219625,0.226085,1647300,0.000000,0.000000,0.235166
2016-04-13 00:00:00+08:00,0.226085,0.226085,0.216395,0.219625,500200,0.000000,0.000000,0.228764
2016-04-14 00:00:00+08:00,0.222855,0.222855,0.216395,0.219625,90000,0.000000,0.000000,0.228822
2016-04-15 00:00:00+08:00,0.219625,0.222855,0.219625,0.222855,209000,0.000000,0.000000,0.232109
2016-04-18 00:00:00+08:00,0.219625,0.222855,0.219625,0.222855,583700,0.000000,0.000000,0.232167
2016-04-19 00:00:00+08:00,0.222855,0.239004,0.219625,0.239004,1068300,0.000000,0.000000,0.248374
2016-04-20 00:00:00+08:00,0.242234,0.242234,0.232544,0.232544,684800,0.000000,0.000000,0.241972
2016-04-21 00:00:00+08:00,0.235774,0.242234,0.235774,0.235774,458500,0.000000,0.000000,0.245260
2016-04-22 00:00:00+08:00,0.235774,0.235774,0.235774,0.235774,0,0.000000,0.000000,0.245317
2016-04-25 00:00:00+08:00,0.232544,0.232544,0.222855,0.222855,389800,0.000000,0.000000,0.232456
2016-04-26 00:00:00+08:00,0.222855,0.226085,0.222855,0.222855,83000,0.000000,0.000000,0.232514
2016-04-27 00:00:00+08:00,0.222855,0.226085,0.219625,0.219625,161500,0.000000,0.000000,0.229342
2016-04-28 00:00:00+08:00,0.219625,0.226085,0.219625,0.219625,478400,0.000000,0.000000,0.229400
2016-04-29 00:00:00+08:00,0.219625,0.219625,0.219625,0.219625,51000,0.000000,0.000000,0.229457
2016-05-03 00:00:00+08:00,0.219625,0.229315,0.219625,0.222855,334200,0.000000,0.000000,0.232745
2016-05-04 00:00:00+08:00,0.219625,0.222855,0.219625,0.222855,171000,0.000000,0.000000,0.232803
2016-05-05 00:00:00+08:00,0.222855,0.222855,0.222855,0.222855,0,0.000000,0.000000,0.232861
2016-05-06 00:00:00+08:00,0.222855,0.226085,0.222855,0.222855,188500,0.000000,0.000000,0.232919
2016-05-09 00:00:00+08:00,0.222855,0.229315,0.222855,0.222855,106800,0.000000,0.000000,0.232976
2016-05-10 00:00:00+08:00,0.222855,0.226085,0.219625,0.226085,170400,0.000000,0.000000,0.236264
2016-05-11 00:00:00+08:00,0.222855,0.222855,0.222855,0.222855,241000,0.000000,0.000000,0.233092
2016-05-12 00:00:00+08:00,0.222855,0.222855,0.222855,0.222855,120000,0.000000,0.000000,0.233150
2016-05-13 00:00:00+08:00,0.226085,0.229315,0.222855,0.226085,386500,0.000000,0.000000,0.236438
2016-05-16 00:00:00+08:00,0.229315,0.232544,0.229315,0.232544,155000,0.000000,0.000000,0.242954
2016-05-17 00:00:00+08:00,0.229315,0.229315,0.229315,0.229315,274300,0.000000,0.000000,0.239783
2016-05-18 00:00:00+08:00,0.232544,0.232544,0.229315,0.229315,201000,0.000000,0.000000,0.239841
2016-05-19 00:00:00+08:00,0.226085,0.229315,0.226085,0.226085,56000,0.000000,0.000000,0.236669
2016-05-20 00:00:00+08:00,0.226085,0.229315,0.222855,0.222855,253100,0.000000,0.000000,0.233497
2016-05-23 00:00:00+08:00,0.226085,0.226085,0.226085,0.226085,175200,0.000000,0.000000,0.236784
2016-05-24 00:00:00+08:00,0.226085,0.226085,0.226085,0.226085,77000,0.000000,0.000000,0.236842
2016-05-25 00:00:00+08:00,0.226085,0.226085,0.222855,0.222855,648000,0.000000,0.000000,0.233670
2016-05-26 00:00:00+08:00,0.222855,0.222855,0.219625,0.219625,369800,0.000000,0.000000,0.230498
2016-05-27 00:00:00+08:00,0.219625,0.222855,0.216395,0.219625,950400,0.000000,0.000000,0.230556
2016-05-30 00:00:00+08:00,0.222855,0.222855,0.222855,0.222855,40000,0.000000,0.000000,0.233843
2016-05-31 00:00:00+08:00,0.222855,0.222855,0.222855,0.222855,141700,0.000000,0.000000,0.233901
2016-06-01 00:00:00+08:00,0.226085,0.226085,0.226085,0.226085,15000,0.000000,0.000000,0.237189
2016-06-02 00:00:00+08:00,0.226085,0.229315,0.226085,0.226085,354500,0.000000,0.000000,0.237247
2016-06-03 00:00:00+08:00,0.226085,0.226085,0.226085,0.226085,116900,0.000000,0.000000,0.237305
2016-06-06 00:00:00+08:00,0.229315,0.229315,0.226085,0.229315,199900,0.000000,0.000000,0.240592
2016-06-07 00:00:00+08:00,0.226085,0.226085,0.226085,0.226085,91000,0.000000,0.000000,0.237420
2016-06-08 00:00:00+08:00,0.226085,0.229315,0.226085,0.229315,64900,0.000000,0.000000,0.240708
2016-06-09 00:00:00+08:00,0.226085,0.226085,0.226085,0.226085,42400,0.000000,0.000000,0.237536
2016-06-10 00:00:00+08:00,0.226085,0.229315,0.226085,0.229315,91100,0.000000,0.000000,0.240824
2016-06-13 00:00:00+08:00,0.229315,0.229315,0.222855,0.222855,40000,0.000000,0.000000,0.234421
2016-06-14 00:00:00+08:00,0.222855,0.222855,0.222855,0.222855,0,0.000000,0.000000,0.234479
2016-06-15 00:00:00+08:00,0.222855,0.222855,0.222855,0.222855,0,0.000000,0.000000,0.234537
2016-06-16 00:00:00+08:00,0.222855,0.222855,0.222855,0.222855,200000,0.000000,0.000000,0.234595
2016-06-17 00:00:00+08:00,0.222855,0.222855,0.219625,0.219625,85000,0.000000,0.000000,0.231423
2016-06-20 00:00:00+08:00,0.222855,0.222855,0.222855,0.222855,45000,0.000000,0.000000,0.234710
2016-06-21 00:00:00+08:00,0.222855,0.222855,0.222855,0.222855,0,0.000000,0.000000,0.234768
2016-06-22 00:00:00+08:00,0.222855,0.222855,0.222855,0.222855,0,0.000000,0.000000,0.234826
2016-06-23 00:00:00+08:00,0.222855,0.226085,0.222855,0.222855,102000,0.000000,0.000000,0.234884
2016-06-24 00:00:00+08:00,0.222855,0.226085,0.219625,0.226085,426000,0.000000,0.000000,0.238172
2016-06-27 00:00:00+08:00,0.222855,0.226085,0.222855,0.226085,156000,0.000000,0.000000,0.238230
2016-06-28 00:00:00+08:00,0.226085,0.229315,0.226085,0.229315,302000,0.000000,0.000000,0.241517
2016-06-29 00:00:00+08:00,0.229315,0.235774,0.226085,0.232544,582200,0.000000,0.000000,0.244804
2016-06-30 00:00:00+08:00,0.232544,0.232544,0.229315,0.229315,148300,0.000000,0.000000,0.241633
2016-07-01 00:00:00+08:00,0.229315,0.232544,0.229315,0.232544,160000,0.000000,0.000000,0.244920
2016-07-04 00:00:00+08:00,0.229315,0.235774,0.229315,0.232544,304700,0.000000,0.000000,0.244978
2016-07-05 00:00:00+08:00,0.232544,0.232544,0.232544,0.232544,150000,0.000000,0.000000,0.245035
2016-07-07 00:00:00+08:00,0.232544,0.251923,0.232544,0.239004,10013900,0.000000,0.000000,0.251553
2016-07-08 00:00:00+08:00,0.251923,0.261612,0.251923,0.251923,7187000,0.000000,0.000000,0.264530
2016-07-11 00:00:00+08:00,0.255153,0.255153,0.248693,0.251923,628100,0.000000,0.000000,0.264588
2016-07-12 00:00:00+08:00,0.248693,0.251923,0.248693,0.248693,333500,0.000000,0.000000,0.261416
2016-07-13 00:00:00+08:00,0.245463,0.248693,0.245463,0.245463,147800,0.000000,0.000000,0.258243
2016-07-14 00:00:00+08:00,0.245463,0.245463,0.245463,0.245463,0,0.000000,0.000000,0.258301
2016-07-15 00:00:00+08:00,0.245463,0.251923,0.245463,0.245463,620600,0.000000,0.000000,0.258359
2016-07-18 00:00:00+08:00,0.245463,0.245463,0.245463,0.245463,399900,0.000000,0.000000,0.258417
2016-07-19 00:00:00+08:00,0.242234,0.242234,0.242234,0.242234,600,0.000000,0.000000,0.255246
2016-07-20 00:00:00+08:00,0.245463,0.245463,0.245463,0.245463,66200,0.000000,0.000000,0.258532
2016-07-21 00:00:00+08:00,0.242234,0.242234,0.242234,0.242234,124700,0.000000,0.000000,0.255361
2016-07-22 00:00:00+08:00,0.242234,0.245463,0.242234,0.245463,212900,0.000000,0.000000,0.258648
2016-07-25 00:00:00+08:00,0.242234,0.245464,0.242234,0.242234,57600,0.000000,0.000000,0.255477
2016-07-26 00:00:00+08:00,0.242234,0.242234,0.242234,0.242234,0,0.000000,0.000000,0.255535
2016-07-27 00:00:00+08:00,0.242234,0.242234,0.239004,0.242234,438000,0.000000,0.000000,0.255592
2016-07-28 00:00:00+08:00,0.242234,0.245463,0.239004,0.245463,190100,0.000000,0.000000,0.258879
2016-07-29 00:00:00+08:00,0.242234,0.242234,0.239004,0.239004,9000,0.000000,0.000000,0.252478
2016-08-01 00:00:00+08:00,0.242234,0.245463,0.239004,0.245463,229800,0.000000,0.000000,0.258995
2016-08-02 00:00:00+08:00,0.245464,0.245464,0.242234,0.242234,175500,0.000000,0.000000,0.255824
2016-08-03 00:00:00+08:00,0.242234,0.245463,0.239004,0.239004,77900,0.000000,0.000000,0.252651
2016-08-04 00:00:00+08:00,0.242234,0.242234,0.239004,0.242234,34100,0.000000,0.000000,0.255939
2016-08-05 00:00:00+08:00,0.239004,0.245464,0.239004,0.242234,729800,0.000000,0.000000,0.255997
2016-08-08 00:00:00+08:00,0.245464,0.245464,0.242234,0.242234,95600,0.000000,0.000000,0.256055
2016-08-10 00:00:00+08:00,0.245463,0.245463,0.245463,0.245463,289500,0.000000,0.000000,0.259342
2016-08-11 00:00:00+08:00,0.245463,0.245463,0.245463,0.245463,107200,0.000000,0.000000,0.259399
2016-08-12 00:00:00+08:00,0.248693,0.248693,0.245463,0.245463,469000,0.000000,0.000000,0.259457
2016-08-15 00:00:00+08:00,0.245463,0.245463,0.245463,0.245463,488400,0.000000,0.000000,0.259515
2016-08-16 00:00:00+08:00,0.245463,0.245463,0.245463,0.245463,231900,0.000000,0.000000,0.259573
2016-08-17 00:00:00+08:00,0.245463,0.245463,0.245463,0.245463,773300,0.000000,0.000000,0.259631
2016-08-18 00:00:00+08:00,0.245463,0.245463,0.245463,0.245463,1072100,0.000000,0.000000,0.259688
2016-08-19 00:00:00+08:00,0.245463,0.245463,0.245463,0.245463,959100,0.000000,0.000000,0.259746
2016-08-22 00:00:00+08:00,0.245463,0.248693,0.245463,0.245463,686000,0.000000,0.000000,0.259804
2016-08-23 00:00:00+08:00,0.248693,0.248693,0.245463,0.245463,692800,0.000000,0.000000,0.259862
2016-08-24 00:00:00+08:00,0.245463,0.248693,0.242234,0.245463,1361900,0.000000,0.000000,0.259920
2016-08-25 00:00:00+08:00,0.245463,0.248693,0.245463,0.245463,447400,0.000000,0.000000,0.259977
2016-08-26 00:00:00+08:00,0.242234,0.245464,0.242234,0.242234,951000,0.000000,0.000000,0.256806
2016-08-29 00:00:00+08:00,0.245463,0.245463,0.245463,0.245463,121000,0.000000,0.000000,0.260093
2016-08-30 00:00:00+08:00,0.245463,0.245463,0.245463,0.245463,20000,0.000000,0.000000,0.260151
2016-08-31 00:00:00+08:00,0.242234,0.242234,0.242234,0.242234,100000,0.000000,0.000000,0.256980
2016-09-01 00:00:00+08:00,0.242234,0.245464,0.242234,0.242234,126000,0.000000,0.000000,0.257037
2016-09-02 00:00:00+08:00,0.245463,0.245463,0.242234,0.245463,132000,0.000000,0.000000,0.260324
2016-09-05 00:00:00+08:00,0.242234,0.242234,0.242234,0.242234,60400,0.000000,0.000000,0.257153
2016-09-06 00:00:00+08:00,0.242234,0.242234,0.242234,0.242234,0,0.000000,0.000000,0.257211
2016-09-07 00:00:00+08:00,0.245463,0.245463,0.245463,0.245463,5000,0.000000,0.000000,0.260498
2016-09-08 00:00:00+08:00,0.242234,0.242234,0.242234,0.242234,300,0.000000,0.000000,0.257326
2016-09-09 00:00:00+08:00,0.242234,0.242234,0.242234,0.242234,0,0.000000,0.000000,0.257384
2016-09-13 00:00:00+08:00,0.242234,0.245464,0.242234,0.242234,10500,0.000000,0.000000,0.257442
2016-09-14 00:00:00+08:00,0.242234,0.242234,0.242234,0.242234,4800,0.000000,0.000000,0.257500
2016-09-15 00:00:00+08:00,0.242234,0.242234,0.242234,0.242234,22500,0.000000,0.000000,0.257558
2016-09-16 00:00:00+08:00,0.242234,0.245463,0.242234,0.245463,50500,0.000000,0.000000,0.260845
2016-09-19 00:00:00+08:00,0.245463,0.245463,0.245463,0.245463,4500,0.000000,0.000000,0.260902
2016-09-20 00:00:00+08:00,0.245463,0.245463,0.245463,0.245463,0,0.000000,0.000000,0.260960
2016-09-21 00:00:00+08:00,0.242234,0.245463,0.242234,0.245463,57000,0.000000,0.000000,0.261018
2016-09-22 00:00:00+08:00,0.245463,0.245463,0.245463,0.245463,0,0.000000,0.000000,0.261076
2016-09-23 00:00:00+08:00,0.245463,0.245463,0.245463,0.245463,155000,0.000000,0.000000,0.261134
2016-09-26 00:00:00+08:00,0.242234,0.242234,0.242234,0.242234,5400,0.000000,0.000000,0.257962
2016-09-27 00:00:00+08:00,0.242234,0.242234,0.242234,0.242234,0,0.000000,0.000000,0.258020
2016-09-28 00:00:00+08:00,0.242234,0.242234,0.242234,0.242234,59200,0.000000,0.000000,0.258078
2016-09-29 00:00:00+08:00,0.239004,0.239004,0.235774,0.235774,18000,0.000000,0.000000,0.251676
2016-09-30 00:00:00+08:00,0.242234,0.242234,0.242234,0.242234,25000,0.000000,0.000000,0.258194
2016-10-03 00:00:00+08:00,0.242234,0.242234,0.239004,0.239004,60000,0.000000,0.000000,0.255021
2016-10-04 00:00:00+08:00,0.239004,0.239004,0.239004,0.239004,0,0.000000,0.000000,0.255079
2016-10-05 00:00:00+08:00,0.239004,0.245464,0.239004,0.242234,66700,0.000000,0.000000,0.258367
2016-10-06 00:00:00+08:00,0.242234,0.245464,0.242234,0.242234,32300,0.000000,0.000000,0.258425
2016-10-07 00:00:00+08:00,0.245463,0.245463,0.245463,0.245463,55900,0.000000,0.000000,0.261712
2016-10-10 00:00:00+08:00,0.245463,0.248693,0.245463,0.248693,202500,0.000000,0.000000,0.264999
2016-10-11 00:00:00+08:00,0.248693,0.248693,0.245463,0.248693,181600,0.000000,0.000000,0.265057
2016-10-12 00:00:00+08:00,0.248693,0.248693,0.245463,0.245463,110000,0.000000,0.000000,0.261885
2016-10-13 00:00:00+08:00,0.245463,0.245463,0.245463,0.245463,102700,0.000000,0.000000,0.261943
2016-10-14 00:00:00+08:00,0.245463,0.245463,0.245463,0.245463,212000,0.000000,0.000000,0.262001
2016-10-17 00:00:00+08:00,0.245463,0.245463,0.245463,0.245463,7500,0.000000,0.000000,0.262058
2016-10-18 00:00:00+08:00,0.248693,0.248693,0.245463,0.245463,65700,0.000000,0.000000,0.262116
2016-10-19 00:00:00+08:00,0.242234,0.248693,0.242234,0.245463,124800,0.000000,0.000000,0.262174
2016-10-20 00:00:00+08:00,0.248693,0.248693,0.245463,0.245463,79600,0.000000,0.000000,0.262232
2016-10-21 00:00:00+08:00,0.248693,0.248693,0.248693,0.248693,25000,0.000000,0.000000,0.265520
2016-10-24 00:00:00+08:00,0.248693,0.248693,0.248693,0.248693,142700,0.000000,0.000000,0.265577
2016-10-25 00:00:00+08:00,0.248693,0.255153,0.248693,0.251923,179000,0.000000,0.000000,0.268865
2016-10-26 00:00:00+08:00,0.251923,0.251923,0.251923,0.251923,77000,0.010000,0.000000,0.268923
2016-10-27 00:00:00+08:00,0.251923,0.251923,0.251923,0.251923,0,0.000000,0.000000,0.269108
2016-10-28 00:00:00+08:00,0.248608,0.248608,0.245294,0.248608,50000,0.000000,0.000000,0.265978
2016-10-31 00:00:00+08:00,0.245293,0.245293,0.245293,0.245293,35000,0.000000,0.000000,0.262849
2016-11-01 00:00:00+08:00,0.245293,0.245293,0.245293,0.245293,0,0.000000,0.000000,0.263034
2016-11-02 00:00:00+08:00,0.245293,0.245293,0.245293,0.245293,0,0.000000,0.000000,0.263219
2016-11-03 00:00:00+08:00,0.245293,0.245293,0.245293,0.245293,900,0.000000,0.000000,0.263404
2016-11-04 00:00:00+08:00,0.251923,0.251923,0.248608,0.251923,55000,0.000000,0.000000,0.270219
2016-11-07 00:00:00+08:00,0.251923,0.251923,0.251923,0.251923,0,0.000000,0.000000,0.270404
2016-11-08 00:00:00+08:00,0.251923,0.251923,0.251923,0.251923,0,0.000000,0.000000,0.270590
2016-11-09 00:00:00+08:00,0.241979,0.241979,0.238664,0.238664,46000,0.000000,0.000000,0.257516
2016-11-10 00:00:00+08:00,0.241979,0.241979,0.241979,0.241979,6000,0.000000,0.000000,0.261016
2016-11-11 00:00:00+08:00,0.245293,0.245293,0.245293,0.245293,40000,0.000000,0.000000,0.264515
2016-11-14 00:00:00+08:00,0.245293,0.245293,0.245293,0.245293,0,0.000000,0.000000,0.264700
2016-11-15 00:00:00+08:00,0.248608,0.251923,0.248608,0.251923,174500,0.000000,0.000000,0.271516
2016-11-16 00:00:00+08:00,0.248608,0.251923,0.248608,0.251923,62000,0.000000,0.000000,0.271701
2016-11-17 00:00:00+08:00,0.251923,0.251923,0.251923,0.251923,0,0.000000,0.000000,0.271886
2016-11-18 00:00:00+08:00,0.251923,0.251923,0.251923,0.251923,0,0.000000,0.000000,0.272071
2016-11-21 00:00:00+08:00,0.248608,0.248608,0.245293,0.245293,26100,0.000000,0.000000,0.265626
2016-11-22 00:00:00+08:00,0.248608,0.248608,0.245293,0.245293,13000,0.000000,0.000000,0.265812
2016-11-23 00:00:00+08:00,0.245293,0.245293,0.245293,0.245293,0,0.000000,0.000000,0.265997
2016-11-24 00:00:00+08:00,0.245293,0.245293,0.245293,0.245293,0,0.000000,0.000000,0.266182
2016-11-25 00:00:00+08:00,0.248608,0.248608,0.245293,0.245293,20000,0.000000,0.000000,0.266367
2016-11-28 00:00:00+08:00,0.245294,0.251923,0.245294,0.248608,31500,0.000000,0.000000,0.269867
2016-11-29 00:00:00+08:00,0.248608,0.248608,0.248608,0.248608,0,0.000000,0.000000,0.270052
2016-11-30 00:00:00+08:00,0.248608,0.248608,0.238664,0.241979,338000,0.000000,0.000000,0.263609
2016-12-01 00:00:00+08:00,0.245293,0.245293,0.245293,0.245293,38600,0.000000,0.000000,0.267108
2016-12-02 00:00:00+08:00,0.245293,0.245293,0.245293,0.245293,50000,0.000000,0.000000,0.267293
2016-12-05 00:00:00+08:00,0.245293,0.245293,0.245293,0.245293,0,0.000000,0.000000,0.267478
2016-12-06 00:00:00+08:00,0.245293,0.245293,0.245293,0.245293,15000,0.000000,0.000000,0.267663
2016-12-07 00:00:00+08:00,0.241979,0.245293,0.241979,0.245293,49000,0.000000,0.000000,0.267849
2016-12-08 00:00:00+08:00,0.245293,0.248608,0.245293,0.245293,18300,0.000000,0.000000,0.268034
2016-12-09 00:00:00+08:00,0.245293,0.245293,0.241979,0.241979,21000,0.000000,0.000000,0.264905
2016-12-12 00:00:00+08:00,0.248608,0.248608,0.248608,0.248608,25000,0.000000,0.000000,0.271719
2016-12-13 00:00:00+08:00,0.251923,0.251923,0.245294,0.248608,700,0.000000,0.000000,0.271904
2016-12-14 00:00:00+08:00,0.245293,0.245293,0.245293,0.245293,6600,0.000000,0.000000,0.268774
2016-12-15 00:00:00+08:00,0.245293,0.245293,0.245293,0.245293,0,0.000000,0.000000,0.268960
2016-12-16 00:00:00+08:00,0.245293,0.245293,0.241979,0.245293,137700,0.000000,0.000000,0.269145
2016-12-19 00:00:00+08:00,0.245293,0.245293,0.245293,0.245293,0,0.000000,0.000000,0.269330
2016-12-20 00:00:00+08:00,0.245293,0.245293,0.238664,0.238664,470200,0.000000,0.000000,0.262886
2016-12-21 00:00:00+08:00,0.238664,0.238664,0.238664,0.238664,0,0.000000,0.000000,0.263071
2016-12-22 00:00:00+08:00,0.245293,0.245293,0.245293,0.245293,38000,0.000000,0.000000,0.269886
2016-12-23 00:00:00+08:00,0.241979,0.241979,0.241979,0.241979,3000,0.000000,0.000000,0.266757
2016-12-27 00:00:00+08:00,0.241979,0.241979,0.238664,0.238664,127800,0.000000,0.000000,0.263627
2016-12-28 00:00:00+08:00,0.238664,0.238664,0.238664,0.238664,86200,0.000000,0.000000,0.263812
2016-12-29 00:00:00+08:00,0.238664,0.238664,0.238664,0.238664,500,0.000000,0.000000,0.263997
2016-12-30 00:00:00+08:00,0.238664,0.238664,0.238664,0.238664,0,0.000000,0.000000,0.264183
2017-01-03 00:00:00+08:00,0.238664,0.245293,0.238664,0.245293,36000,0.000000,0.000000,0.270997
2017-01-04 00:00:00+08:00,0.238664,0.238664,0.238664,0.238664,2400,0.000000,0.000000,0.264553
2017-01-05 00:00:00+08:00,0.238664,0.238664,0.238664,0.238664,0,0.000000,0.000000,0.264738
2017-01-06 00:00:00+08:00,0.245293,0.258553,0.245293,0.255238,5200,0.000000,0.000000,0.281497
2017-01-09 00:00:00+08:00,0.248608,0.248608,0.248608,0.248608,20000,0.000000,0.000000,0.275052
2017-01-10 00:00:00+08:00,0.248608,0.248608,0.248608,0.248608,0,0.000000,0.000000,0.275238
2017-01-11 00:00:00+08:00,0.248608,0.248608,0.248608,0.248608,0,0.000000,0.000000,0.275423
2017-01-12 00:00:00+08:00,0.248608,0.248608,0.248608,0.248608,20000,0.000000,0.000000,0.275608
2017-01-13 00:00:00+08:00,0.248608,0.248608,0.248608,0.248608,48000,0.000000,0.000000,0.275793
2017-01-16 00:00:00+08:00,0.248608,0.248608,0.245293,0.245293,76000,0.000000,0.000000,0.272663
2017-01-17 00:00:00+08:00,0.241979,0.248608,0.241979,0.245293,26900,0.000000,0.000000,0.272849
2017-01-18 00:00:00+08:00,0.245293,0.245293,0.245293,0.245293,0,0.000000,0.000000,0.273034
2017-01-19 00:00:00+08:00,0.245293,0.248608,0.245293,0.245293,15700,0.000000,0.000000,0.273219
2017-01-20 00:00:00+08:00,0.245293,0.245293,0.245293,0.245293,15000,0.000000,0.000000,0.273404
2017-01-23 00:00:00+08:00,0.245293,0.245293,0.245293,0.245293,0,0.000000,0.000000,0.273589
2017-01-24 00:00:00+08:00,0.245293,0.245293,0.245293,0.245293,3000,0.000000,0.000000,0.273774
2017-01-25 00:00:00+08:00,0.245293,0.245293,0.245293,0.245293,0,0.000000,0.000000,0.273960
2017-01-26 00:00:00+08:00,0.248608,0.255238,0.248608,0.255238,53500,0.000000,0.000000,0.284090
2017-01-27 00:00:00+08:00,0.251923,0.255238,0.251923,0.255238,33500,0.000000,0.000000,0.284275
2017-01-31 00:00:00+08:00,0.251923,0.258553,0.251923,0.258553,50100,0.000000,0.000000,0.287775
2017-02-01 00:00:00+08:00,0.258553,0.261867,0.258553,0.261867,44000,0.000000,0.000000,0.291274
2017-02-02 00:00:00+08:00,0.261867,0.261867,0.261867,0.261867,47100,0.000000,0.000000,0.291460
2017-02-03 00:00:00+08:00,0.265182,0.275126,0.265182,0.275126,523600,0.000000,0.000000,0.304904
2017-02-06 00:00:00+08:00,0.275126,0.278441,0.271812,0.275126,155400,0.000000,0.000000,0.305089
2017-02-07 00:00:00+08:00,0.271812,0.275126,0.271812,0.275126,147000,0.000000,0.000000,0.305274
2017-02-08 00:00:00+08:00,0.275126,0.281756,0.275126,0.281756,18300,0.000000,0.000000,0.312089
2017-02-09 00:00:00+08:00,0.285071,0.301645,0.278441,0.298330,1123800,0.000000,0.000000,0.328849
2017-02-10 00:00:00+08:00,0.301645,0.318219,0.298330,0.318219,1600400,0.000000,0.000000,0.348923
2017-02-13 00:00:00+08:00,0.321533,0.321533,0.314904,0.318219,458700,0.000000,0.000000,0.349108
2017-02-14 00:00:00+08:00,0.318219,0.318219,0.314904,0.318219,572300,0.000000,0.000000,0.349293
2017-02-15 00:00:00+08:00,0.314904,0.328163,0.314904,0.324848,365400,0.000000,0.000000,0.356107
2017-02-16 00:00:00+08:00,0.324848,0.328163,0.321533,0.321533,285000,0.000000,0.000000,0.352977
2017-02-17 00:00:00+08:00,0.324848,0.324848,0.314904,0.314904,367000,0.000000,0.000000,0.346534
2017-02-20 00:00:00+08:00,0.318219,0.324848,0.318219,0.318219,449500,0.000000,0.000000,0.350034
2017-02-21 00:00:00+08:00,0.307953,0.314797,0.304532,0.311375,276600,0.015000,0.000000,0.343375
2017-02-22 00:00:00+08:00,0.314797,0.321640,0.311375,0.318219,630400,0.000000,0.000000,0.350484
2017-02-23 00:00:00+08:00,0.314797,0.325062,0.314797,0.318219,325700,0.000000,0.000000,0.350748
2017-02-24 00:00:00+08:00,0.311375,0.321640,0.311375,0.321640,165000,0.000000,0.000000,0.354434
2017-02-27 00:00:00+08:00,0.321640,0.325062,0.318219,0.325062,471000,0.000000,0.000000,0.358121
2017-02-28 00:00:00+08:00,0.325062,0.325062,0.325062,0.325062,233200,0.000000,0.000000,0.358386
2017-03-01 00:00:00+08:00,0.321640,0.331905,0.321640,0.331905,724100,0.000000,0.000000,0.365493
2017-03-02 00:00:00+08:00,0.328484,0.331905,0.328484,0.331905,257800,0.000000,0.000000,0.365758
2017-03-03 00:00:00+08:00,0.335327,0.335327,0.331905,0.331905,194700,0.000000,0.000000,0.366023
2017-03-06 00:00:00+08:00,0.335327,0.366123,0.335327,0.362701,676000,0.000000,0.000000,0.397083
2017-03-07 00:00:00+08:00,0.359279,0.362701,0.355857,0.355857,85700,0.000000,0.000000,0.390504
2017-03-08 00:00:00+08:00,0.359279,0.369544,0.359279,0.369544,561100,0.000000,0.000000,0.404456
2017-03-09 00:00:00+08:00,0.369544,0.369544,0.359279,0.359279,95800,0.000000,0.000000,0.394455
2017-03-10 00:00:00+08:00,0.362701,0.366122,0.359279,0.359279,259000,0.000000,0.000000,0.394720
2017-03-13 00:00:00+08:00,0.359279,0.359279,0.349014,0.349014,294500,0.000000,0.000000,0.384720
2017-03-14 00:00:00+08:00,0.349014,0.359279,0.349014,0.349014,96100,0.000000,0.000000,0.384985
2017-03-15 00:00:00+08:00,0.352436,0.355857,0.352436,0.355857,45000,0.000000,0.000000,0.392092
2017-03-16 00:00:00+08:00,0.355857,0.355857,0.352436,0.355857,104200,0.000000,0.000000,0.392357
2017-03-17 00:00:00+08:00,0.359279,0.393496,0.359279,0.379809,774000,0.000000,0.000000,0.416574
2017-03-20 00:00:00+08:00,0.383231,0.386653,0.376388,0.383231,241700,0.000000,0.000000,0.420260
2017-03-21 00:00:00+08:00,0.383231,0.407183,0.383231,0.407183,1073900,0.000000,0.000000,0.444477
2017-03-22 00:00:00+08:00,0.400339,0.427713,0.396918,0.427713,946600,0.000000,0.000000,0.465272
2017-03-23 00:00:00+08:00,0.431135,0.444822,0.427713,0.431135,750000,0.000000,0.000000,0.468959
2017-03-24 00:00:00+08:00,0.437978,0.437978,0.410605,0.427713,283800,0.000000,0.000000,0.465801
2017-03-27 00:00:00+08:00,0.427713,0.427713,0.407183,0.414026,355700,0.000000,0.000000,0.452379
2017-03-28 00:00:00+08:00,0.410605,0.417448,0.410605,0.417448,120100,0.000000,0.000000,0.456066
2017-03-29 00:00:00+08:00,0.420870,0.420870,0.400340,0.400340,313100,0.000000,0.000000,0.439222
2017-03-30 00:00:00+08:00,0.403761,0.414026,0.403761,0.407183,945000,0.000000,0.000000,0.446330
2017-03-31 00:00:00+08:00,0.414026,0.417448,0.400339,0.407183,668200,0.000000,0.000000,0.446595
2017-04-03 00:00:00+08:00,0.407183,0.414026,0.407183,0.407183,438500,0.000000,0.000000,0.446859
2017-04-04 00:00:00+08:00,0.403761,0.414026,0.403761,0.414026,118400,0.000000,0.000000,0.453967
2017-04-05 00:00:00+08:00,0.410605,0.434557,0.410605,0.431135,1356400,0.000000,0.000000,0.471341
2017-04-06 00:00:00+08:00,0.427713,0.431135,0.410605,0.417448,474000,0.000000,0.000000,0.457919
2017-04-07 00:00:00+08:00,0.420870,0.420870,0.410605,0.414026,247000,0.000000,0.000000,0.454761
2017-04-10 00:00:00+08:00,0.414026,0.417448,0.414026,0.414026,217200,0.000000,0.000000,0.455026
2017-04-11 00:00:00+08:00,0.410605,0.410605,0.410605,0.410605,226300,0.000000,0.000000,0.451870
2017-04-12 00:00:00+08:00,0.414026,0.420870,0.414026,0.417448,272600,0.000000,0.000000,0.458977
2017-04-13 00:00:00+08:00,0.410605,0.414026,0.410605,0.410605,218500,0.000000,0.000000,0.452399
2017-04-17 00:00:00+08:00,0.407183,0.407183,0.400340,0.400340,562300,0.000000,0.000000,0.442399
2017-04-18 00:00:00+08:00,0.396918,0.403761,0.396918,0.403761,26100,0.000000,0.000000,0.446085
2017-04-19 00:00:00+08:00,0.393496,0.393496,0.372966,0.379809,255900,0.000000,0.000000,0.422397
2017-04-20 00:00:00+08:00,0.376388,0.396918,0.376388,0.396918,227500,0.000000,0.000000,0.439771
2017-04-21 00:00:00+08:00,0.400339,0.400339,0.390074,0.396918,157700,0.000000,0.000000,0.440036
2017-04-24 00:00:00+08:00,0.393496,0.396918,0.376388,0.376388,340900,0.000000,0.000000,0.419770
2017-04-25 00:00:00+08:00,0.379809,0.383231,0.379809,0.379809,83400,0.000000,0.000000,0.423456
2017-04-26 00:00:00+08:00,0.383231,0.390074,0.379809,0.379809,194500,0.000000,0.000000,0.423721
2017-04-27 00:00:00+08:00,0.390074,0.410605,0.390074,0.407183,596900,0.000000,0.000000,0.451359
2017-04-28 00:00:00+08:00,0.410605,0.427713,0.410605,0.420870,527400,0.000000,0.000000,0.465311
2017-05-02 00:00:00+08:00,0.417448,0.417448,0.410605,0.414026,148600,0.000000,0.000000,0.458732
2017-05-03 00:00:00+08:00,0.414026,0.414026,0.403761,0.407183,142000,0.000000,0.000000,0.452154
2017-05-04 00:00:00+08:00,0.407183,0.407183,0.393496,0.393496,204400,0.000000,0.000000,0.438731
2017-05-05 00:00:00+08:00,0.400339,0.403761,0.396918,0.396918,141000,0.000000,0.000000,0.442418
2017-05-08 00:00:00+08:00,0.396918,0.396918,0.396918,0.396918,18700,0.000000,0.000000,0.442683
2017-05-09 00:00:00+08:00,0.390074,0.390074,0.379809,0.386653,427100,0.000000,0.000000,0.432682
2017-05-11 00:00:00+08:00,0.383231,0.383231,0.376388,0.379809,350600,0.000000,0.000000,0.426103
2017-05-12 00:00:00+08:00,0.386653,0.386653,0.376388,0.376388,202700,0.000000,0.000000,0.422947
2017-05-15 00:00:00+08:00,0.379809,0.383231,0.376388,0.383231,263100,0.000000,0.000000,0.430055
2017-05-16 00:00:00+08:00,0.379809,0.383231,0.379809,0.383231,163400,0.000000,0.000000,0.430319
2017-05-17 00:00:00+08:00,0.379809,0.396918,0.379809,0.396918,76500,0.000000,0.000000,0.444271
2017-05-18 00:00:00+08:00,0.393496,0.407183,0.393496,0.393496,179300,0.000000,0.000000,0.441114
2017-05-19 00:00:00+08:00,0.393496,0.393496,0.379809,0.383231,529000,0.000000,0.000000,0.431113
2017-05-22 00:00:00+08:00,0.390074,0.393496,0.383231,0.386653,164600,0.000000,0.000000,0.434800
2017-05-23 00:00:00+08:00,0.386653,0.390074,0.386653,0.390074,110000,0.000000,0.000000,0.438486
2017-05-24 00:00:00+08:00,0.393496,0.400340,0.383231,0.386653,327500,0.000000,0.000000,0.435329
2017-05-25 00:00:00+08:00,0.393496,0.403761,0.390074,0.393496,83000,0.000000,0.000000,0.442437
2017-05-26 00:00:00+08:00,0.386653,0.400340,0.386653,0.393496,110400,0.000000,0.000000,0.442702
2017-05-29 00:00:00+08:00,0.396918,0.431135,0.396918,0.427713,1287300,0.000000,0.000000,0.477184
2017-05-30 00:00:00+08:00,0.431135,0.472195,0.431135,0.468774,5356100,0.000000,0.000000,0.518509
2017-05-31 00:00:00+08:00,0.468774,0.468774,0.448243,0.448243,628900,0.000000,0.000000,0.498243
2017-06-01 00:00:00+08:00,0.444822,0.458509,0.437978,0.458509,164000,0.000000,0.000000,0.508774
2017-06-02 00:00:00+08:00,0.458509,0.458509,0.444822,0.451665,463200,0.000000,0.000000,0.502194
2017-06-05 00:00:00+08:00,0.448243,0.451665,0.417448,0.437978,956900,0.000000,0.000000,0.488772
2017-06-06 00:00:00+08:00,0.431135,0.431135,0.424291,0.427713,505700,0.000000,0.000000,0.478772
2017-06-07 00:00:00+08:00,0.434557,0.458509,0.434557,0.458509,961900,0.000000,0.000000,0.509833
2017-06-08 00:00:00+08:00,0.451665,0.455087,0.441400,0.444822,257100,0.000000,0.000000,0.496410
2017-06-09 00:00:00+08:00,0.444822,0.448243,0.437978,0.444822,275300,0.000000,0.000000,0.496675
2017-06-12 00:00:00+08:00,0.437978,0.437978,0.410605,0.414026,1629100,0.000000,0.000000,0.466144
2017-06-13 00:00:00+08:00,0.414026,0.420870,0.414026,0.417448,132400,0.000000,0.000000,0.469830
2017-06-14 00:00:00+08:00,0.420870,0.420870,0.410605,0.414026,212100,0.000000,0.000000,0.466673
2017-06-15 00:00:00+08:00,0.407183,0.407183,0.400340,0.403761,35000,0.000000,0.000000,0.456673
2017-06-16 00:00:00+08:00,0.396918,0.407183,0.396918,0.396918,96800,0.000000,0.000000,0.450094
2017-06-19 00:00:00+08:00,0.407183,0.410605,0.403761,0.410605,215000,0.000000,0.000000,0.464046
2017-06-20 00:00:00+08:00,0.410605,0.431135,0.410605,0.417448,487100,0.000000,0.000000,0.471154
2017-06-21 00:00:00+08:00,0.424291,0.424291,0.410605,0.417448,69500,0.000000,0.000000,0.471419
2017-06-22 00:00:00+08:00,0.420870,0.420870,0.420870,0.420870,60700,0.000000,0.000000,0.475105
2017-06-23 00:00:00+08:00,0.420870,0.427713,0.417448,0.417448,170700,0.000000,0.000000,0.471948
2017-06-27 00:00:00+08:00,0.414026,0.414026,0.410605,0.410605,62000,0.000000,0.000000,0.465370
2017-06-28 00:00:00+08:00,0.400339,0.407183,0.396918,0.407183,162500,0.000000,0.000000,0.462212
2017-06-29 00:00:00+08:00,0.403761,0.407183,0.403761,0.403761,12400,0.000000,0.000000,0.459055
2017-06-30 00:00:00+08:00,0.400339,0.420870,0.400339,0.417448,223100,0.000000,0.000000,0.473007
2017-07-03 00:00:00+08:00,0.417448,0.431135,0.417448,0.424291,250800,0.000000,0.000000,0.480115
2017-07-04 00:00:00+08:00,0.427713,0.427713,0.407183,0.407183,190800,0.000000,0.000000,0.463271
2017-07-05 00:00:00+08:00,0.410605,0.424291,0.410605,0.424291,45500,0.000000,0.000000,0.480644
2017-07-06 00:00:00+08:00,0.410605,0.431135,0.410605,0.427713,249100,0.000000,0.000000,0.484331
2017-07-07 00:00:00+08:00,0.424291,0.427713,0.424291,0.427713,60200,0.000000,0.000000,0.484595
2017-07-10 00:00:00+08:00,0.424291,0.424291,0.410605,0.410605,24700,0.000000,0.000000,0.467752
2017-07-11 00:00:00+08:00,0.410605,0.410605,0.410605,0.410605,0,0.000000,0.000000,0.468017
2017-07-12 00:00:00+08:00,0.414026,0.417448,0.410605,0.414026,66000,0.000000,0.000000,0.471702
2017-07-13 00:00:00+08:00,0.414026,0.417448,0.414026,0.414026,140000,0.000000,0.000000,0.471967
2017-07-14 00:00:00+08:00,0.420870,0.420870,0.417448,0.417448,127600,0.000000,0.000000,0.475654
2017-07-17 00:00:00+08:00,0.417448,0.424291,0.417448,0.424291,56000,0.000000,0.000000,0.482762
2017-07-18 00:00:00+08:00,0.424291,0.431135,0.417448,0.420870,42100,0.000000,0.000000,0.479605
2017-07-19 00:00:00+08:00,0.420870,0.431135,0.420870,0.424291,117100,0.000000,0.000000,0.483291
2017-07-20 00:00:00+08:00,0.427713,0.427713,0.420870,0.420870,87800,0.000000,0.000000,0.480135
2017-07-21 00:00:00+08:00,0.420870,0.427713,0.420870,0.427713,35300,0.000000,0.000000,0.487242
2017-07-24 00:00:00+08:00,0.424291,0.424291,0.420870,0.424291,47600,0.000000,0.000000,0.484085
2017-07-25 00:00:00+08:00,0.417448,0.417448,0.414026,0.414026,69000,0.000000,0.000000,0.474085
2017-07-26 00:00:00+08:00,0.414026,0.414026,0.414026,0.414026,3800,0.000000,0.000000,0.474350
2017-07-27 00:00:00+08:00,0.417448,0.420870,0.414026,0.417448,163900,0.000000,0.000000,0.478036
2017-07-28 00:00:00+08:00,0.417448,0.417448,0.410605,0.417448,65300,0.000000,0.000000,0.478301
2017-07-31 00:00:00+08:00,0.420870,0.420870,0.417448,0.420870,92000,0.000000,0.000000,0.481988
2017-08-01 00:00:00+08:00,0.420870,0.424291,0.417448,0.417448,23800,0.000000,0.000000,0.478830
2017-08-02 00:00:00+08:00,0.427713,0.437978,0.427713,0.437978,430500,0.000000,0.000000,0.499625
2017-08-03 00:00:00+08:00,0.441400,0.451665,0.441400,0.451665,785300,0.000000,0.000000,0.513577
2017-08-04 00:00:00+08:00,0.451665,0.455087,0.437978,0.437978,238900,0.000000,0.000000,0.500154
2017-08-07 00:00:00+08:00,0.441400,0.441400,0.431135,0.434557,55700,0.000000,0.000000,0.496998
2017-08-08 00:00:00+08:00,0.431135,0.458509,0.427713,0.451665,632100,0.000000,0.000000,0.514371
2017-08-10 00:00:00+08:00,0.441400,0.455087,0.437978,0.437978,148200,0.000000,0.000000,0.500949
2017-08-11 00:00:00+08:00,0.434557,0.437978,0.434557,0.437978,120300,0.000000,0.000000,0.501213
2017-08-14 00:00:00+08:00,0.434557,0.434557,0.431135,0.431135,158300,0.000000,0.000000,0.494635
2017-08-15 00:00:00+08:00,0.427713,0.427713,0.424291,0.424291,29000,0.000000,0.000000,0.488056
2017-08-16 00:00:00+08:00,0.424291,0.424291,0.417448,0.417448,136700,0.000000,0.000000,0.481477
2017-08-17 00:00:00+08:00,0.420870,0.444822,0.420870,0.434557,253500,0.000000,0.000000,0.498851
2017-08-18 00:00:00+08:00,0.431135,0.461930,0.431135,0.455087,1119500,0.000000,0.000000,0.519646
2017-08-21 00:00:00+08:00,0.455087,0.455087,0.455087,0.455087,0,0.000000,0.000000,0.519911
2017-08-22 00:00:00+08:00,0.516677,0.526943,0.502991,0.506412,6284600,0.000000,0.000000,0.571500
2017-08-23 00:00:00+08:00,0.509834,0.513256,0.506412,0.513256,890000,0.000000,0.000000,0.578609
2017-08-24 00:00:00+08:00,0.516677,0.523521,0.516677,0.516677,1904900,0.000000,0.000000,0.582295
2017-08-25 00:00:00+08:00,0.516678,0.516678,0.513256,0.513256,547600,0.000000,0.000000,0.579138
2017-08-28 00:00:00+08:00,0.513256,0.513256,0.506412,0.513256,523200,0.000000,0.000000,0.579403
2017-08-29 00:00:00+08:00,0.513256,0.513256,0.509834,0.509834,255300,0.000000,0.000000,0.576246
2017-08-30 00:00:00+08:00,0.509834,0.509834,0.506412,0.506412,580000,0.000000,0.000000,0.573088
2017-08-31 00:00:00+08:00,0.509834,0.520099,0.509834,0.509834,1109500,0.000000,0.000000,0.576775
2017-09-04 00:00:00+08:00,0.506412,0.509834,0.502991,0.502991,706600,0.000000,0.000000,0.570197
2017-09-05 00:00:00+08:00,0.502991,0.509834,0.502991,0.509834,208000,0.000000,0.000000,0.577305
2017-09-06 00:00:00+08:00,0.509834,0.509834,0.509834,0.509834,132700,0.000000,0.000000,0.577569
2017-09-07 00:00:00+08:00,0.509834,0.513256,0.509834,0.513256,386000,0.000000,0.000000,0.581256
2017-09-08 00:00:00+08:00,0.509834,0.509834,0.506412,0.509834,61000,0.000000,0.000000,0.578099
2017-09-11 00:00:00+08:00,0.513256,0.513256,0.506412,0.513256,216000,0.000000,0.000000,0.581785
2017-09-12 00:00:00+08:00,0.509834,0.509834,0.506412,0.509834,150000,0.000000,0.000000,0.578628
2017-09-13 00:00:00+08:00,0.509834,0.537208,0.509834,0.537208,1818300,0.000000,0.000000,0.606267
2017-09-14 00:00:00+08:00,0.537208,0.544051,0.533786,0.540629,824100,0.000000,0.000000,0.609953
2017-09-15 00:00:00+08:00,0.540629,0.554316,0.537208,0.540629,1994600,0.000000,0.000000,0.610217
2017-09-18 00:00:00+08:00,0.547473,0.550895,0.544051,0.550895,906000,0.000000,0.000000,0.620748
2017-09-19 00:00:00+08:00,0.550895,0.550895,0.544051,0.544051,457000,0.000000,0.000000,0.614169
2017-09-20 00:00:00+08:00,0.547473,0.547473,0.547473,0.547473,189700,0.000000,0.000000,0.617855
2017-09-21 00:00:00+08:00,0.547473,0.547473,0.544051,0.544051,169000,0.000000,0.000000,0.614698
2017-09-22 00:00:00+08:00,0.544051,0.544051,0.540629,0.544051,214500,0.000000,0.000000,0.614963
2017-09-25 00:00:00+08:00,0.547473,0.547473,0.544051,0.544051,136100,0.000000,0.000000,0.615227
2017-09-26 00:00:00+08:00,0.540629,0.540629,0.540629,0.540629,210700,0.000000,0.000000,0.612070
2017-09-27 00:00:00+08:00,0.540629,0.544051,0.540629,0.544051,393400,0.000000,0.000000,0.615757
2017-09-28 00:00:00+08:00,0.544051,0.561160,0.544051,0.547473,749200,0.000000,0.000000,0.619444
2017-09-29 00:00:00+08:00,0.547473,0.550895,0.547473,0.547473,190200,0.000000,0.000000,0.619708
2017-10-02 00:00:00+08:00,0.547473,0.557738,0.547473,0.554316,530200,0.000000,0.000000,0.626816
2017-10-03 00:00:00+08:00,0.554316,0.564581,0.550895,0.550895,1248600,0.000000,0.000000,0.623660
2017-10-04 00:00:00+08:00,0.550895,0.561160,0.550895,0.557738,204300,0.000000,0.000000,0.630767
2017-10-05 00:00:00+08:00,0.561160,0.578268,0.561160,0.568003,1568500,0.000000,0.000000,0.641297
2017-10-06 00:00:00+08:00,0.568003,0.578268,0.568003,0.568003,846700,0.000000,0.000000,0.641562
2017-10-09 00:00:00+08:00,0.568003,0.574847,0.564581,0.574847,272800,0.000000,0.000000,0.648671
2017-10-10 00:00:00+08:00,0.571425,0.574846,0.571425,0.571425,215000,0.000000,0.000000,0.645513
2017-10-11 00:00:00+08:00,0.571425,0.578268,0.568003,0.571425,610000,0.000000,0.000000,0.645778
2017-10-12 00:00:00+08:00,0.574846,0.581690,0.571425,0.571425,614900,0.000000,0.000000,0.646043
2017-10-13 00:00:00+08:00,0.571425,0.574846,0.571425,0.571425,176400,0.000000,0.000000,0.646307
2017-10-16 00:00:00+08:00,0.571425,0.581690,0.571425,0.574847,592200,0.000000,0.000000,0.649994
2017-10-17 00:00:00+08:00,0.574847,0.578268,0.571425,0.574847,153400,0.000000,0.000000,0.650259
2017-10-19 00:00:00+08:00,0.574847,0.581690,0.571425,0.574847,358500,0.000000,0.000000,0.650523
2017-10-20 00:00:00+08:00,0.574846,0.585112,0.571425,0.581690,1166300,0.000000,0.000000,0.657631
2017-10-23 00:00:00+08:00,0.581690,0.595377,0.581690,0.591955,1843100,0.000000,0.000000,0.668161
2017-10-24 00:00:00+08:00,0.591955,0.598798,0.588533,0.588533,1103900,0.000000,0.000000,0.665004
2017-10-25 00:00:00+08:00,0.591955,0.591955,0.585112,0.588533,1108000,0.000000,0.000000,0.665268
2017-10-26 00:00:00+08:00,0.581312,0.581312,0.570480,0.574091,1026000,0.045000,0.000000,0.651091
2017-10-27 00:00:00+08:00,0.574091,0.577701,0.570480,0.574091,400100,0.000000,0.000000,0.652158
2017-10-30 00:00:00+08:00,0.574091,0.574091,0.537984,0.563259,1011600,0.000000,0.000000,0.642392
2017-10-31 00:00:00+08:00,0.563259,0.570480,0.559648,0.566869,400900,0.000000,0.000000,0.647069
2017-11-01 00:00:00+08:00,0.577701,0.588533,0.577701,0.584923,1090500,0.000000,0.000000,0.666190
2017-11-02 00:00:00+08:00,0.581312,0.584923,0.577701,0.581312,284700,0.000000,0.000000,0.663645
2017-11-03 00:00:00+08:00,0.581312,0.602976,0.581312,0.595755,839500,0.000000,0.000000,0.679155
2017-11-06 00:00:00+08:00,0.599365,0.624640,0.599365,0.621029,909800,0.000000,0.000000,0.705496
2017-11-07 00:00:00+08:00,0.621029,0.621029,0.610197,0.613808,318000,0.000000,0.000000,0.699341
2017-11-08 00:00:00+08:00,0.595755,0.606586,0.570480,0.570480,1717900,0.000000,0.000000,0.657080
2017-11-09 00:00:00+08:00,0.570480,0.574091,0.556038,0.556038,753900,0.000000,0.000000,0.643705
2017-11-10 00:00:00+08:00,0.556038,0.559648,0.552427,0.559648,707600,0.000000,0.000000,0.648381
2017-11-13 00:00:00+08:00,0.570480,0.595755,0.570480,0.581312,1811700,0.000000,0.000000,0.671112
2017-11-14 00:00:00+08:00,0.584923,0.584923,0.570480,0.570480,203700,0.000000,0.000000,0.661347
2017-11-15 00:00:00+08:00,0.613808,0.617418,0.595755,0.602976,2216100,0.000000,0.000000,0.694909
2017-11-16 00:00:00+08:00,0.602976,0.613808,0.602976,0.606586,938000,0.000000,0.000000,0.699586
2017-11-17 00:00:00+08:00,0.602976,0.606586,0.602976,0.606586,447000,0.000000,0.000000,0.700653
2017-11-20 00:00:00+08:00,0.602976,0.610197,0.592144,0.610197,980400,0.000000,0.000000,0.705330
2017-11-21 00:00:00+08:00,0.610197,0.610197,0.592144,0.592144,151600,0.000000,0.000000,0.688344
2017-11-22 00:00:00+08:00,0.592144,0.595755,0.588533,0.592144,121000,0.000000,0.000000,0.689411
2017-11-23 00:00:00+08:00,0.595755,0.595755,0.588533,0.592144,178700,0.000000,0.000000,0.690477
2017-11-24 00:00:00+08:00,0.599365,0.599365,0.592144,0.592144,271200,0.000000,0.000000,0.691544
2017-11-27 00:00:00+08:00,0.588533,0.592144,0.588533,0.588533,153800,0.000000,0.000000,0.689000
2017-11-28 00:00:00+08:00,0.588533,0.588533,0.574091,0.574091,157700,0.000000,0.000000,0.675624
2017-11-29 00:00:00+08:00,0.577701,0.588533,0.574091,0.588533,154900,0.000000,0.000000,0.691133
2017-11-30 00:00:00+08:00,0.588533,0.602976,0.588533,0.592144,385700,0.000000,0.000000,0.695811
2017-12-01 00:00:00+08:00,0.595755,0.599365,0.584923,0.595755,291000,0.000000,0.000000,0.700488
2017-12-04 00:00:00+08:00,0.595755,0.595755,0.584923,0.588533,373400,0.000000,0.000000,0.694333
2017-12-05 00:00:00+08:00,0.584923,0.584923,0.581312,0.581312,195500,0.000000,0.000000,0.688179
2017-12-06 00:00:00+08:00,0.577701,0.581312,0.570480,0.574091,527300,0.000000,0.000000,0.682024
2017-12-07 00:00:00+08:00,0.566870,0.566870,0.556038,0.559648,400400,0.000000,0.000000,0.668648
2017-12-08 00:00:00+08:00,0.530763,0.541595,0.512710,0.527153,1076100,0.000000,0.000000,0.637220
2017-12-11 00:00:00+08:00,0.530763,0.537984,0.530763,0.530763,121000,0.000000,0.000000,0.641896
2017-12-12 00:00:00+08:00,0.534374,0.545206,0.530763,0.530763,126500,0.000000,0.000000,0.642963
2017-12-13 00:00:00+08:00,0.527153,0.527153,0.527153,0.527153,50000,0.000000,0.000000,0.640420
2017-12-14 00:00:00+08:00,0.523542,0.530763,0.519931,0.523542,631200,0.000000,0.000000,0.637875
2017-12-15 00:00:00+08:00,0.527153,0.530763,0.527153,0.527153,404900,0.000000,0.000000,0.642553
2017-12-18 00:00:00+08:00,0.527153,0.527153,0.523542,0.523542,152600,0.000000,0.000000,0.640009
2017-12-19 00:00:00+08:00,0.530763,0.530763,0.523542,0.523542,146900,0.000000,0.000000,0.641075
2017-12-20 00:00:00+08:00,0.527153,0.527153,0.523542,0.523542,55100,0.000000,0.000000,0.642142
2017-12-21 00:00:00+08:00,0.519931,0.523542,0.519931,0.523542,23000,0.000000,0.000000,0.643209
2017-12-22 00:00:00+08:00,0.523542,0.523542,0.523542,0.523542,0,0.000000,0.000000,0.644275
2017-12-26 00:00:00+08:00,0.523542,0.523542,0.523542,0.523542,0,0.000000,0.000000,0.645342
2017-12-27 00:00:00+08:00,0.523542,0.534374,0.523542,0.534374,106300,0.000000,0.000000,0.657241
2017-12-28 00:00:00+08:00,0.530763,0.530763,0.519931,0.530763,265900,0.000000,0.000000,0.654696
2017-12-29 00:00:00+08:00,0.530763,0.530763,0.530763,0.530763,0,0.000000,0.000000,0.655763
2018-01-02 00:00:00+08:00,0.530763,0.537984,0.530763,0.537984,91700,0.000000,0.000000,0.664051
2018-01-03 00:00:00+08:00,0.534374,0.534374,0.530763,0.530763,183700,0.000000,0.000000,0.657896
2018-01-04 00:00:00+08:00,0.534374,0.534374,0.523542,0.527153,349300,0.000000,0.000000,0.655353
2018-01-05 00:00:00+08:00,0.523542,0.530763,0.523542,0.527153,137100,0.000000,0.000000,0.656420
2018-01-08 00:00:00+08:00,0.530763,0.530763,0.523542,0.523542,275700,0.000000,0.000000,0.653875
2018-01-09 00:00:00+08:00,0.523542,0.530763,0.519931,0.527153,224200,0.000000,0.000000,0.658553
2018-01-10 00:00:00+08:00,0.523542,0.530763,0.523542,0.530763,20600,0.000000,0.000000,0.663230
2018-01-11 00:00:00+08:00,0.527153,0.534374,0.523542,0.534374,123600,0.000000,0.000000,0.667907
2018-01-12 00:00:00+08:00,0.534374,0.534374,0.534374,0.534374,28500,0.000000,0.000000,0.668974
2018-01-15 00:00:00+08:00,0.534374,0.537984,0.534374,0.534374,140300,0.000000,0.000000,0.670041
2018-01-16 00:00:00+08:00,0.534374,0.534374,0.534374,0.534374,65500,0.000000,0.000000,0.671107
2018-01-17 00:00:00+08:00,0.537984,0.556038,0.537984,0.552427,627800,0.000000,0.000000,0.690227
2018-01-18 00:00:00+08:00,0.559648,0.570480,0.545206,0.556038,724900,0.000000,0.000000,0.694905
2018-01-19 00:00:00+08:00,0.556038,0.556038,0.556038,0.556038,64700,0.000000,0.000000,0.695971
2018-01-22 00:00:00+08:00,0.552427,0.559648,0.552427,0.559648,198600,0.000000,0.000000,0.700648
2018-01-23 00:00:00+08:00,0.563259,0.574091,0.559648,0.574091,1066900,0.000000,0.000000,0.716158
2018-01-24 00:00:00+08:00,0.577701,0.588533,0.570480,0.584923,2710700,0.000000,0.000000,0.728056
2018-01-25 00:00:00+08:00,0.584923,0.588533,0.577701,0.581312,387400,0.000000,0.000000,0.725512
2018-01-26 00:00:00+08:00,0.577701,0.577701,0.574091,0.574091,123000,0.000000,0.000000,0.719358
2018-01-29 00:00:00+08:00,0.577701,0.581312,0.570480,0.574091,344900,0.000000,0.000000,0.720424
2018-01-30 00:00:00+08:00,0.574091,0.574091,0.559648,0.563259,367700,0.000000,0.000000,0.710659
2018-01-31 00:00:00+08:00,0.563259,0.563259,0.556038,0.556038,291200,0.000000,0.000000,0.704505
2018-02-01 00:00:00+08:00,0.559648,0.577701,0.559648,0.574091,573000,0.000000,0.000000,0.723624
2018-02-02 00:00:00+08:00,0.566869,0.570480,0.563259,0.570480,103800,0.000000,0.000000,0.721080
2018-02-05 00:00:00+08:00,0.563259,0.570480,0.552427,0.566869,264300,0.000000,0.000000,0.718536
2018-02-06 00:00:00+08:00,0.537984,0.556038,0.537984,0.548816,780600,0.000000,0.000000,0.701549
2018-02-07 00:00:00+08:00,0.595755,0.602976,0.577701,0.581312,3550300,0.000000,0.000000,0.735112
2018-02-08 00:00:00+08:00,0.584923,0.588533,0.581312,0.581312,933200,0.000000,0.000000,0.736179
2018-02-09 00:00:00+08:00,0.577701,0.584923,0.574091,0.581312,1339400,0.000000,0.000000,0.737245
2018-02-12 00:00:00+08:00,0.553249,0.573294,0.553249,0.565276,696800,0.080000,0.000000,0.722276
2018-02-13 00:00:00+08:00,0.565276,0.565276,0.549240,0.553249,296100,0.000000,0.000000,0.710306
2018-02-14 00:00:00+08:00,0.553249,0.553249,0.541222,0.541222,118300,0.000000,0.000000,0.698336
2018-02-15 00:00:00+08:00,0.541222,0.545231,0.537213,0.545231,125300,0.000000,0.000000,0.702401
2018-02-19 00:00:00+08:00,0.549240,0.553249,0.545231,0.545231,342800,0.000000,0.000000,0.702458
2018-02-20 00:00:00+08:00,0.545231,0.549240,0.541222,0.541222,86500,0.000000,0.000000,0.698506
2018-02-21 00:00:00+08:00,0.541222,0.569285,0.541222,0.557258,950400,0.000000,0.000000,0.714599
2018-02-22 00:00:00+08:00,0.557258,0.561267,0.549240,0.553249,219700,0.000000,0.000000,0.710647
2018-02-23 00:00:00+08:00,0.561267,0.561267,0.549240,0.549240,257700,0.000000,0.000000,0.706695
2018-02-26 00:00:00+08:00,0.553249,0.553249,0.545231,0.545231,95500,0.000000,0.000000,0.702742
2018-02-27 00:00:00+08:00,0.549240,0.549240,0.541222,0.549240,262400,0.000000,0.000000,0.706808
2018-02-28 00:00:00+08:00,0.541222,0.545231,0.537213,0.537213,317600,0.000000,0.000000,0.694838
2018-03-01 00:00:00+08:00,0.537213,0.541222,0.529194,0.533203,104500,0.000000,0.000000,0.690885
2018-03-02 00:00:00+08:00,0.541222,0.541222,0.533203,0.541222,104000,0.000000,0.000000,0.698961
2018-03-05 00:00:00+08:00,0.533203,0.537212,0.509149,0.513158,210900,0.000000,0.000000,0.670953
2018-03-06 00:00:00+08:00,0.509149,0.529194,0.505140,0.521176,151800,0.000000,0.000000,0.679028
2018-03-07 00:00:00+08:00,0.513158,0.525185,0.513158,0.521176,24300,0.000000,0.000000,0.679085
2018-03-08 00:00:00+08:00,0.529194,0.537213,0.529194,0.537213,77000,0.000000,0.000000,0.695179
2018-03-09 00:00:00+08:00,0.541222,0.545231,0.541222,0.541222,127300,0.000000,0.000000,0.699245
2018-03-12 00:00:00+08:00,0.545231,0.557258,0.541222,0.553249,232000,0.000000,0.000000,0.711329
2018-03-13 00:00:00+08:00,0.553249,0.553249,0.541222,0.541222,37400,0.000000,0.000000,0.699358
2018-03-14 00:00:00+08:00,0.541222,0.545231,0.541222,0.545231,38500,0.000000,0.000000,0.703424
2018-03-15 00:00:00+08:00,0.537213,0.549240,0.537213,0.549240,87300,0.000000,0.000000,0.707490
2018-03-16 00:00:00+08:00,0.545231,0.545231,0.537213,0.545231,63200,0.000000,0.000000,0.703538
2018-03-19 00:00:00+08:00,0.541222,0.541222,0.533203,0.533203,88500,0.000000,0.000000,0.691567
2018-03-20 00:00:00+08:00,0.533203,0.533203,0.533203,0.533203,0,0.000000,0.000000,0.691623
2018-03-21 00:00:00+08:00,0.529194,0.533203,0.521176,0.525185,125400,0.000000,0.000000,0.683662
2018-03-22 00:00:00+08:00,0.525185,0.525185,0.525185,0.525185,0,0.000000,0.000000,0.683719
2018-03-23 00:00:00+08:00,0.517167,0.521176,0.501131,0.513158,365800,0.000000,0.000000,0.671749
2018-03-26 00:00:00+08:00,0.513158,0.521176,0.509149,0.521176,18600,0.000000,0.000000,0.679824
2018-03-27 00:00:00+08:00,0.521176,0.521176,0.521176,0.521176,0,0.000000,0.000000,0.679881
2018-03-28 00:00:00+08:00,0.517167,0.521176,0.505140,0.517167,73600,0.000000,0.000000,0.675928
2018-03-29 00:00:00+08:00,0.517167,0.517167,0.517167,0.517167,0,0.000000,0.000000,0.675985
2018-04-02 00:00:00+08:00,0.517167,0.517167,0.517167,0.517167,0,0.000000,0.000000,0.676042
2018-04-03 00:00:00+08:00,0.517167,0.517167,0.517167,0.517167,0,0.000000,0.000000,0.676099
2018-04-04 00:00:00+08:00,0.513158,0.513158,0.457032,0.481086,190900,0.000000,0.000000,0.640075
2018-04-05 00:00:00+08:00,0.497122,0.497122,0.485095,0.493113,87300,0.000000,0.000000,0.652158
2018-04-06 00:00:00+08:00,0.489104,0.497122,0.485095,0.497122,132900,0.000000,0.000000,0.656224
2018-04-09 00:00:00+08:00,0.481086,0.497122,0.481086,0.497122,118500,0.000000,0.000000,0.656281
2018-04-10 00:00:00+08:00,0.497122,0.509149,0.497122,0.505140,68400,0.000000,0.000000,0.664356
2018-04-11 00:00:00+08:00,0.505140,0.505140,0.493113,0.493113,62200,0.000000,0.000000,0.652386
2018-04-12 00:00:00+08:00,0.493113,0.497122,0.493113,0.497122,67000,0.000000,0.000000,0.656452
2018-04-13 00:00:00+08:00,0.501131,0.501131,0.501131,0.501131,20100,0.000000,0.000000,0.660517
2018-04-16 00:00:00+08:00,0.493113,0.501131,0.493113,0.501131,23500,0.000000,0.000000,0.660574
2018-04-17 00:00:00+08:00,0.501131,0.501131,0.493113,0.497122,83400,0.000000,0.000000,0.656622
2018-04-18 00:00:00+08:00,0.489104,0.489104,0.489104,0.489104,104600,0.000000,0.000000,0.648661
2018-04-19 00:00:00+08:00,0.493113,0.493113,0.489104,0.489104,55800,0.000000,0.000000,0.648718
2018-04-20 00:00:00+08:00,0.489104,0.489104,0.489104,0.489104,26200,0.000000,0.000000,0.648774
2018-04-23 00:00:00+08:00,0.485095,0.493113,0.485095,0.485095,43600,0.000000,0.000000,0.644822
2018-04-24 00:00:00+08:00,0.481086,0.481086,0.469059,0.477077,219600,0.000000,0.000000,0.636861
2018-04-25 00:00:00+08:00,0.473068,0.477077,0.469059,0.469059,109400,0.000000,0.000000,0.628900
2018-04-26 00:00:00+08:00,0.469059,0.477077,0.469059,0.477077,64800,0.000000,0.000000,0.636975
2018-04-27 00:00:00+08:00,0.481086,0.481086,0.469059,0.473068,15600,0.000000,0.000000,0.633023
2018-04-30 00:00:00+08:00,0.477077,0.481086,0.473068,0.473068,43800,0.000000,0.000000,0.633079
2018-05-02 00:00:00+08:00,0.473068,0.473068,0.465050,0.473068,83000,0.000000,0.000000,0.633136
2018-05-03 00:00:00+08:00,0.465050,0.473068,0.465050,0.473068,30000,0.000000,0.000000,0.633193
2018-05-04 00:00:00+08:00,0.473068,0.477077,0.473068,0.473068,26600,0.000000,0.000000,0.633250
2018-05-07 00:00:00+08:00,0.473068,0.473068,0.465050,0.465050,14800,0.000000,0.000000,0.625289
2018-05-08 00:00:00+08:00,0.469059,0.469059,0.469059,0.469059,2000,0.000000,0.000000,0.629354
2018-05-09 00:00:00+08:00,0.461041,0.465050,0.457032,0.465050,32000,0.000000,0.000000,0.625402
2018-05-10 00:00:00+08:00,0.465050,0.465050,0.465050,0.465050,30000,0.000000,0.000000,0.625459
2018-05-11 00:00:00+08:00,0.453022,0.461041,0.453022,0.461041,76100,0.000000,0.000000,0.621507
2018-05-14 00:00:00+08:00,0.461041,0.461041,0.457032,0.457032,40000,0.000000,0.000000,0.617555
2018-05-15 00:00:00+08:00,0.449013,0.473068,0.449013,0.473068,8400,0.000000,0.000000,0.633648
2018-05-16 00:00:00+08:00,0.473068,0.473068,0.473068,0.473068,0,0.000000,0.000000,0.633704
2018-05-17 00:00:00+08:00,0.473068,0.473068,0.473068,0.473068,0,0.000000,0.000000,0.633761
2018-05-18 00:00:00+08:00,0.473068,0.473068,0.473068,0.473068,0,0.000000,0.000000,0.633818
2018-05-21 00:00:00+08:00,0.473068,0.473068,0.473068,0.473068,0,0.000000,0.000000,0.633875
2018-05-22 00:00:00+08:00,0.469059,0.469059,0.453022,0.465050,138600,0.000000,0.000000,0.625914
2018-05-23 00:00:00+08:00,0.465050,0.465050,0.465050,0.465050,0,0.000000,0.000000,0.625970
2018-05-24 00:00:00+08:00,0.457032,0.457032,0.453023,0.453023,8400,0.000000,0.000000,0.614000
2018-05-25 00:00:00+08:00,0.457032,0.457032,0.453023,0.453023,22300,0.000000,0.000000,0.614057
2018-05-28 00:00:00+08:00,0.457032,0.457032,0.420950,0.449013,224100,0.000000,0.000000,0.610104
2018-05-30 00:00:00+08:00,0.449013,0.449013,0.449013,0.449013,0,0.000000,0.000000,0.610161
2018-05-31 00:00:00+08:00,0.424959,0.445004,0.424959,0.440995,3000,0.000000,0.000000,0.602200
2018-06-01 00:00:00+08:00,0.445004,0.445004,0.420950,0.432977,54200,0.000000,0.000000,0.594238
2018-06-04 00:00:00+08:00,0.440995,0.445004,0.416941,0.416941,78100,0.000000,0.000000,0.578259
2018-06-05 00:00:00+08:00,0.416941,0.424959,0.416941,0.424959,125000,0.000000,0.000000,0.586334
2018-06-06 00:00:00+08:00,0.420950,0.420950,0.420950,0.420950,87800,0.000000,0.000000,0.582382
2018-06-07 00:00:00+08:00,0.420950,0.420950,0.416941,0.420950,58900,0.000000,0.000000,0.582439
2018-06-08 00:00:00+08:00,0.416941,0.416941,0.408923,0.416941,84300,0.000000,0.000000,0.578486
2018-06-11 00:00:00+08:00,0.416941,0.416941,0.416941,0.416941,0,0.000000,0.000000,0.578543
2018-06-12 00:00:00+08:00,0.408923,0.412932,0.408923,0.408923,45900,0.000000,0.000000,0.570582
2018-06-13 00:00:00+08:00,0.408923,0.408923,0.408923,0.408923,47600,0.000000,0.000000,0.570639
2018-06-14 00:00:00+08:00,0.408923,0.412932,0.408923,0.412932,51900,0.000000,0.000000,0.574705
2018-06-18 00:00:00+08:00,0.396896,0.396896,0.392887,0.392887,2600,0.000000,0.000000,0.554717
2018-06-19 00:00:00+08:00,0.392887,0.392887,0.392887,0.392887,0,0.000000,0.000000,0.554773
2018-06-20 00:00:00+08:00,0.400905,0.400905,0.388878,0.388878,182200,0.000000,0.000000,0.550821
2018-06-21 00:00:00+08:00,0.384869,0.384869,0.376851,0.376851,19600,0.000000,0.000000,0.538851
2018-06-22 00:00:00+08:00,0.372842,0.376851,0.372842,0.376851,54100,0.000000,0.000000,0.538908
2018-06-25 00:00:00+08:00,0.376851,0.376851,0.376851,0.376851,17400,0.000000,0.000000,0.538965
2018-06-26 00:00:00+08:00,0.376851,0.380860,0.376851,0.380860,10900,0.000000,0.000000,0.543030
2018-06-27 00:00:00+08:00,0.372842,0.372842,0.364823,0.368832,40900,0.000000,0.000000,0.531059
2018-06-28 00:00:00+08:00,0.368832,0.368832,0.368832,0.368832,10000,0.000000,0.000000,0.531116
2018-06-29 00:00:00+08:00,0.368832,0.368832,0.368832,0.368832,0,0.000000,0.000000,0.531173
2018-07-02 00:00:00+08:00,0.380860,0.380860,0.380860,0.380860,200,0.000000,0.000000,0.543258
2018-07-03 00:00:00+08:00,0.380860,0.380860,0.380860,0.380860,0,0.000000,0.000000,0.543315
2018-07-04 00:00:00+08:00,0.380860,0.380860,0.380860,0.380860,0,0.000000,0.000000,0.543371
2018-07-05 00:00:00+08:00,0.364823,0.372842,0.364823,0.372842,16100,0.000000,0.000000,0.535410
2018-07-06 00:00:00+08:00,0.364823,0.364823,0.348787,0.352796,105600,0.000000,0.000000,0.515421
2018-07-09 00:00:00+08:00,0.352796,0.352796,0.352796,0.352796,0,0.000000,0.000000,0.515478
2018-07-10 00:00:00+08:00,0.352796,0.352796,0.352796,0.352796,0,0.000000,0.000000,0.515535
2018-07-11 00:00:00+08:00,0.352796,0.352796,0.352796,0.352796,0,0.000000,0.000000,0.515591
2018-07-12 00:00:00+08:00,0.352796,0.352796,0.352796,0.352796,0,0.000000,0.000000,0.515648
2018-07-13 00:00:00+08:00,0.376851,0.380860,0.376851,0.376851,25000,0.000000,0.000000,0.539760
2018-07-16 00:00:00+08:00,0.376851,0.376851,0.376851,0.376851,0,0.000000,0.000000,0.539817
2018-07-17 00:00:00+08:00,0.376851,0.376851,0.376851,0.376851,0,0.000000,0.000000,0.539874
2018-07-18 00:00:00+08:00,0.376851,0.376851,0.376851,0.376851,0,0.000000,0.000000,0.539931
2018-07-19 00:00:00+08:00,0.376851,0.376851,0.376851,0.376851,0,0.000000,0.000000,0.539987
2018-07-20 00:00:00+08:00,0.380860,0.380860,0.380860,0.380860,35000,0.000000,0.000000,0.544053
2018-07-23 00:00:00+08:00,0.380860,0.380860,0.380860,0.380860,0,0.000000,0.000000,0.544110
2018-07-24 00:00:00+08:00,0.380860,0.380860,0.380860,0.380860,21000,0.000000,0.000000,0.544167
2018-07-25 00:00:00+08:00,0.380860,0.384869,0.380860,0.380860,93000,0.000000,0.000000,0.544224
2018-07-26 00:00:00+08:00,0.384869,0.384869,0.380860,0.380860,108000,0.000000,0.000000,0.544280
2018-07-27 00:00:00+08:00,0.384869,0.384869,0.380860,0.380860,123900,0.000000,0.000000,0.544337
2018-07-30 00:00:00+08:00,0.380860,0.380860,0.380860,0.380860,0,0.000000,0.000000,0.544394
2018-07-31 00:00:00+08:00,0.372842,0.376851,0.372842,0.376851,20000,0.000000,0.000000,0.540442
2018-08-01 00:00:00+08:00,0.372842,0.376851,0.372842,0.376851,47000,0.000000,0.000000,0.540499
2018-08-02 00:00:00+08:00,0.376851,0.376851,0.376851,0.376851,0,0.000000,0.000000,0.540556
2018-08-03 00:00:00+08:00,0.376851,0.376851,0.376851,0.376851,0,0.000000,0.000000,0.540612
2018-08-06 00:00:00+08:00,0.376851,0.376851,0.376851,0.376851,0,0.000000,0.000000,0.540669
2018-08-07 00:00:00+08:00,0.376851,0.376851,0.376851,0.376851,0,0.000000,0.000000,0.540726
2018-08-08 00:00:00+08:00,0.368832,0.368832,0.360814,0.360814,83000,0.000000,0.000000,0.524746
2018-08-10 00:00:00+08:00,0.360814,0.360814,0.360814,0.360814,0,0.000000,0.000000,0.524803
2018-08-13 00:00:00+08:00,0.364823,0.364823,0.364823,0.364823,20000,0.000000,0.000000,0.528868
2018-08-14 00:00:00+08:00,0.364823,0.364823,0.364823,0.364823,77800,0.000000,0.000000,0.528925
2018-08-15 00:00:00+08:00,0.364823,0.364823,0.364823,0.364823,0,0.000000,0.000000,0.528982
2018-08-16 00:00:00+08:00,0.364823,0.364823,0.360814,0.360814,21200,0.000000,0.000000,0.525030
2018-08-17 00:00:00+08:00,0.360814,0.360814,0.360814,0.360814,0,0.000000,0.000000,0.525087
2018-08-20 00:00:00+08:00,0.360814,0.360814,0.360814,0.360814,0,0.000000,0.000000,0.525144
2018-08-21 00:00:00+08:00,0.388878,0.396896,0.376851,0.388878,206300,0.000000,0.000000,0.553264
2018-08-23 00:00:00+08:00,0.392887,0.400905,0.388878,0.392887,101500,0.000000,0.000000,0.557330
2018-08-24 00:00:00+08:00,0.392887,0.392887,0.392887,0.392887,600,0.000000,0.000000,0.557387
2018-08-27 00:00:00+08:00,0.408923,0.408923,0.400905,0.400905,65000,0.000000,0.000000,0.565462
2018-08-28 00:00:00+08:00,0.400905,0.400905,0.400905,0.400905,0,0.000000,0.000000,0.565519
2018-08-29 00:00:00+08:00,0.400905,0.400905,0.392887,0.396896,54800,0.000000,0.000000,0.561566
2018-08-30 00:00:00+08:00,0.396896,0.396896,0.392887,0.392887,45000,0.000000,0.000000,0.557614
2018-08-31 00:00:00+08:00,0.392887,0.392887,0.392887,0.392887,0,0.000000,0.000000,0.557671
2018-09-03 00:00:00+08:00,0.396896,0.396896,0.392887,0.392887,63300,0.000000,0.000000,0.557728
2018-09-04 00:00:00+08:00,0.392887,0.400905,0.392887,0.396896,171500,0.000000,0.000000,0.561794
2018-09-05 00:00:00+08:00,0.388878,0.388878,0.388878,0.388878,24000,0.000000,0.000000,0.553833
2018-09-06 00:00:00+08:00,0.388878,0.388878,0.388878,0.388878,0,0.000000,0.000000,0.553889
2018-09-07 00:00:00+08:00,0.388878,0.388878,0.388878,0.388878,31200,0.000000,0.000000,0.553946
2018-09-10 00:00:00+08:00,0.388878,0.388878,0.388878,0.388878,40000,0.000000,0.000000,0.554003
2018-09-11 00:00:00+08:00,0.384869,0.396896,0.384869,0.396896,10100,0.000000,0.000000,0.562078
2018-09-12 00:00:00+08:00,0.392887,0.392887,0.392887,0.392887,20000,0.000000,0.000000,0.558126
2018-09-13 00:00:00+08:00,0.392887,0.392887,0.392887,0.392887,0,0.000000,0.000000,0.558182
2018-09-14 00:00:00+08:00,0.388878,0.388878,0.384869,0.384869,55000,0.000000,0.000000,0.550221
2018-09-17 00:00:00+08:00,0.384869,0.384869,0.380860,0.380860,145000,0.000000,0.000000,0.546269
2018-09-18 00:00:00+08:00,0.380860,0.384869,0.380860,0.384869,7300,0.000000,0.000000,0.550335
2018-09-19 00:00:00+08:00,0.384869,0.384869,0.384869,0.384869,25200,0.000000,0.000000,0.550392
2018-09-20 00:00:00+08:00,0.388878,0.388878,0.380860,0.380860,600,0.000000,0.000000,0.546440
2018-09-21 00:00:00+08:00,0.388878,0.388878,0.384869,0.384869,73700,0.000000,0.000000,0.550505
2018-09-24 00:00:00+08:00,0.384869,0.384869,0.384869,0.384869,0,0.000000,0.000000,0.550562
2018-09-25 00:00:00+08:00,0.388878,0.388878,0.388878,0.388878,9000,0.000000,0.000000,0.554628
2018-09-26 00:00:00+08:00,0.384869,0.388878,0.384869,0.388878,11800,0.000000,0.000000,0.554685
2018-09-27 00:00:00+08:00,0.392887,0.392887,0.392887,0.392887,70000,0.000000,0.000000,0.558751
2018-09-28 00:00:00+08:00,0.388878,0.392887,0.388878,0.392887,108900,0.000000,0.000000,0.558807
2018-10-01 00:00:00+08:00,0.396896,0.396896,0.396896,0.396896,37000,0.000000,0.000000,0.562873
2018-10-02 00:00:00+08:00,0.392887,0.404914,0.392887,0.404914,132600,0.000000,0.000000,0.570948
2018-10-03 00:00:00+08:00,0.408923,0.408923,0.408923,0.408923,97100,0.000000,0.000000,0.575014
2018-10-04 00:00:00+08:00,0.408923,0.416941,0.408923,0.412932,417800,0.000000,0.000000,0.579080
2018-10-05 00:00:00+08:00,0.416941,0.420950,0.412932,0.416941,70000,0.000000,0.000000,0.583146
2018-10-08 00:00:00+08:00,0.416941,0.416941,0.416941,0.416941,0,0.000000,0.000000,0.583202
2018-10-09 00:00:00+08:00,0.416941,0.424959,0.408923,0.424959,26100,0.000000,0.000000,0.591277
2018-10-10 00:00:00+08:00,0.408923,0.416941,0.400905,0.404914,209600,0.000000,0.000000,0.571289
2018-10-11 00:00:00+08:00,0.404914,0.404914,0.392887,0.404914,12200,0.000000,0.000000,0.571346
2018-10-12 00:00:00+08:00,0.400905,0.412932,0.400905,0.412932,14500,0.000000,0.000000,0.579421
2018-10-15 00:00:00+08:00,0.416941,0.416941,0.396896,0.408923,40300,0.000000,0.000000,0.575468
2018-10-16 00:00:00+08:00,0.408923,0.424959,0.400905,0.412932,187900,0.000000,0.000000,0.579534
2018-10-17 00:00:00+08:00,0.420950,0.420950,0.400905,0.400905,59800,0.000000,0.000000,0.567564
2018-10-18 00:00:00+08:00,0.412932,0.412932,0.400905,0.400905,47300,0.000000,0.000000,0.567621
2018-10-19 00:00:00+08:00,0.412932,0.412932,0.408923,0.412932,7900,0.000000,0.000000,0.579705
2018-10-22 00:00:00+08:00,0.416941,0.416941,0.412932,0.412932,5100,0.000000,0.000000,0.579762
2018-10-23 00:00:00+08:00,0.400905,0.408923,0.400905,0.408923,18700,0.000000,0.000000,0.575809
2018-10-24 00:00:00+08:00,0.400905,0.404914,0.400905,0.400905,170300,0.000000,0.000000,0.567848
2018-10-25 00:00:00+08:00,0.384541,0.384541,0.376360,0.380451,68000,0.010000,0.000000,0.547451
2018-10-26 00:00:00+08:00,0.384541,0.384541,0.372269,0.372269,20000,0.000000,0.000000,0.539327
2018-10-29 00:00:00+08:00,0.372269,0.372269,0.372269,0.372269,0,0.000000,0.000000,0.539385
2018-10-30 00:00:00+08:00,0.372269,0.372269,0.372269,0.372269,0,0.000000,0.000000,0.539443
2018-10-31 00:00:00+08:00,0.372269,0.380451,0.372269,0.372269,15000,0.000000,0.000000,0.539502
2018-11-01 00:00:00+08:00,0.372269,0.372269,0.372269,0.372269,0,0.000000,0.000000,0.539560
2018-11-02 00:00:00+08:00,0.368178,0.376360,0.368178,0.376360,26500,0.000000,0.000000,0.543709
2018-11-05 00:00:00+08:00,0.376360,0.376360,0.376360,0.376360,0,0.000000,0.000000,0.543767
2018-11-07 00:00:00+08:00,0.355905,0.364087,0.355905,0.359996,21000,0.000000,0.000000,0.527461
2018-11-08 00:00:00+08:00,0.359996,0.359996,0.359996,0.359996,0,0.000000,0.000000,0.527519
2018-11-09 00:00:00+08:00,0.359996,0.359996,0.359996,0.359996,0,0.000000,0.000000,0.527577
2018-11-12 00:00:00+08:00,0.359996,0.359996,0.359996,0.359996,0,0.000000,0.000000,0.527636
2018-11-13 00:00:00+08:00,0.359996,0.359996,0.359996,0.359996,0,0.000000,0.000000,0.527694
2018-11-14 00:00:00+08:00,0.355905,0.359996,0.347724,0.347724,53000,0.000000,0.000000,0.515480
2018-11-15 00:00:00+08:00,0.355905,0.355905,0.343633,0.343633,5900,0.000000,0.000000,0.511447
2018-11-16 00:00:00+08:00,0.359996,0.376360,0.351814,0.351814,73200,0.000000,0.000000,0.519686
2018-11-19 00:00:00+08:00,0.351814,0.351814,0.351814,0.351814,0,0.000000,0.000000,0.519744
2018-11-20 00:00:00+08:00,0.351814,0.351814,0.351814,0.351814,0,0.000000,0.000000,0.519802
2018-11-21 00:00:00+08:00,0.351814,0.351814,0.351814,0.351814,0,0.000000,0.000000,0.519861
2018-11-22 00:00:00+08:00,0.351814,0.351814,0.351814,0.351814,0,0.000000,0.000000,0.519919
2018-11-23 00:00:00+08:00,0.351814,0.351814,0.351814,0.351814,0,0.000000,0.000000,0.519977
2018-11-26 00:00:00+08:00,0.351814,0.351814,0.351814,0.351814,0,0.000000,0.000000,0.520035
2018-11-27 00:00:00+08:00,0.351814,0.351814,0.351814,0.351814,0,0.000000,0.000000,0.520093
2018-11-28 00:00:00+08:00,0.351814,0.351814,0.351814,0.351814,0,0.000000,0.000000,0.520151
2018-11-29 00:00:00+08:00,0.351814,0.351814,0.351814,0.351814,0,0.000000,0.000000,0.520209
2018-11-30 00:00:00+08:00,0.351814,0.351814,0.351814,0.351814,0,0.000000,0.000000,0.520267
2018-12-03 00:00:00+08:00,0.364087,0.364087,0.364087,0.364087,700,0.000000,0.000000,0.532599
2018-12-04 00:00:00+08:00,0.359996,0.364087,0.343633,0.343633,5100,0.000000,0.000000,0.512203
2018-12-05 00:00:00+08:00,0.355905,0.368178,0.355905,0.364087,24400,0.000000,0.000000,0.532715
2018-12-06 00:00:00+08:00,0.368178,0.368178,0.368178,0.368178,100,0.000000,0.000000,0.536864
2018-12-07 00:00:00+08:00,0.368178,0.368178,0.368178,0.368178,0,0.000000,0.000000,0.536922
2018-12-10 00:00:00+08:00,0.368178,0.368178,0.368178,0.368178,0,0.000000,0.000000,0.536980
2018-12-11 00:00:00+08:00,0.368178,0.368178,0.368178,0.368178,0,0.000000,0.000000,0.537038
2018-12-12 00:00:00+08:00,0.359996,0.364087,0.343633,0.343633,30500,0.000000,0.000000,0.512552
2018-12-13 00:00:00+08:00,0.343633,0.343633,0.343633,0.343633,0,0.000000,0.000000,0.512610
2018-12-14 00:00:00+08:00,0.343633,0.343633,0.343633,0.343633,0,0.000000,0.000000,0.512668
2018-12-17 00:00:00+08:00,0.343633,0.343633,0.343633,0.343633,0,0.000000,0.000000,0.512726
2018-12-18 00:00:00+08:00,0.359996,0.359996,0.359996,0.359996,5000,0.000000,0.000000,0.529147
2018-12-19 00:00:00+08:00,0.343633,0.364087,0.343633,0.364087,5100,0.000000,0.000000,0.533296
2018-12-20 00:00:00+08:00,0.343633,0.359996,0.245452,0.359996,6100,0.000000,0.000000,0.529263
2018-12-21 00:00:00+08:00,0.359996,0.359996,0.359996,0.359996,0,0.000000,0.000000,0.529322
2018-12-24 00:00:00+08:00,0.359996,0.359996,0.359996,0.359996,100,0.000000,0.000000,0.529380
2018-12-26 00:00:00+08:00,0.359996,0.359996,0.359996,0.359996,0,0.000000,0.000000,0.529438
2018-12-27 00:00:00+08:00,0.327269,0.355905,0.327269,0.355905,20100,0.000000,0.000000,0.525405
2018-12-28 00:00:00+08:00,0.355905,0.355905,0.355905,0.355905,0,0.000000,0.000000,0.525463
2018-12-31 00:00:00+08:00,0.355905,0.355905,0.355905,0.355905,0,0.000000,0.000000,0.525521
2019-01-01 00:00:00+08:00,0.355905,0.355905,0.355905,0.355905,0,0.000000,0.000000,0.525579
2019-01-02 00:00:00+08:00,0.355905,0.355905,0.355905,0.355905,0,0.000000,0.000000,0.525638
2019-01-03 00:00:00+08:00,0.355905,0.355905,0.355905,0.355905,0,0.000000,0.000000,0.525696
2019-01-04 00:00:00+08:00,0.355905,0.355905,0.355905,0.355905,0,0.000000,0.000000,0.525754
2019-01-07 00:00:00+08:00,0.355905,0.355905,0.355905,0.355905,0,0.000000,0.000000,0.525812
2019-01-08 00:00:00+08:00,0.355905,0.355905,0.355905,0.355905,0,0.000000,0.000000,0.525870
2019-01-09 00:00:00+08:00,0.355905,0.355905,0.355905,0.355905,0,0.000000,0.000000,0.525928
2019-01-10 00:00:00+08:00,0.355905,0.355905,0.355905,0.355905,0,0.000000,0.000000,0.525986
2019-01-11 00:00:00+08:00,0.355905,0.355905,0.355905,0.355905,0,0.000000,0.000000,0.526045
2019-01-14 00:00:00+08:00,0.355905,0.355905,0.355905,0.355905,0,0.000000,0.000000,0.526103
2019-01-15 00:00:00+08:00,0.355905,0.355905,0.355905,0.355905,0,0.000000,0.000000,0.526161
2019-01-16 00:00:00+08:00,0.355905,0.355905,0.355905,0.355905,0,0.000000,0.000000,0.526219
2019-01-17 00:00:00+08:00,0.355905,0.355905,0.355905,0.355905,0,0.000000,0.000000,0.526277
2019-01-18 00:00:00+08:00,0.380451,0.380451,0.380451,0.380451,10200,0.000000,0.000000,0.550881
2019-01-21 00:00:00+08:00,0.380451,0.380451,0.380451,0.380451,0,0.000000,0.000000,0.550939
2019-01-22 00:00:00+08:00,0.380451,0.380451,0.380451,0.380451,0,0.000000,0.000000,0.550998
2019-01-23 00:00:00+08:00,0.380451,0.380451,0.380451,0.380451,0,0.000000,0.000000,0.551056
2019-01-24 00:00:00+08:00,0.376360,0.376360,0.368178,0.368178,16500,0.000000,0.000000,0.538841
2019-01-25 00:00:00+08:00,0.384541,0.384541,0.359996,0.359996,1000,0.000000,0.000000,0.530717
2019-01-28 00:00:00+08:00,0.359996,0.359996,0.359996,0.359996,0,0.000000,0.000000,0.530775
2019-01-29 00:00:00+08:00,0.359996,0.359996,0.359996,0.359996,0,0.000000,0.000000,0.530833
2019-01-30 00:00:00+08:00,0.380451,0.380451,0.380451,0.380451,100,0.000000,0.000000,0.551346
2019-01-31 00:00:00+08:00,0.359996,0.376360,0.359996,0.376360,6300,0.000000,0.000000,0.547313
2019-02-01 00:00:00+08:00,0.376360,0.380451,0.376360,0.380451,115900,0.000000,0.000000,0.551463
2019-02-04 00:00:00+08:00,0.384541,0.384541,0.384541,0.384541,100,0.000000,0.000000,0.555611
2019-02-05 00:00:00+08:00,0.384541,0.384541,0.384541,0.384541,0,0.000000,0.000000,0.555669
2019-02-07 00:00:00+08:00,0.359996,0.384541,0.359996,0.384541,1100,0.000000,0.000000,0.555727
2019-02-08 00:00:00+08:00,0.359996,0.376360,0.355905,0.359996,245500,0.000000,0.000000,0.531240
2019-02-11 00:00:00+08:00,0.368178,0.368178,0.359996,0.368178,185100,0.000000,0.000000,0.539480
2019-02-12 00:00:00+08:00,0.376360,0.376360,0.347724,0.355905,110000,0.000000,0.000000,0.527265
2019-02-13 00:00:00+08:00,0.347724,0.351814,0.343633,0.351814,79600,0.000000,0.000000,0.523233
2019-02-14 00:00:00+08:00,0.351814,0.351814,0.347724,0.347724,307500,0.000000,0.000000,0.519201
2019-02-15 00:00:00+08:00,0.343633,0.351814,0.343633,0.351814,59200,0.000000,0.000000,0.523349
2019-02-18 00:00:00+08:00,0.351814,0.351814,0.351814,0.351814,500,0.000000,0.000000,0.523407
2019-02-19 00:00:00+08:00,0.355905,0.355905,0.343633,0.343633,13000,0.000000,0.000000,0.515284
2019-02-20 00:00:00+08:00,0.351814,0.359996,0.351814,0.359996,36100,0.000000,0.000000,0.531705
2019-02-21 00:00:00+08:00,0.359996,0.364087,0.359996,0.359996,24000,0.000000,0.000000,0.531763
2019-02-22 00:00:00+08:00,0.359996,0.364087,0.359996,0.364087,22100,0.000000,0.000000,0.535913
2019-02-25 00:00:00+08:00,0.359996,0.359996,0.355905,0.355905,76600,0.000000,0.000000,0.527789
2019-02-26 00:00:00+08:00,0.355905,0.364087,0.347724,0.359996,294000,0.000000,0.000000,0.531938
2019-02-27 00:00:00+08:00,0.355858,0.364134,0.355858,0.355858,104400,0.005000,0.000000,0.527858
2019-02-28 00:00:00+08:00,0.364134,0.368272,0.351720,0.351720,23300,0.000000,0.000000,0.523780
2019-03-01 00:00:00+08:00,0.368272,0.368272,0.351720,0.351720,300,0.000000,0.000000,0.523839
2019-03-04 00:00:00+08:00,0.359996,0.359996,0.351720,0.359996,51500,0.000000,0.000000,0.532175
2019-03-05 00:00:00+08:00,0.355858,0.368272,0.355858,0.368272,12500,0.000000,0.000000,0.540510
2019-03-06 00:00:00+08:00,0.368272,0.368272,0.368272,0.368272,0,0.000000,0.000000,0.540570
2019-03-07 00:00:00+08:00,0.355858,0.355858,0.355858,0.355858,16400,0.000000,0.000000,0.528215
2019-03-08 00:00:00+08:00,0.355858,0.355858,0.355858,0.355858,16700,0.000000,0.000000,0.528275
2019-03-11 00:00:00+08:00,0.355858,0.355858,0.355858,0.355858,31000,0.000000,0.000000,0.528334
2019-03-12 00:00:00+08:00,0.368272,0.368272,0.368272,0.368272,100,0.000000,0.000000,0.540808
2019-03-13 00:00:00+08:00,0.372410,0.372410,0.355858,0.355858,19400,0.000000,0.000000,0.528453
2019-03-14 00:00:00+08:00,0.368272,0.368272,0.351720,0.368272,54000,0.000000,0.000000,0.540927
2019-03-15 00:00:00+08:00,0.351720,0.355858,0.347583,0.355858,21800,0.000000,0.000000,0.528572
2019-03-18 00:00:00+08:00,0.364134,0.364134,0.351720,0.351720,58100,0.000000,0.000000,0.524494
2019-03-19 00:00:00+08:00,0.347582,0.359996,0.347582,0.347582,47000,0.000000,0.000000,0.520415
2019-03-20 00:00:00+08:00,0.347583,0.364134,0.347583,0.355858,42100,0.000000,0.000000,0.528751
2019-03-21 00:00:00+08:00,0.364134,0.364134,0.351720,0.355858,75100,0.000000,0.000000,0.528810
2019-03-22 00:00:00+08:00,0.355858,0.355858,0.355858,0.355858,0,0.000000,0.000000,0.528870
2019-03-25 00:00:00+08:00,0.351720,0.351720,0.351720,0.351720,23000,0.000000,0.000000,0.524791
2019-03-26 00:00:00+08:00,0.347582,0.347582,0.347582,0.347582,20300,0.000000,0.000000,0.520713
2019-03-27 00:00:00+08:00,0.347582,0.347582,0.347582,0.347582,0,0.000000,0.000000,0.520772
2019-03-28 00:00:00+08:00,0.355858,0.355858,0.355858,0.355858,243600,0.000000,0.000000,0.529108
2019-03-29 00:00:00+08:00,0.355858,0.359996,0.355858,0.359996,86300,0.000000,0.000000,0.533306
2019-04-01 00:00:00+08:00,0.364134,0.364134,0.351720,0.351720,27200,0.000000,0.000000,0.525089
2019-04-02 00:00:00+08:00,0.364134,0.364134,0.351720,0.364134,101900,0.000000,0.000000,0.537563
2019-04-03 00:00:00+08:00,0.351720,0.364134,0.351720,0.351720,14100,0.000000,0.000000,0.525208
2019-04-04 00:00:00+08:00,0.351720,0.364134,0.351720,0.364134,146100,0.000000,0.000000,0.537682
2019-04-05 00:00:00+08:00,0.364134,0.364134,0.364134,0.364134,0,0.000000,0.000000,0.537741
2019-04-08 00:00:00+08:00,0.351720,0.359996,0.351720,0.359996,3700,0.000000,0.000000,0.533663
2019-04-09 00:00:00+08:00,0.351720,0.359996,0.351720,0.355858,66400,0.000000,0.000000,0.529584
2019-04-10 00:00:00+08:00,0.355858,0.355858,0.355858,0.355858,0,0.000000,0.000000,0.529644
2019-04-11 00:00:00+08:00,0.355858,0.355858,0.355858,0.355858,28000,0.000000,0.000000,0.529703
2019-04-12 00:00:00+08:00,0.355858,0.355858,0.355858,0.355858,69600,0.000000,0.000000,0.529763
2019-04-15 00:00:00+08:00,0.355858,0.355858,0.355858,0.355858,0,0.000000,0.000000,0.529822
2019-04-16 00:00:00+08:00,0.351720,0.359996,0.351720,0.355858,39800,0.000000,0.000000,0.529882
2019-04-17 00:00:00+08:00,0.359996,0.359996,0.355858,0.355858,21800,0.000000,0.000000,0.529941
2019-04-18 00:00:00+08:00,0.355858,0.355858,0.355858,0.355858,0,0.000000,0.000000,0.530001
2019-04-22 00:00:00+08:00,0.355858,0.355858,0.355858,0.355858,80300,0.000000,0.000000,0.530060
2019-04-23 00:00:00+08:00,0.355858,0.355858,0.351720,0.351720,12300,0.000000,0.000000,0.525982
2019-04-24 00:00:00+08:00,0.351720,0.351720,0.351720,0.351720,0,0.000000,0.000000,0.526041
2019-04-25 00:00:00+08:00,0.347583,0.355858,0.347583,0.355858,109800,0.000000,0.000000,0.530239
2019-04-26 00:00:00+08:00,0.347582,0.347582,0.347582,0.347582,25000,0.000000,0.000000,0.522022
2019-04-29 00:00:00+08:00,0.347582,0.347582,0.347582,0.347582,3000,0.000000,0.000000,0.522082
2019-04-30 00:00:00+08:00,0.343445,0.343445,0.343445,0.343445,20100,0.000000,0.000000,0.518005
2019-05-02 00:00:00+08:00,0.339307,0.339307,0.318617,0.331031,56500,0.000000,0.000000,0.505650
2019-05-03 00:00:00+08:00,0.310342,0.314479,0.297928,0.306204,85300,0.000000,0.000000,0.480883
2019-05-06 00:00:00+08:00,0.310342,0.318617,0.306204,0.306204,19600,0.000000,0.000000,0.480942
2019-05-07 00:00:00+08:00,0.306204,0.306204,0.306204,0.306204,0,0.000000,0.000000,0.481002
2019-05-08 00:00:00+08:00,0.306204,0.306204,0.306204,0.306204,0,0.000000,0.000000,0.481061
2019-05-09 00:00:00+08:00,0.322755,0.322755,0.314479,0.322755,15100,0.000000,0.000000,0.497672
2019-05-10 00:00:00+08:00,0.326893,0.326893,0.306204,0.322755,300,0.000000,0.000000,0.497731
2019-05-13 00:00:00+08:00,0.322755,0.322755,0.322755,0.322755,0,0.000000,0.000000,0.497791
2019-05-14 00:00:00+08:00,0.314479,0.331031,0.310342,0.310342,27500,0.000000,0.000000,0.485437
2019-05-15 00:00:00+08:00,0.326893,0.326893,0.326893,0.326893,100,0.000000,0.000000,0.502048
2019-05-16 00:00:00+08:00,0.326893,0.326893,0.326893,0.326893,0,0.000000,0.000000,0.502107
2019-05-17 00:00:00+08:00,0.326893,0.326893,0.326893,0.326893,0,0.000000,0.000000,0.502167
2019-05-21 00:00:00+08:00,0.326893,0.326893,0.326893,0.326893,0,0.000000,0.000000,0.502226
2019-05-22 00:00:00+08:00,0.326893,0.326893,0.326893,0.326893,0,0.000000,0.000000,0.502286
2019-05-23 00:00:00+08:00,0.306204,0.306204,0.306204,0.306204,4000,0.000000,0.000000,0.481656
2019-05-24 00:00:00+08:00,0.326893,0.326893,0.326893,0.326893,100,0.000000,0.000000,0.502405
2019-05-27 00:00:00+08:00,0.326893,0.326893,0.326893,0.326893,15900,0.000000,0.000000,0.502464
2019-05-28 00:00:00+08:00,0.351720,0.351720,0.351720,0.351720,100,0.000000,0.000000,0.527351
2019-05-29 00:00:00+08:00,0.351720,0.351720,0.351720,0.351720,0,0.000000,0.000000,0.527410
2019-05-30 00:00:00+08:00,0.351720,0.351720,0.351720,0.351720,0,0.000000,0.000000,0.527470
2019-05-31 00:00:00+08:00,0.351720,0.351720,0.351720,0.351720,0,0.000000,0.000000,0.527530
2019-06-03 00:00:00+08:00,0.351720,0.351720,0.351720,0.351720,0,0.000000,0.000000,0.527589
2019-06-04 00:00:00+08:00,0.351720,0.351720,0.351720,0.351720,0,0.000000,0.000000,0.527649
2019-06-06 00:00:00+08:00,0.331031,0.347583,0.331031,0.335169,6600,0.000000,0.000000,0.511157
2019-06-07 00:00:00+08:00,0.343445,0.343445,0.318617,0.318617,10100,0.000000,0.000000,0.494665
2019-06-10 00:00:00+08:00,0.318617,0.318617,0.318617,0.318617,0,0.000000,0.000000,0.494724
2019-06-11 00:00:00+08:00,0.351720,0.351720,0.351720,0.351720,100,0.000000,0.000000,0.527887
2019-06-12 00:00:00+08:00,0.351720,0.351720,0.351720,0.351720,0,0.000000,0.000000,0.527946
2019-06-13 00:00:00+08:00,0.351720,0.351720,0.351720,0.351720,0,0.000000,0.000000,0.528006
2019-06-14 00:00:00+08:00,0.351720,0.351720,0.351720,0.351720,3200,0.000000,0.000000,0.528065
2019-06-17 00:00:00+08:00,0.351720,0.351720,0.351720,0.351720,0,0.000000,0.000000,0.528125
2019-06-18 00:00:00+08:00,0.351720,0.351720,0.351720,0.351720,0,0.000000,0.000000,0.528184
2019-06-19 00:00:00+08:00,0.326893,0.343445,0.318617,0.343445,31500,0.000000,0.000000,0.519969
2019-06-20 00:00:00+08:00,0.322755,0.322755,0.318617,0.318617,17000,0.000000,0.000000,0.495200
2019-06-21 00:00:00+08:00,0.339307,0.339307,0.322755,0.335169,41000,0.000000,0.000000,0.511812
2019-06-24 00:00:00+08:00,0.335169,0.335169,0.335169,0.335169,0,0.000000,0.000000,0.511871
2019-06-25 00:00:00+08:00,0.335169,0.335169,0.335169,0.335169,0,0.000000,0.000000,0.511931
2019-06-26 00:00:00+08:00,0.335169,0.335169,0.335169,0.335169,0,0.000000,0.000000,0.511990
2019-06-27 00:00:00+08:00,0.335169,0.335169,0.335169,0.335169,0,0.000000,0.000000,0.512050
2019-06-28 00:00:00+08:00,0.335169,0.335169,0.335169,0.335169,0,0.000000,0.000000,0.512109
2019-07-01 00:00:00+08:00,0.335169,0.335169,0.335169,0.335169,0,0.000000,0.000000,0.512169
2019-07-02 00:00:00+08:00,0.335169,0.335169,0.335169,0.335169,0,0.000000,0.000000,0.512229
2019-07-03 00:00:00+08:00,0.335169,0.339307,0.335169,0.335169,82800,0.000000,0.000000,0.512288
2019-07-04 00:00:00+08:00,0.343445,0.347583,0.331031,0.335169,74500,0.000000,0.000000,0.512348
2019-07-05 00:00:00+08:00,0.347582,0.347582,0.347582,0.347582,100,0.000000,0.000000,0.524820
2019-07-08 00:00:00+08:00,0.326893,0.347582,0.326893,0.347582,3100,0.000000,0.000000,0.524880
2019-07-09 00:00:00+08:00,0.331031,0.331031,0.331031,0.331031,20000,0.000000,0.000000,0.508388
2019-07-10 00:00:00+08:00,0.326893,0.331031,0.326893,0.326893,30200,0.000000,0.000000,0.504310
2019-07-11 00:00:00+08:00,0.343445,0.343445,0.343445,0.343445,100,0.000000,0.000000,0.520921
2019-07-12 00:00:00+08:00,0.343445,0.343445,0.343445,0.343445,0,0.000000,0.000000,0.520981
2019-07-15 00:00:00+08:00,0.343445,0.343445,0.343445,0.343445,0,0.000000,0.000000,0.521040
2019-07-16 00:00:00+08:00,0.343445,0.343445,0.343445,0.343445,0,0.000000,0.000000,0.521100
2019-07-17 00:00:00+08:00,0.343445,0.343445,0.343445,0.343445,0,0.000000,0.000000,0.521159
2019-07-18 00:00:00+08:00,0.343445,0.343445,0.343445,0.343445,0,0.000000,0.000000,0.521219
2019-07-19 00:00:00+08:00,0.343445,0.343445,0.343445,0.343445,0,0.000000,0.000000,0.521278
2019-07-22 00:00:00+08:00,0.343445,0.343445,0.343445,0.343445,0,0.000000,0.000000,0.521338
2019-07-23 00:00:00+08:00,0.343445,0.343445,0.343445,0.343445,0,0.000000,0.000000,0.521397
2019-07-24 00:00:00+08:00,0.343445,0.343445,0.343445,0.343445,0,0.000000,0.000000,0.521457
2019-07-25 00:00:00+08:00,0.343445,0.343445,0.343445,0.343445,0,0.000000,0.000000,0.521516
2019-07-26 00:00:00+08:00,0.343445,0.343445,0.343445,0.343445,0,0.000000,0.000000,0.521576
2019-07-29 00:00:00+08:00,0.343445,0.343445,0.343445,0.343445,0,0.000000,0.000000,0.521635
2019-07-30 00:00:00+08:00,0.343445,0.343445,0.343445,0.343445,0,0.000000,0.000000,0.521695
2019-07-31 00:00:00+08:00,0.343445,0.343445,0.343445,0.343445,0,0.000000,0.000000,0.521755
2019-08-01 00:00:00+08:00,0.326893,0.339307,0.326893,0.339307,9000,0.000000,0.000000,0.517676
2019-08-02 00:00:00+08:00,0.339307,0.339307,0.339307,0.339307,0,0.000000,0.000000,0.517736
2019-08-05 00:00:00+08:00,0.339307,0.339307,0.339307,0.339307,0,0.000000,0.000000,0.517795
2019-08-06 00:00:00+08:00,0.339307,0.339307,0.339307,0.339307,0,0.000000,0.000000,0.517855
2019-08-07 00:00:00+08:00,0.339307,0.339307,0.339307,0.339307,0,0.000000,0.000000,0.517914
2019-08-08 00:00:00+08:00,0.339307,0.339307,0.339307,0.339307,0,0.000000,0.000000,0.517974
2019-08-13 00:00:00+08:00,0.339307,0.339307,0.339307,0.339307,0,0.000000,0.000000,0.518033
2019-08-14 00:00:00+08:00,0.339307,0.339307,0.339307,0.339307,0,0.000000,0.000000,0.518093
2019-08-15 00:00:00+08:00,0.326893,0.326893,0.322755,0.322755,1300,0.000000,0.000000,0.501600
2019-08-16 00:00:00+08:00,0.322755,0.322755,0.318617,0.318617,1300,0.000000,0.000000,0.497522
2019-08-19 00:00:00+08:00,0.318617,0.318617,0.318617,0.318617,0,0.000000,0.000000,0.497581
2019-08-20 00:00:00+08:00,0.318617,0.318617,0.318617,0.318617,0,0.000000,0.000000,0.497641
2019-08-21 00:00:00+08:00,0.318617,0.318617,0.318617,0.318617,56300,0.000000,0.000000,0.497700
2019-08-22 00:00:00+08:00,0.314479,0.314479,0.314479,0.314479,700,0.000000,0.000000,0.493622
2019-08-23 00:00:00+08:00,0.314479,0.314479,0.314479,0.314479,0,0.000000,0.000000,0.493681
2019-08-26 00:00:00+08:00,0.310342,0.310342,0.310342,0.310342,700,0.000000,0.000000,0.489604
2019-08-27 00:00:00+08:00,0.310342,0.331031,0.310342,0.331031,100000,0.000000,0.000000,0.510352
2019-08-28 00:00:00+08:00,0.318617,0.318617,0.306204,0.306204,25000,0.000000,0.000000,0.485585
2019-08-29 00:00:00+08:00,0.331031,0.343445,0.318617,0.322755,10800,0.000000,0.000000,0.502195
2019-08-30 00:00:00+08:00,0.322755,0.322755,0.322755,0.322755,0,0.000000,0.000000,0.502255
2019-09-02 00:00:00+08:00,0.322755,0.322755,0.322755,0.322755,400,0.000000,0.000000,0.502315
2019-09-03 00:00:00+08:00,0.322755,0.322755,0.322755,0.322755,0,0.000000,0.000000,0.502374
2019-09-04 00:00:00+08:00,0.322755,0.347583,0.302066,0.306204,17200,0.000000,0.000000,0.485883
2019-09-05 00:00:00+08:00,0.314479,0.314479,0.302066,0.306204,129900,0.000000,0.000000,0.485942
2019-09-06 00:00:00+08:00,0.310341,0.314479,0.302066,0.314479,2100,0.000000,0.000000,0.494277
2019-09-09 00:00:00+08:00,0.310342,0.314479,0.310342,0.310342,38100,0.000000,0.000000,0.490199
2019-09-10 00:00:00+08:00,0.314479,0.314479,0.302066,0.302066,36200,0.000000,0.000000,0.481983
2019-09-11 00:00:00+08:00,0.314479,0.314479,0.314479,0.314479,8800,0.000000,0.000000,0.494455
2019-09-12 00:00:00+08:00,0.310341,0.314479,0.302066,0.314479,25100,0.000000,0.000000,0.494515
2019-09-13 00:00:00+08:00,0.310341,0.314479,0.310341,0.314479,23000,0.000000,0.000000,0.494574
2019-09-16 00:00:00+08:00,0.314479,0.314479,0.314479,0.314479,0,0.000000,0.000000,0.494634
2019-09-17 00:00:00+08:00,0.314479,0.314479,0.314479,0.314479,25900,0.000000,0.000000,0.494693
2019-09-18 00:00:00+08:00,0.310341,0.314479,0.310341,0.314479,2100,0.000000,0.000000,0.494753
2019-09-19 00:00:00+08:00,0.314479,0.314479,0.314479,0.314479,100,0.000000,0.000000,0.494812
2019-09-20 00:00:00+08:00,0.314479,0.314479,0.314479,0.314479,0,0.000000,0.000000,0.494872
2019-09-23 00:00:00+08:00,0.314479,0.314479,0.314479,0.314479,0,0.000000,0.000000,0.494931
2019-09-24 00:00:00+08:00,0.314479,0.314479,0.314479,0.314479,400,0.000000,0.000000,0.494991
2019-09-25 00:00:00+08:00,0.318617,0.318617,0.318617,0.318617,100,0.000000,0.000000,0.499188
2019-09-26 00:00:00+08:00,0.318617,0.318617,0.318617,0.318617,0,0.000000,0.000000,0.499248
2019-09-27 00:00:00+08:00,0.318617,0.318617,0.318617,0.318617,0,0.000000,0.000000,0.499307
2019-09-30 00:00:00+08:00,0.306204,0.314479,0.306204,0.314479,17300,0.000000,0.000000,0.495229
2019-10-01 00:00:00+08:00,0.314479,0.314479,0.314479,0.314479,0,0.000000,0.000000,0.495289
2019-10-02 00:00:00+08:00,0.314479,0.331031,0.314479,0.331031,33400,0.000000,0.000000,0.511900
2019-10-03 00:00:00+08:00,0.339307,0.339307,0.331031,0.335169,104300,0.000000,0.000000,0.516098
2019-10-04 00:00:00+08:00,0.339307,0.339307,0.331031,0.335169,30700,0.000000,0.000000,0.516157
2019-10-07 00:00:00+08:00,0.347583,0.347583,0.331031,0.339307,3700,0.000000,0.000000,0.520355
2019-10-08 00:00:00+08:00,0.347583,0.347583,0.339307,0.339307,4100,0.000000,0.000000,0.520414
2019-10-09 00:00:00+08:00,0.347583,0.347583,0.331031,0.339307,15300,0.000000,0.000000,0.520474
2019-10-10 00:00:00+08:00,0.347583,0.347583,0.339307,0.339307,1700,0.000000,0.000000,0.520533
2019-10-11 00:00:00+08:00,0.343445,0.343445,0.331031,0.335169,66100,0.000000,0.000000,0.516455
2019-10-14 00:00:00+08:00,0.343445,0.347583,0.339307,0.343445,23700,0.000000,0.000000,0.524790
2019-10-15 00:00:00+08:00,0.347583,0.347583,0.343445,0.343445,5000,0.000000,0.000000,0.524850
2019-10-16 00:00:00+08:00,0.347582,0.347582,0.331031,0.331031,44300,0.000000,0.000000,0.512495
2019-10-17 00:00:00+08:00,0.339307,0.343445,0.339307,0.343445,5200,0.000000,0.000000,0.524969
2019-10-18 00:00:00+08:00,0.343445,0.347582,0.339307,0.347582,141700,0.000000,0.000000,0.529165
2019-10-21 00:00:00+08:00,0.351720,0.351720,0.351720,0.351720,100,0.000000,0.000000,0.533363
2019-10-22 00:00:00+08:00,0.351720,0.351720,0.351720,0.351720,0,0.000000,0.000000,0.533422
2019-10-23 00:00:00+08:00,0.339307,0.339307,0.331031,0.339307,15700,0.000000,0.000000,0.521069
2019-10-24 00:00:00+08:00,0.347583,0.351720,0.347583,0.351720,26000,0.000000,0.000000,0.533541
2019-10-25 00:00:00+08:00,0.351720,0.355858,0.343445,0.355858,20300,0.000000,0.000000,0.537739
2019-10-29 00:00:00+08:00,0.351720,0.351720,0.339307,0.347582,100200,0.000000,0.000000,0.529522
2019-10-30 00:00:00+08:00,0.360299,0.360299,0.339105,0.339105,21100,0.010000,0.000000,0.521105
2019-10-31 00:00:00+08:00,0.334866,0.334866,0.334866,0.334866,300,0.000000,0.000000,0.516885
2019-11-01 00:00:00+08:00,0.330627,0.330627,0.330627,0.330627,3700,0.000000,0.000000,0.512666
2019-11-04 00:00:00+08:00,0.343344,0.343344,0.317911,0.317911,6700,0.000000,0.000000,0.499969
2019-11-05 00:00:00+08:00,0.326388,0.334866,0.317911,0.317911,61700,0.000000,0.000000,0.499989
2019-11-06 00:00:00+08:00,0.343344,0.343344,0.317911,0.317911,22500,0.000000,0.000000,0.500008
2019-11-07 00:00:00+08:00,0.330627,0.334866,0.330627,0.334866,4500,0.000000,0.000000,0.516983
2019-11-08 00:00:00+08:00,0.326388,0.330627,0.317911,0.330627,7400,0.000000,0.000000,0.512763
2019-11-11 00:00:00+08:00,0.322150,0.330627,0.322150,0.330627,23100,0.000000,0.000000,0.512783
2019-11-12 00:00:00+08:00,0.330627,0.330627,0.330627,0.330627,0,0.000000,0.000000,0.512802
2019-11-13 00:00:00+08:00,0.334866,0.334866,0.334866,0.334866,100,0.000000,0.000000,0.517061
2019-11-14 00:00:00+08:00,0.334866,0.347583,0.322150,0.322150,27000,0.000000,0.000000,0.504364
2019-11-15 00:00:00+08:00,0.322150,0.334866,0.322150,0.334866,13200,0.000000,0.000000,0.517099
2019-11-18 00:00:00+08:00,0.326388,0.330627,0.322150,0.330627,56900,0.000000,0.000000,0.512880
2019-11-19 00:00:00+08:00,0.322150,0.330627,0.322150,0.330627,10100,0.000000,0.000000,0.512899
2019-11-20 00:00:00+08:00,0.330627,0.330627,0.330627,0.330627,0,0.000000,0.000000,0.512919
2019-11-21 00:00:00+08:00,0.330627,0.330627,0.330627,0.330627,0,0.000000,0.000000,0.512938
2019-11-22 00:00:00+08:00,0.322150,0.330627,0.322150,0.330627,18900,0.000000,0.000000,0.512958
2019-11-25 00:00:00+08:00,0.334866,0.334866,0.322150,0.322150,1000,0.000000,0.000000,0.504500
2019-11-26 00:00:00+08:00,0.322150,0.334866,0.322150,0.330627,35600,0.000000,0.000000,0.512997
2019-11-27 00:00:00+08:00,0.330627,0.330627,0.330627,0.330627,9500,0.000000,0.000000,0.513016
2019-11-28 00:00:00+08:00,0.330627,0.334866,0.330627,0.330627,11400,0.000000,0.000000,0.513036
2019-11-29 00:00:00+08:00,0.334866,0.334866,0.334866,0.334866,100,0.000000,0.000000,0.517294
2019-12-02 00:00:00+08:00,0.330627,0.334866,0.330627,0.334866,10300,0.000000,0.000000,0.517313
2019-12-03 00:00:00+08:00,0.339105,0.347583,0.330627,0.330627,173900,0.000000,0.000000,0.513094
2019-12-04 00:00:00+08:00,0.343344,0.347583,0.334866,0.334866,85100,0.000000,0.000000,0.517352
2019-12-05 00:00:00+08:00,0.339105,0.339105,0.334866,0.339105,435000,0.000000,0.000000,0.521611
2019-12-06 00:00:00+08:00,0.347583,0.356060,0.334866,0.334866,67100,0.000000,0.000000,0.517391
2019-12-09 00:00:00+08:00,0.347583,0.347583,0.339105,0.339105,200,0.000000,0.000000,0.521650
2019-12-10 00:00:00+08:00,0.334866,0.351821,0.334866,0.351821,30800,0.000000,0.000000,0.534385
2019-12-11 00:00:00+08:00,0.347583,0.356060,0.347583,0.356060,68200,0.000000,0.000000,0.538644
2019-12-12 00:00:00+08:00,0.351821,0.368777,0.351821,0.360299,12300,0.000000,0.000000,0.542902
2019-12-13 00:00:00+08:00,0.360299,0.364538,0.313672,0.339105,354800,0.000000,0.000000,0.521728
2019-12-16 00:00:00+08:00,0.347583,0.351821,0.347583,0.347583,19700,0.000000,0.000000,0.530225
2019-12-17 00:00:00+08:00,0.351821,0.351821,0.343344,0.343344,13400,0.000000,0.000000,0.526005
2019-12-18 00:00:00+08:00,0.351821,0.351821,0.334866,0.334866,27800,0.000000,0.000000,0.517547
2019-12-19 00:00:00+08:00,0.347583,0.347583,0.330627,0.334866,63900,0.000000,0.000000,0.517566
2019-12-20 00:00:00+08:00,0.339105,0.347583,0.330627,0.330627,79200,0.000000,0.000000,0.513347
2019-12-23 00:00:00+08:00,0.330627,0.330627,0.330627,0.330627,0,0.000000,0.000000,0.513366
2019-12-24 00:00:00+08:00,0.330627,0.330627,0.330627,0.330627,0,0.000000,0.000000,0.513386
2019-12-25 00:00:00+08:00,0.330627,0.330627,0.330627,0.330627,0,0.000000,0.000000,0.513405
2019-12-26 00:00:00+08:00,0.347583,0.347583,0.334866,0.347583,12200,0.000000,0.000000,0.530381
2019-12-27 00:00:00+08:00,0.334866,0.339105,0.334866,0.339105,1000,0.000000,0.000000,0.521922
2019-12-30 00:00:00+08:00,0.330627,0.347583,0.330627,0.347583,18900,0.000000,0.000000,0.530420
2019-12-31 00:00:00+08:00,0.343344,0.347583,0.343344,0.347583,13200,0.000000,0.000000,0.530439
2020-01-02 00:00:00+08:00,0.347583,0.373015,0.347583,0.360299,84500,0.000000,0.000000,0.543174
2020-01-03 00:00:00+08:00,0.360299,0.360299,0.360299,0.360299,0,0.000000,0.000000,0.543194
2020-01-06 00:00:00+08:00,0.343344,0.347583,0.330627,0.330627,56600,0.000000,0.000000,0.513541
2020-01-07 00:00:00+08:00,0.339105,0.347583,0.334866,0.347583,2800,0.000000,0.000000,0.530517
2020-01-08 00:00:00+08:00,0.347583,0.347583,0.347583,0.347583,0,0.000000,0.000000,0.530536
2020-01-09 00:00:00+08:00,0.347583,0.347583,0.347583,0.347583,0,0.000000,0.000000,0.530556
2020-01-10 00:00:00+08:00,0.347583,0.347583,0.347583,0.347583,0,0.000000,0.000000,0.530575
2020-01-13 00:00:00+08:00,0.347583,0.347583,0.347583,0.347583,0,0.000000,0.000000,0.530595
2020-01-14 00:00:00+08:00,0.347583,0.347583,0.334866,0.347583,20700,0.000000,0.000000,0.530614
2020-01-15 00:00:00+08:00,0.334866,0.360299,0.334866,0.360299,83500,0.000000,0.000000,0.543350
2020-01-16 00:00:00+08:00,0.356060,0.356060,0.313672,0.339105,413100,0.000000,0.000000,0.522175
2020-01-17 00:00:00+08:00,0.334866,0.347583,0.326388,0.334866,639800,0.000000,0.000000,0.517955
2020-01-20 00:00:00+08:00,0.334866,0.334866,0.334866,0.334866,0,0.000000,0.000000,0.517975
2020-01-21 00:00:00+08:00,0.330627,0.339105,0.326388,0.326388,106500,0.000000,0.000000,0.509516
2020-01-22 00:00:00+08:00,0.326388,0.326388,0.326388,0.326388,0,0.000000,0.000000,0.509536
2020-01-23 00:00:00+08:00,0.326388,0.330627,0.322150,0.330627,48800,0.000000,0.000000,0.513794
2020-01-24 00:00:00+08:00,0.330627,0.330627,0.330627,0.330627,0,0.000000,0.000000,0.513814
2020-01-28 00:00:00+08:00,0.322150,0.322150,0.313672,0.322150,27200,0.000000,0.000000,0.505356
2020-01-29 00:00:00+08:00,0.313672,0.313672,0.309433,0.309433,16600,0.000000,0.000000,0.492659
2020-01-30 00:00:00+08:00,0.326388,0.330627,0.326388,0.330627,600,0.000000,0.000000,0.513872
2020-01-31 00:00:00+08:00,0.330627,0.330627,0.330627,0.330627,0,0.000000,0.000000,0.513892
2020-02-03 00:00:00+08:00,0.330627,0.330627,0.330627,0.330627,0,0.000000,0.000000,0.513911
2020-02-04 00:00:00+08:00,0.330627,0.330627,0.330627,0.330627,0,0.000000,0.000000,0.513931
2020-02-05 00:00:00+08:00,0.330627,0.330627,0.330627,0.330627,0,0.000000,0.000000,0.513950
2020-02-06 00:00:00+08:00,0.317911,0.322150,0.317911,0.322150,15000,0.000000,0.000000,0.505492
2020-02-07 00:00:00+08:00,0.313672,0.330627,0.305194,0.313672,86300,0.000000,0.000000,0.497034
2020-02-10 00:00:00+08:00,0.317911,0.317911,0.317911,0.317911,2700,0.000000,0.000000,0.501292
2020-02-11 00:00:00+08:00,0.322150,0.326388,0.322150,0.326388,2900,0.000000,0.000000,0.509789
2020-02-12 00:00:00+08:00,0.326388,0.326388,0.326388,0.326388,0,0.000000,0.000000,0.509808
2020-02-13 00:00:00+08:00,0.326388,0.326388,0.326388,0.326388,0,0.000000,0.000000,0.509828
2020-02-14 00:00:00+08:00,0.313672,0.317911,0.300956,0.300956,21700,0.000000,0.000000,0.484415
2020-02-17 00:00:00+08:00,0.317911,0.317911,0.313672,0.317911,6600,0.000000,0.000000,0.501390
2020-02-18 00:00:00+08:00,0.317911,0.317911,0.317911,0.317911,0,0.000000,0.000000,0.501409
2020-02-19 00:00:00+08:00,0.313672,0.317911,0.313672,0.317911,4600,0.000000,0.000000,0.501429
2020-02-20 00:00:00+08:00,0.317911,0.317911,0.313672,0.313672,52400,0.000000,0.000000,0.497209
2020-02-21 00:00:00+08:00,0.309433,0.309433,0.300956,0.300956,6700,0.000000,0.000000,0.484512
2020-02-24 00:00:00+08:00,0.309433,0.309433,0.309433,0.309433,100,0.000000,0.000000,0.493009
2020-02-25 00:00:00+08:00,0.309433,0.309433,0.309433,0.309433,0,0.000000,0.000000,0.493028
2020-02-26 00:00:00+08:00,0.300956,0.309433,0.300956,0.309433,500,0.000000,0.000000,0.493048
2020-02-27 00:00:00+08:00,0.309433,0.309433,0.309433,0.309433,0,0.000000,0.000000,0.493067
2020-02-28 00:00:00+08:00,0.300956,0.300956,0.296717,0.296717,9200,0.000000,0.000000,0.480371
2020-03-02 00:00:00+08:00,0.309433,0.309433,0.296717,0.296717,900,0.000000,0.000000,0.480390
2020-03-03 00:00:00+08:00,0.305194,0.305194,0.288239,0.288239,38000,0.000000,0.000000,0.471932
2020-03-04 00:00:00+08:00,0.288239,0.288239,0.288239,0.288239,0,0.000000,0.000000,0.471951
2020-03-05 00:00:00+08:00,0.288239,0.288239,0.288239,0.288239,0,0.000000,0.000000,0.471971
2020-03-06 00:00:00+08:00,0.288239,0.288239,0.288239,0.288239,0,0.000000,0.000000,0.471990
2020-03-09 00:00:00+08:00,0.284000,0.284000,0.254329,0.254329,51900,0.000000,0.000000,0.438099
2020-03-10 00:00:00+08:00,0.275523,0.275523,0.237373,0.254329,30700,0.000000,0.000000,0.438119
2020-03-11 00:00:00+08:00,0.271284,0.271284,0.271284,0.271284,100,0.000000,0.000000,0.455093
2020-03-12 00:00:00+08:00,0.245851,0.271284,0.245851,0.245851,28700,0.000000,0.000000,0.429680
2020-03-13 00:00:00+08:00,0.241612,0.241612,0.228896,0.228896,24800,0.000000,0.000000,0.412744
2020-03-16 00:00:00+08:00,0.250090,0.250090,0.228896,0.245851,77200,0.000000,0.000000,0.429719
2020-03-17 00:00:00+08:00,0.224657,0.237373,0.216179,0.216179,45500,0.000000,0.000000,0.400066
2020-03-18 00:00:00+08:00,0.216179,0.216179,0.216179,0.216179,0,0.000000,0.000000,0.400086
2020-03-19 00:00:00+08:00,0.211941,0.237373,0.203463,0.233135,71100,0.000000,0.000000,0.417061
2020-03-20 00:00:00+08:00,0.233135,0.237373,0.211941,0.224657,299800,0.000000,0.000000,0.408603
2020-03-23 00:00:00+08:00,0.207702,0.220418,0.207702,0.220418,124900,0.000000,0.000000,0.404383
2020-03-24 00:00:00+08:00,0.216179,0.233135,0.216179,0.228896,82300,0.000000,0.000000,0.412880
2020-03-25 00:00:00+08:00,0.228896,0.228896,0.220418,0.220418,108700,0.000000,0.000000,0.404422
2020-03-26 00:00:00+08:00,0.220418,0.220418,0.220418,0.220418,0,0.000000,0.000000,0.404441
2020-03-27 00:00:00+08:00,0.220418,0.220418,0.220418,0.220418,0,0.000000,0.000000,0.404461
2020-03-30 00:00:00+08:00,0.220418,0.220418,0.220418,0.220418,0,0.000000,0.000000,0.404480
2020-03-31 00:00:00+08:00,0.220418,0.224657,0.220418,0.224657,50000,0.000000,0.000000,0.408739
2020-04-01 00:00:00+08:00,0.224657,0.224657,0.224657,0.224657,0,0.000000,0.000000,0.408758
2020-04-02 00:00:00+08:00,0.228896,0.233135,0.220418,0.220418,308800,0.000000,0.000000,0.404539
2020-04-03 00:00:00+08:00,0.224657,0.224657,0.224657,0.224657,9000,0.000000,0.000000,0.408797
2020-04-06 00:00:00+08:00,0.224657,0.224657,0.224657,0.224657,0,0.000000,0.000000,0.408817
2020-04-07 00:00:00+08:00,0.237373,0.241612,0.233135,0.241612,80500,0.000000,0.000000,0.425791
2020-04-08 00:00:00+08:00,0.237373,0.237373,0.237373,0.237373,15000,0.000000,0.000000,0.421571
2020-04-09 00:00:00+08:00,0.245851,0.245851,0.245851,0.245851,48600,0.000000,0.000000,0.430069
2020-04-13 00:00:00+08:00,0.245851,0.250090,0.245851,0.250090,54900,0.000000,0.000000,0.434327
2020-04-14 00:00:00+08:00,0.250090,0.250090,0.250090,0.250090,0,0.000000,0.000000,0.434347
2020-04-15 00:00:00+08:00,0.250090,0.250090,0.250090,0.250090,0,0.000000,0.000000,0.434366
2020-04-16 00:00:00+08:00,0.250090,0.250090,0.250090,0.250090,0,0.000000,0.000000,0.434386
2020-04-17 00:00:00+08:00,0.250090,0.250090,0.250090,0.250090,0,0.000000,0.000000,0.434405
2020-04-20 00:00:00+08:00,0.250090,0.250090,0.250090,0.250090,0,0.000000,0.000000,0.434425
2020-04-21 00:00:00+08:00,0.250090,0.250090,0.250090,0.250090,0,0.000000,0.000000,0.434444
2020-04-22 00:00:00+08:00,0.250090,0.250090,0.250090,0.250090,0,0.000000,0.000000,0.434464
2020-04-23 00:00:00+08:00,0.250090,0.250090,0.250090,0.250090,0,0.000000,0.000000,0.434483
2020-04-24 00:00:00+08:00,0.250090,0.250090,0.250090,0.250090,0,0.000000,0.000000,0.434502
2020-04-27 00:00:00+08:00,0.250090,0.250090,0.250090,0.250090,0,0.000000,0.000000,0.434522
2020-04-28 00:00:00+08:00,0.254329,0.254329,0.254329,0.254329,30000,0.000000,0.000000,0.438780
2020-04-29 00:00:00+08:00,0.254329,0.254329,0.254329,0.254329,0,0.000000,0.000000,0.438800
2020-04-30 00:00:00+08:00,0.262806,0.262806,0.262806,0.262806,5000,0.000000,0.000000,0.447296
2020-05-04 00:00:00+08:00,0.262806,0.262806,0.262806,0.262806,16700,0.000000,0.000000,0.447316
2020-05-05 00:00:00+08:00,0.267045,0.271284,0.267045,0.271284,69000,0.000000,0.000000,0.455813
2020-05-06 00:00:00+08:00,0.262806,0.262806,0.262806,0.262806,24500,0.000000,0.000000,0.447355
2020-05-08 00:00:00+08:00,0.262806,0.262806,0.262806,0.262806,0,0.000000,0.000000,0.447374
2020-05-11 00:00:00+08:00,0.284000,0.313672,0.284000,0.288239,43200,0.000000,0.000000,0.472827
2020-05-12 00:00:00+08:00,0.300956,0.300956,0.296717,0.296717,20800,0.000000,0.000000,0.481324
2020-05-13 00:00:00+08:00,0.296717,0.296717,0.296717,0.296717,0,0.000000,0.000000,0.481343
2020-05-14 00:00:00+08:00,0.296717,0.296717,0.296717,0.296717,0,0.000000,0.000000,0.481363
2020-05-15 00:00:00+08:00,0.296717,0.296717,0.296717,0.296717,0,0.000000,0.000000,0.481382
2020-05-18 00:00:00+08:00,0.305194,0.305194,0.305194,0.305194,7000,0.000000,0.000000,0.489879
2020-05-19 00:00:00+08:00,0.300956,0.300956,0.296717,0.296717,24400,0.000000,0.000000,0.481421
2020-05-20 00:00:00+08:00,0.296717,0.296717,0.296717,0.296717,0,0.000000,0.000000,0.481441
2020-05-21 00:00:00+08:00,0.296717,0.296717,0.296717,0.296717,6000,0.000000,0.000000,0.481460
2020-05-22 00:00:00+08:00,0.296717,0.296717,0.296717,0.296717,0,0.000000,0.000000,0.481480
2020-05-26 00:00:00+08:00,0.292478,0.292478,0.279762,0.279762,22000,0.000000,0.000000,0.464544
2020-05-27 00:00:00+08:00,0.279762,0.279762,0.279762,0.279762,0,0.000000,0.000000,0.464564
2020-05-28 00:00:00+08:00,0.279762,0.279762,0.279762,0.279762,0,0.000000,0.000000,0.464583
2020-05-29 00:00:00+08:00,0.288239,0.288239,0.288239,0.288239,6000,0.000000,0.000000,0.473079
2020-06-01 00:00:00+08:00,0.271284,0.275523,0.271284,0.271284,13000,0.000000,0.000000,0.456144
2020-06-02 00:00:00+08:00,0.271284,0.271284,0.271284,0.271284,0,0.000000,0.000000,0.456163
2020-06-03 00:00:00+08:00,0.275523,0.275523,0.271284,0.271284,3000,0.000000,0.000000,0.456183
2020-06-04 00:00:00+08:00,0.271284,0.271284,0.271284,0.271284,0,0.000000,0.000000,0.456202
2020-06-05 00:00:00+08:00,0.279762,0.279762,0.271284,0.271284,40000,0.000000,0.000000,0.456222
2020-06-08 00:00:00+08:00,0.271284,0.271284,0.271284,0.271284,0,0.000000,0.000000,0.456241
2020-06-09 00:00:00+08:00,0.271284,0.271284,0.271284,0.271284,0,0.000000,0.000000,0.456261
2020-06-10 00:00:00+08:00,0.275523,0.275523,0.275523,0.275523,3000,0.000000,0.000000,0.460519
2020-06-11 00:00:00+08:00,0.275523,0.275523,0.275523,0.275523,0,0.000000,0.000000,0.460539
2020-06-12 00:00:00+08:00,0.275523,0.275523,0.275523,0.275523,0,0.000000,0.000000,0.460558
2020-06-15 00:00:00+08:00,0.275523,0.275523,0.275523,0.275523,0,0.000000,0.000000,0.460577
2020-06-16 00:00:00+08:00,0.284000,0.292478,0.284000,0.292478,25000,0.000000,0.000000,0.477552
2020-06-17 00:00:00+08:00,0.284000,0.284000,0.284000,0.284000,600,0.000000,0.000000,0.469093
2020-06-18 00:00:00+08:00,0.284000,0.284000,0.284000,0.284000,5000,0.000000,0.000000,0.469113
2020-06-19 00:00:00+08:00,0.284000,0.284000,0.284000,0.284000,0,0.000000,0.000000,0.469132
2020-06-22 00:00:00+08:00,0.284000,0.284000,0.284000,0.284000,0,0.000000,0.000000,0.469152
2020-06-23 00:00:00+08:00,0.284000,0.284000,0.284000,0.284000,0,0.000000,0.000000,0.469171
2020-06-24 00:00:00+08:00,0.284000,0.284000,0.284000,0.284000,0,0.000000,0.000000,0.469191
2020-06-25 00:00:00+08:00,0.284000,0.284000,0.284000,0.284000,0,0.000000,0.000000,0.469210
2020-06-26 00:00:00+08:00,0.284000,0.284000,0.284000,0.284000,0,0.000000,0.000000,0.469230
2020-06-29 00:00:00+08:00,0.284000,0.284000,0.284000,0.284000,0,0.000000,0.000000,0.469249
2020-06-30 00:00:00+08:00,0.284000,0.284000,0.284000,0.284000,0,0.000000,0.000000,0.469268
2020-07-01 00:00:00+08:00,0.284000,0.284000,0.284000,0.284000,0,0.000000,0.000000,0.469288
2020-07-02 00:00:00+08:00,0.284000,0.284000,0.284000,0.284000,0,0.000000,0.000000,0.469307
2020-07-03 00:00:00+08:00,0.284000,0.284000,0.284000,0.284000,0,0.000000,0.000000,0.469327
2020-07-06 00:00:00+08:00,0.292478,0.296717,0.284000,0.284000,31400,0.000000,0.000000,0.469346
2020-07-07 00:00:00+08:00,0.292478,0.292478,0.279762,0.279762,83600,0.000000,0.000000,0.465128
2020-07-08 00:00:00+08:00,0.279762,0.279762,0.279762,0.279762,0,0.000000,0.000000,0.465147
2020-07-09 00:00:00+08:00,0.279762,0.279762,0.279762,0.279762,0,0.000000,0.000000,0.465167
2020-07-13 00:00:00+08:00,0.279762,0.279762,0.279762,0.279762,0,0.000000,0.000000,0.465186
2020-07-14 00:00:00+08:00,0.262806,0.288239,0.262806,0.288239,12500,0.000000,0.000000,0.473683
2020-07-15 00:00:00+08:00,0.288239,0.288239,0.288239,0.288239,0,0.000000,0.000000,0.473702
2020-07-16 00:00:00+08:00,0.288239,0.288239,0.288239,0.288239,0,0.000000,0.000000,0.473721
2020-07-17 00:00:00+08:00,0.288239,0.288239,0.288239,0.288239,0,0.000000,0.000000,0.473741
2020-07-20 00:00:00+08:00,0.288239,0.288239,0.288239,0.288239,0,0.000000,0.000000,0.473760
2020-07-21 00:00:00+08:00,0.275523,0.275523,0.254329,0.271284,30000,0.000000,0.000000,0.456825
2020-07-22 00:00:00+08:00,0.271284,0.271284,0.271284,0.271284,0,0.000000,0.000000,0.456844
2020-07-23 00:00:00+08:00,0.271284,0.271284,0.271284,0.271284,0,0.000000,0.000000,0.456864
2020-07-24 00:00:00+08:00,0.271284,0.271284,0.271284,0.271284,0,0.000000,0.000000,0.456883
2020-07-27 00:00:00+08:00,0.271284,0.271284,0.271284,0.271284,9200,0.000000,0.000000,0.456903
2020-07-28 00:00:00+08:00,0.271284,0.271284,0.271284,0.271284,0,0.000000,0.000000,0.456922
2020-07-29 00:00:00+08:00,0.271284,0.271284,0.271284,0.271284,0,0.000000,0.000000,0.456942
2020-07-30 00:00:00+08:00,0.271284,0.271284,0.271284,0.271284,0,0.000000,0.000000,0.456961
2020-08-03 00:00:00+08:00,0.271284,0.271284,0.271284,0.271284,0,0.000000,0.000000,0.456980
2020-08-04 00:00:00+08:00,0.271284,0.271284,0.271284,0.271284,0,0.000000,0.000000,0.457000
2020-08-05 00:00:00+08:00,0.271284,0.271284,0.271284,0.271284,37700,0.000000,0.000000,0.457019
2020-08-06 00:00:00+08:00,0.279762,0.292478,0.279762,0.292478,45900,0.000000,0.000000,0.478233
2020-08-07 00:00:00+08:00,0.292478,0.292478,0.292478,0.292478,0,0.000000,0.000000,0.478252
2020-08-11 00:00:00+08:00,0.284000,0.284000,0.284000,0.284000,15000,0.000000,0.000000,0.469794
2020-08-12 00:00:00+08:00,0.279762,0.279762,0.279762,0.279762,30000,0.000000,0.000000,0.465575
2020-08-13 00:00:00+08:00,0.279762,0.279762,0.279762,0.279762,0,0.000000,0.000000,0.465595
2020-08-14 00:00:00+08:00,0.279762,0.279762,0.279762,0.279762,0,0.000000,0.000000,0.465614
2020-08-17 00:00:00+08:00,0.279762,0.288239,0.279762,0.288239,16300,0.000000,0.000000,0.474111
2020-08-18 00:00:00+08:00,0.288239,0.288239,0.288239,0.288239,0,0.000000,0.000000,0.474130
2020-08-19 00:00:00+08:00,0.275523,0.284000,0.275523,0.284000,20000,0.000000,0.000000,0.469911
2020-08-20 00:00:00+08:00,0.284000,0.292478,0.284000,0.292478,54300,0.000000,0.000000,0.478408
2020-08-21 00:00:00+08:00,0.292478,0.292478,0.292478,0.292478,0,0.000000,0.000000,0.478427
2020-08-24 00:00:00+08:00,0.292478,0.292478,0.292478,0.292478,0,0.000000,0.000000,0.478447
2020-08-25 00:00:00+08:00,0.296717,0.296717,0.288239,0.296717,27700,0.000000,0.000000,0.482705
2020-08-26 00:00:00+08:00,0.296717,0.296717,0.296717,0.296717,0,0.000000,0.000000,0.482725
2020-08-27 00:00:00+08:00,0.279762,0.279762,0.279762,0.279762,34900,0.000000,0.000000,0.465789
2020-08-28 00:00:00+08:00,0.284000,0.292478,0.284000,0.292478,45000,0.000000,0.000000,0.478525
2020-08-31 00:00:00+08:00,0.284000,0.284000,0.284000,0.284000,20100,0.000000,0.000000,0.470066
2020-09-01 00:00:00+08:00,0.284000,0.284000,0.279762,0.279762,16000,0.000000,0.000000,0.465848
2020-09-02 00:00:00+08:00,0.279762,0.279762,0.279762,0.279762,0,0.000000,0.000000,0.465867
2020-09-03 00:00:00+08:00,0.288239,0.288239,0.288239,0.288239,10000,0.000000,0.000000,0.474364
2020-09-04 00:00:00+08:00,0.275523,0.275523,0.271284,0.271284,46500,0.000000,0.000000,0.457428
2020-09-07 00:00:00+08:00,0.279762,0.279762,0.279762,0.279762,29500,0.000000,0.000000,0.465925
2020-09-08 00:00:00+08:00,0.279762,0.279762,0.279762,0.279762,0,0.000000,0.000000,0.465945
2020-09-09 00:00:00+08:00,0.279762,0.279762,0.279762,0.279762,0,0.000000,0.000000,0.465964
2020-09-10 00:00:00+08:00,0.275523,0.275523,0.254329,0.262806,19400,0.000000,0.000000,0.449028
2020-09-11 00:00:00+08:00,0.275523,0.275523,0.275523,0.275523,100,0.000000,0.000000,0.461764
2020-09-14 00:00:00+08:00,0.275523,0.275523,0.275523,0.275523,0,0.000000,0.000000,0.461784
2020-09-15 00:00:00+08:00,0.275523,0.275523,0.275523,0.275523,0,0.000000,0.000000,0.461803
2020-09-16 00:00:00+08:00,0.279762,0.279762,0.279762,0.279762,10000,0.000000,0.000000,0.466062
2020-09-17 00:00:00+08:00,0.279762,0.279762,0.279762,0.279762,0,0.000000,0.000000,0.466081
2020-09-18 00:00:00+08:00,0.279762,0.279762,0.279762,0.279762,0,0.000000,0.000000,0.466101
2020-09-21 00:00:00+08:00,0.279762,0.279762,0.279762,0.279762,0,0.000000,0.000000,0.466120
2020-09-22 00:00:00+08:00,0.279762,0.279762,0.279762,0.279762,0,0.000000,0.000000,0.466139
2020-09-23 00:00:00+08:00,0.279762,0.279762,0.279762,0.279762,0,0.000000,0.000000,0.466159
2020-09-24 00:00:00+08:00,0.279762,0.279762,0.279762,0.279762,500,0.000000,0.000000,0.466178
2020-09-25 00:00:00+08:00,0.279762,0.279762,0.279762,0.279762,0,0.000000,0.000000,0.466198
2020-09-28 00:00:00+08:00,0.279762,0.279762,0.279762,0.279762,0,0.000000,0.000000,0.466217
2020-09-29 00:00:00+08:00,0.279762,0.279762,0.279762,0.279762,0,0.000000,0.000000,0.466237
2020-09-30 00:00:00+08:00,0.279762,0.279762,0.279762,0.279762,0,0.000000,0.000000,0.466256
2020-10-01 00:00:00+08:00,0.279762,0.279762,0.279762,0.279762,0,0.000000,0.000000,0.466276
2020-10-02 00:00:00+08:00,0.279762,0.279762,0.279762,0.279762,0,0.000000,0.000000,0.466295
2020-10-05 00:00:00+08:00,0.279762,0.279762,0.279762,0.279762,0,0.000000,0.000000,0.466315
2020-10-06 00:00:00+08:00,0.275523,0.275523,0.275523,0.275523,9300,0.000000,0.000000,0.462095
2020-10-07 00:00:00+08:00,0.275523,0.275523,0.275523,0.275523,0,0.000000,0.000000,0.462114
2020-10-08 00:00:00+08:00,0.275523,0.275523,0.275523,0.275523,0,0.000000,0.000000,0.462134
2020-10-09 00:00:00+08:00,0.275523,0.288239,0.275523,0.288239,6000,0.000000,0.000000,0.474869
2020-10-12 00:00:00+08:00,0.284000,0.284000,0.284000,0.284000,5000,0.000000,0.000000,0.470650
2020-10-13 00:00:00+08:00,0.279762,0.279762,0.279762,0.279762,5500,0.000000,0.000000,0.466431
2020-10-14 00:00:00+08:00,0.279762,0.279762,0.279762,0.279762,0,0.000000,0.000000,0.466451
2020-10-15 00:00:00+08:00,0.279762,0.279762,0.279762,0.279762,0,0.000000,0.000000,0.466470
2020-10-16 00:00:00+08:00,0.279762,0.279762,0.279762,0.279762,0,0.000000,0.000000,0.466490
2020-10-19 00:00:00+08:00,0.279762,0.279762,0.279762,0.279762,0,0.000000,0.000000,0.466509
2020-10-20 00:00:00+08:00,0.279762,0.279762,0.279762,0.279762,0,0.000000,0.000000,0.466529
2020-10-21 00:00:00+08:00,0.279762,0.279762,0.279762,0.279762,20000,0.000000,0.000000,0.466548
2020-10-22 00:00:00+08:00,0.279762,0.279762,0.279762,0.279762,0,0.000000,0.000000,0.466567
2020-10-23 00:00:00+08:00,0.279762,0.279762,0.279762,0.279762,0,0.000000,0.000000,0.466587
2020-10-26 00:00:00+08:00,0.275523,0.275523,0.271284,0.271284,61800,0.000000,0.000000,0.458128
2020-10-27 00:00:00+08:00,0.271284,0.271284,0.271284,0.271284,0,0.000000,0.000000,0.458148
2020-10-28 00:00:00+08:00,0.271284,0.271284,0.271284,0.271284,0,0.000000,0.000000,0.458167
2020-10-29 00:00:00+08:00,0.271284,0.271284,0.271284,0.271284,0,0.000000,0.000000,0.458187
2020-10-30 00:00:00+08:00,0.271284,0.271284,0.271284,0.271284,600,0.000000,0.000000,0.458206
2020-11-02 00:00:00+08:00,0.271284,0.271284,0.271284,0.271284,0,0.000000,0.000000,0.458226
2020-11-03 00:00:00+08:00,0.279762,0.279762,0.279762,0.279762,10000,0.000000,0.000000,0.466723
2020-11-04 00:00:00+08:00,0.284000,0.284000,0.284000,0.284000,900,0.000000,0.000000,0.470981
2020-11-05 00:00:00+08:00,0.288303,0.288303,0.288303,0.288303,800,0.005000,0.000000,0.475303
2020-11-06 00:00:00+08:00,0.288303,0.288303,0.288303,0.288303,0,0.000000,0.000000,0.475368
2020-11-09 00:00:00+08:00,0.279697,0.279697,0.279697,0.279697,50000,0.000000,0.000000,0.466827
2020-11-10 00:00:00+08:00,0.279697,0.279697,0.279697,0.279697,0,0.000000,0.000000,0.466892
2020-11-11 00:00:00+08:00,0.279697,0.279697,0.279697,0.279697,15000,0.000000,0.000000,0.466957
2020-11-12 00:00:00+08:00,0.279697,0.279697,0.279697,0.279697,0,0.000000,0.000000,0.467022
2020-11-13 00:00:00+08:00,0.279697,0.279697,0.279697,0.279697,0,0.000000,0.000000,0.467087
2020-11-16 00:00:00+08:00,0.279697,0.279697,0.279697,0.279697,27900,0.000000,0.000000,0.467152
2020-11-17 00:00:00+08:00,0.288303,0.309819,0.288303,0.309819,63800,0.000000,0.000000,0.497338
2020-11-18 00:00:00+08:00,0.309819,0.309819,0.284000,0.296909,212100,0.000000,0.000000,0.484493
2020-11-19 00:00:00+08:00,0.284000,0.284000,0.284000,0.284000,33000,0.000000,0.000000,0.471649
2020-11-20 00:00:00+08:00,0.279697,0.279697,0.279697,0.279697,900,0.000000,0.000000,0.467411
2020-11-23 00:00:00+08:00,0.279697,0.279697,0.279697,0.279697,0,0.000000,0.000000,0.467476
2020-11-24 00:00:00+08:00,0.279697,0.292606,0.275394,0.292606,8300,0.000000,0.000000,0.480450
2020-11-25 00:00:00+08:00,0.292606,0.292606,0.292606,0.292606,0,0.000000,0.000000,0.480515
2020-11-26 00:00:00+08:00,0.288303,0.292606,0.288303,0.292606,21500,0.000000,0.000000,0.480580
2020-11-27 00:00:00+08:00,0.284000,0.292606,0.284000,0.288303,5500,0.000000,0.000000,0.476342
2020-11-30 00:00:00+08:00,0.284000,0.284000,0.279697,0.279697,66600,0.000000,0.000000,0.467801
2020-12-01 00:00:00+08:00,0.275394,0.288303,0.275394,0.288303,14000,0.000000,0.000000,0.476472
2020-12-02 00:00:00+08:00,0.288303,0.288303,0.288303,0.288303,0,0.000000,0.000000,0.476537
2020-12-03 00:00:00+08:00,0.292606,0.296909,0.288303,0.288303,14700,0.000000,0.000000,0.476602
2020-12-04 00:00:00+08:00,0.288303,0.288303,0.288303,0.288303,20800,0.000000,0.000000,0.476667
2020-12-07 00:00:00+08:00,0.288303,0.288303,0.288303,0.288303,0,0.000000,0.000000,0.476732
2020-12-08 00:00:00+08:00,0.279697,0.279697,0.279697,0.279697,100,0.000000,0.000000,0.468191
2020-12-09 00:00:00+08:00,0.279697,0.279697,0.279697,0.279697,0,0.000000,0.000000,0.468255
2020-12-10 00:00:00+08:00,0.279697,0.279697,0.279697,0.279697,3000,0.000000,0.000000,0.468320
2020-12-11 00:00:00+08:00,0.279697,0.279697,0.279697,0.279697,0,0.000000,0.000000,0.468385
2020-12-14 00:00:00+08:00,0.279697,0.292606,0.279697,0.292606,18000,0.000000,0.000000,0.481359
2020-12-15 00:00:00+08:00,0.292606,0.292606,0.292606,0.292606,22700,0.000000,0.000000,0.481424
2020-12-16 00:00:00+08:00,0.292606,0.292606,0.292606,0.292606,1000,0.000000,0.000000,0.481489
2020-12-17 00:00:00+08:00,0.284000,0.284000,0.284000,0.284000,8000,0.000000,0.000000,0.472948
2020-12-18 00:00:00+08:00,0.284000,0.284000,0.284000,0.284000,0,0.000000,0.000000,0.473013
2020-12-21 00:00:00+08:00,0.284000,0.284000,0.284000,0.284000,0,0.000000,0.000000,0.473078
2020-12-22 00:00:00+08:00,0.279697,0.284000,0.279697,0.284000,16000,0.000000,0.000000,0.473143
2020-12-23 00:00:00+08:00,0.275394,0.275394,0.275394,0.275394,9000,0.000000,0.000000,0.464602
2020-12-24 00:00:00+08:00,0.275394,0.275394,0.275394,0.275394,0,0.000000,0.000000,0.464667
2020-12-28 00:00:00+08:00,0.271091,0.271091,0.266788,0.266788,1000,0.000000,0.000000,0.456126
2020-12-29 00:00:00+08:00,0.284000,0.284000,0.284000,0.284000,10000,0.000000,0.000000,0.473403
2020-12-30 00:00:00+08:00,0.284000,0.284000,0.284000,0.284000,0,0.000000,0.000000,0.473468
2020-12-31 00:00:00+08:00,0.284000,0.284000,0.284000,0.284000,0,0.000000,0.000000,0.473532
2021-01-04 00:00:00+08:00,0.284000,0.284000,0.284000,0.284000,400,0.000000,0.000000,0.473597
2021-01-05 00:00:00+08:00,0.284000,0.284000,0.284000,0.284000,0,0.000000,0.000000,0.473662
2021-01-06 00:00:00+08:00,0.275394,0.275394,0.275394,0.275394,24300,0.000000,0.000000,0.465121
2021-01-07 00:00:00+08:00,0.284000,0.284000,0.275394,0.284000,76000,0.000000,0.000000,0.473792
2021-01-08 00:00:00+08:00,0.284000,0.284000,0.284000,0.284000,0,0.000000,0.000000,0.473857
2021-01-11 00:00:00+08:00,0.284000,0.284000,0.284000,0.284000,0,0.000000,0.000000,0.473922
2021-01-12 00:00:00+08:00,0.275394,0.275394,0.275394,0.275394,9000,0.000000,0.000000,0.465381
2021-01-13 00:00:00+08:00,0.284000,0.301212,0.284000,0.301212,127500,0.000000,0.000000,0.491264
2021-01-14 00:00:00+08:00,0.292606,0.292606,0.288303,0.288303,26000,0.000000,0.000000,0.478420
2021-01-15 00:00:00+08:00,0.288303,0.288303,0.288303,0.288303,29200,0.000000,0.000000,0.478485
2021-01-18 00:00:00+08:00,0.288303,0.288303,0.288303,0.288303,0,0.000000,0.000000,0.478550
2021-01-19 00:00:00+08:00,0.292606,0.296909,0.292606,0.292606,86500,0.000000,0.000000,0.482918
2021-01-20 00:00:00+08:00,0.292606,0.292606,0.292606,0.292606,0,0.000000,0.000000,0.482983
2021-01-21 00:00:00+08:00,0.292606,0.292606,0.288303,0.288303,63000,0.000000,0.000000,0.478745
2021-01-22 00:00:00+08:00,0.284000,0.284000,0.284000,0.284000,13300,0.000000,0.000000,0.474506
2021-01-25 00:00:00+08:00,0.284000,0.292606,0.284000,0.284000,25000,0.000000,0.000000,0.474571
2021-01-26 00:00:00+08:00,0.292606,0.292606,0.284000,0.284000,53000,0.000000,0.000000,0.474636
2021-01-27 00:00:00+08:00,0.284000,0.284000,0.284000,0.284000,20500,0.000000,0.000000,0.474701
2021-01-28 00:00:00+08:00,0.284000,0.284000,0.284000,0.284000,0,0.000000,0.000000,0.474766
2021-01-29 00:00:00+08:00,0.279697,0.284000,0.258182,0.284000,99500,0.000000,0.000000,0.474831
2021-02-01 00:00:00+08:00,0.271091,0.271091,0.271091,0.271091,10000,0.000000,0.000000,0.461987
2021-02-02 00:00:00+08:00,0.271091,0.279697,0.271091,0.275394,30000,0.000000,0.000000,0.466355
2021-02-03 00:00:00+08:00,0.279697,0.288303,0.279697,0.288303,18700,0.000000,0.000000,0.479329
2021-02-04 00:00:00+08:00,0.279697,0.279697,0.279697,0.279697,50000,0.000000,0.000000,0.470788
2021-02-05 00:00:00+08:00,0.279697,0.279697,0.279697,0.279697,50000,0.000000,0.000000,0.470853
2021-02-08 00:00:00+08:00,0.275394,0.275394,0.275394,0.275394,19500,0.000000,0.000000,0.466615
2021-02-09 00:00:00+08:00,0.275394,0.275394,0.275394,0.275394,0,0.000000,0.000000,0.466680
2021-02-10 00:00:00+08:00,0.284000,0.314122,0.284000,0.296909,287600,0.000000,0.000000,0.488260
2021-02-11 00:00:00+08:00,0.296909,0.296909,0.296909,0.296909,0,0.000000,0.000000,0.488325
2021-02-15 00:00:00+08:00,0.301212,0.305516,0.301212,0.305516,40000,0.000000,0.000000,0.496997
2021-02-16 00:00:00+08:00,0.301213,0.318425,0.301213,0.314122,185400,0.000000,0.000000,0.505667
2021-02-17 00:00:00+08:00,0.309819,0.318425,0.309819,0.318425,29000,0.000000,0.000000,0.510035
2021-02-18 00:00:00+08:00,0.309819,0.309819,0.309819,0.309819,120000,0.000000,0.000000,0.501494
2021-02-19 00:00:00+08:00,0.309819,0.309819,0.309819,0.309819,0,0.000000,0.000000,0.501559
2021-02-22 00:00:00+08:00,0.305516,0.305516,0.305516,0.305516,3900,0.000000,0.000000,0.497321
2021-02-23 00:00:00+08:00,0.301213,0.309819,0.301213,0.309819,30600,0.000000,0.000000,0.501689
2021-02-24 00:00:00+08:00,0.301213,0.301213,0.296909,0.296909,18000,0.000000,0.000000,0.488844
2021-02-25 00:00:00+08:00,0.301276,0.301276,0.301276,0.301276,15000,0.005000,0.000000,0.493276
2021-02-26 00:00:00+08:00,0.296909,0.296909,0.292543,0.292543,10000,0.000000,0.000000,0.484659
2021-03-01 00:00:00+08:00,0.292543,0.292543,0.292543,0.292543,90000,0.000000,0.000000,0.484774
2021-03-02 00:00:00+08:00,0.292543,0.292543,0.292543,0.292543,0,0.000000,0.000000,0.484890
2021-03-03 00:00:00+08:00,0.292543,0.292543,0.292543,0.292543,86300,0.000000,0.000000,0.485005
2021-03-04 00:00:00+08:00,0.292543,0.305642,0.292543,0.305642,76000,0.000000,0.000000,0.498220
2021-03-05 00:00:00+08:00,0.305642,0.305642,0.305642,0.305642,15000,0.000000,0.000000,0.498336
2021-03-08 00:00:00+08:00,0.305642,0.314375,0.305642,0.305642,89000,0.000000,0.000000,0.498451
2021-03-09 00:00:00+08:00,0.305642,0.305642,0.305642,0.305642,0,0.000000,0.000000,0.498567
2021-03-10 00:00:00+08:00,0.305642,0.305642,0.305642,0.305642,100000,0.000000,0.000000,0.498682
2021-03-11 00:00:00+08:00,0.301276,0.301276,0.296909,0.296909,46000,0.000000,0.000000,0.490065
2021-03-12 00:00:00+08:00,0.296910,0.301276,0.296910,0.301276,11000,0.000000,0.000000,0.494548
2021-03-15 00:00:00+08:00,0.296909,0.296909,0.296909,0.296909,3000,0.000000,0.000000,0.490296
2021-03-16 00:00:00+08:00,0.296909,0.296909,0.296909,0.296909,14900,0.000000,0.000000,0.490412
2021-03-17 00:00:00+08:00,0.296909,0.296909,0.296909,0.296909,7000,0.000000,0.000000,0.490527
2021-03-18 00:00:00+08:00,0.296909,0.296909,0.292543,0.296909,21900,0.000000,0.000000,0.490643
2021-03-19 00:00:00+08:00,0.296909,0.296909,0.296909,0.296909,0,0.000000,0.000000,0.490759
2021-03-22 00:00:00+08:00,0.296909,0.296909,0.296909,0.296909,0,0.000000,0.000000,0.490874
2021-03-23 00:00:00+08:00,0.296909,0.296909,0.296909,0.296909,20000,0.000000,0.000000,0.490990
2021-03-24 00:00:00+08:00,0.296909,0.296909,0.296909,0.296909,100,0.000000,0.000000,0.491106
2021-03-25 00:00:00+08:00,0.296910,0.301276,0.296910,0.301276,42000,0.000000,0.000000,0.495588
2021-03-26 00:00:00+08:00,0.301276,0.301276,0.301276,0.301276,3000,0.000000,0.000000,0.495704
2021-03-29 00:00:00+08:00,0.305642,0.314375,0.305642,0.305642,83000,0.000000,0.000000,0.500185
2021-03-30 00:00:00+08:00,0.305642,0.305642,0.305642,0.305642,0,0.000000,0.000000,0.500301
2021-03-31 00:00:00+08:00,0.310008,0.310008,0.310008,0.310008,3000,0.000000,0.000000,0.504783
2021-04-01 00:00:00+08:00,0.310008,0.310008,0.310008,0.310008,0,0.000000,0.000000,0.504898
2021-04-05 00:00:00+08:00,0.310008,0.314375,0.310008,0.314375,35000,0.000000,0.000000,0.509381
2021-04-06 00:00:00+08:00,0.310008,0.310008,0.310008,0.310008,25000,0.000000,0.000000,0.505129
2021-04-07 00:00:00+08:00,0.314375,0.314375,0.314375,0.314375,53500,0.000000,0.000000,0.509612
2021-04-08 00:00:00+08:00,0.314375,0.323107,0.314375,0.323107,59400,0.000000,0.000000,0.518460
2021-04-09 00:00:00+08:00,0.323107,0.323107,0.323107,0.323107,0,0.000000,0.000000,0.518575
2021-04-12 00:00:00+08:00,0.318741,0.323107,0.301276,0.301276,47700,0.000000,0.000000,0.496860
2021-04-13 00:00:00+08:00,0.310008,0.310008,0.310008,0.310008,26000,0.000000,0.000000,0.505707
2021-04-14 00:00:00+08:00,0.314375,0.318741,0.314375,0.314375,78500,0.000000,0.000000,0.510190
2021-04-15 00:00:00+08:00,0.314375,0.314375,0.314375,0.314375,0,0.000000,0.000000,0.510306
2021-04-16 00:00:00+08:00,0.314375,0.314375,0.314375,0.314375,0,0.000000,0.000000,0.510421
2021-04-19 00:00:00+08:00,0.314375,0.323107,0.305642,0.323107,53900,0.000000,0.000000,0.519269
2021-04-20 00:00:00+08:00,0.323107,0.323107,0.323107,0.323107,98700,0.000000,0.000000,0.519384
2021-04-21 00:00:00+08:00,0.318741,0.318741,0.310008,0.310008,30000,0.000000,0.000000,0.506401
2021-04-22 00:00:00+08:00,0.310008,0.310008,0.310008,0.310008,0,0.000000,0.000000,0.506517
2021-04-23 00:00:00+08:00,0.305642,0.318741,0.305642,0.310008,83000,0.000000,0.000000,0.506632
2021-04-26 00:00:00+08:00,0.314375,0.318741,0.314375,0.318741,6100,0.000000,0.000000,0.515481
2021-04-27 00:00:00+08:00,0.318741,0.318741,0.318741,0.318741,10000,0.000000,0.000000,0.515596
2021-04-28 00:00:00+08:00,0.318741,0.318741,0.318741,0.318741,0,0.000000,0.000000,0.515712
2021-04-29 00:00:00+08:00,0.323107,0.331840,0.314375,0.327474,313000,0.000000,0.000000,0.524561
2021-04-30 00:00:00+08:00,0.327474,0.327474,0.327474,0.327474,0,0.000000,0.000000,0.524676
2021-05-03 00:00:00+08:00,0.323107,0.323107,0.314375,0.318741,53100,0.000000,0.000000,0.516059
2021-05-04 00:00:00+08:00,0.314375,0.318741,0.314375,0.314375,39900,0.000000,0.000000,0.511809
2021-05-05 00:00:00+08:00,0.314375,0.314375,0.301276,0.301276,46400,0.000000,0.000000,0.498825
2021-05-06 00:00:00+08:00,0.310008,0.314375,0.310008,0.314375,29600,0.000000,0.000000,0.512040
2021-05-07 00:00:00+08:00,0.314375,0.314375,0.314375,0.314375,3000,0.000000,0.000000,0.512155
2021-05-10 00:00:00+08:00,0.310008,0.310008,0.310008,0.310008,40000,0.000000,0.000000,0.507904
2021-05-11 00:00:00+08:00,0.305642,0.305642,0.301276,0.301276,31000,0.000000,0.000000,0.499288
2021-05-12 00:00:00+08:00,0.301276,0.301276,0.296909,0.296909,84800,0.000000,0.000000,0.495036
2021-05-14 00:00:00+08:00,0.301276,0.305642,0.292543,0.292543,95000,0.000000,0.000000,0.490786
2021-05-17 00:00:00+08:00,0.288177,0.292543,0.283811,0.292543,26800,0.000000,0.000000,0.490901
2021-05-18 00:00:00+08:00,0.292543,0.292543,0.292543,0.292543,7000,0.000000,0.000000,0.491017
2021-05-19 00:00:00+08:00,0.292543,0.292543,0.292543,0.292543,35000,0.000000,0.000000,0.491133
2021-05-20 00:00:00+08:00,0.288177,0.292543,0.288177,0.292543,38000,0.000000,0.000000,0.491248
2021-05-21 00:00:00+08:00,0.292543,0.292543,0.292543,0.292543,38000,0.000000,0.000000,0.491364
2021-05-24 00:00:00+08:00,0.296909,0.296909,0.296909,0.296909,5000,0.000000,0.000000,0.495845
2021-05-25 00:00:00+08:00,0.296910,0.301276,0.296910,0.301276,7000,0.000000,0.000000,0.500328
2021-05-27 00:00:00+08:00,0.301276,0.305642,0.301276,0.305642,30900,0.000000,0.000000,0.504810
2021-05-28 00:00:00+08:00,0.305642,0.305642,0.305642,0.305642,0,0.000000,0.000000,0.504925
2021-05-31 00:00:00+08:00,0.305642,0.305642,0.305642,0.305642,0,0.000000,0.000000,0.505041
2021-06-01 00:00:00+08:00,0.305642,0.305642,0.301276,0.301276,5400,0.000000,0.000000,0.500790
2021-06-02 00:00:00+08:00,0.301276,0.301276,0.301276,0.301276,0,0.000000,0.000000,0.500906
2021-06-03 00:00:00+08:00,0.301276,0.301276,0.301276,0.301276,0,0.000000,0.000000,0.501022
2021-06-04 00:00:00+08:00,0.301276,0.301276,0.301276,0.301276,0,0.000000,0.000000,0.501137
2021-06-07 00:00:00+08:00,0.305642,0.305642,0.305642,0.305642,11000,0.000000,0.000000,0.505619
2021-06-08 00:00:00+08:00,0.305642,0.314375,0.305642,0.314375,84900,0.000000,0.000000,0.514467
2021-06-09 00:00:00+08:00,0.314375,0.314375,0.314375,0.314375,0,0.000000,0.000000,0.514583
2021-06-10 00:00:00+08:00,0.305642,0.305642,0.305642,0.305642,300,0.000000,0.000000,0.505966
2021-06-11 00:00:00+08:00,0.305642,0.305642,0.305642,0.305642,0,0.000000,0.000000,0.506081
2021-06-14 00:00:00+08:00,0.310008,0.314375,0.310008,0.310008,77500,0.000000,0.000000,0.510563
2021-06-15 00:00:00+08:00,0.314375,0.314375,0.314375,0.314375,47800,0.000000,0.000000,0.515046
2021-06-16 00:00:00+08:00,0.314375,0.314375,0.314375,0.314375,0,0.000000,0.000000,0.515161
2021-06-17 00:00:00+08:00,0.318741,0.336206,0.318741,0.331840,161600,0.000000,0.000000,0.532742
2021-06-18 00:00:00+08:00,0.331840,0.331840,0.323107,0.327474,91500,0.000000,0.000000,0.528491
2021-06-21 00:00:00+08:00,0.327474,0.331840,0.323107,0.323107,40200,0.000000,0.000000,0.524240
2021-06-22 00:00:00+08:00,0.327474,0.331840,0.327474,0.327474,7900,0.000000,0.000000,0.528723
2021-06-23 00:00:00+08:00,0.323107,0.323107,0.323107,0.323107,31800,0.000000,0.000000,0.524471
2021-06-24 00:00:00+08:00,0.331840,0.331840,0.323107,0.323107,17800,0.000000,0.000000,0.524587
2021-06-25 00:00:00+08:00,0.323107,0.323107,0.323107,0.323107,0,0.000000,0.000000,0.524702
2021-06-28 00:00:00+08:00,0.318741,0.318741,0.318741,0.318741,300,0.000000,0.000000,0.520452
2021-06-29 00:00:00+08:00,0.327474,0.327474,0.318741,0.318741,3500,0.000000,0.000000,0.520568
2021-06-30 00:00:00+08:00,0.318741,0.318741,0.318741,0.318741,27000,0.000000,0.000000,0.520683
2021-07-01 00:00:00+08:00,0.318741,0.318741,0.318741,0.318741,21500,0.000000,0.000000,0.520799
2021-07-02 00:00:00+08:00,0.318741,0.318741,0.318741,0.318741,0,0.000000,0.000000,0.520914
2021-07-05 00:00:00+08:00,0.323107,0.323107,0.323107,0.323107,1000,0.000000,0.000000,0.525396
2021-07-06 00:00:00+08:00,0.323107,0.323107,0.323107,0.323107,2000,0.000000,0.000000,0.525512
2021-07-07 00:00:00+08:00,0.323107,0.323107,0.323107,0.323107,0,0.000000,0.000000,0.525627
2021-07-08 00:00:00+08:00,0.331840,0.331840,0.314375,0.314375,39000,0.000000,0.000000,0.517011
2021-07-09 00:00:00+08:00,0.318741,0.323107,0.314375,0.314375,74100,0.000000,0.000000,0.517126
2021-07-12 00:00:00+08:00,0.314375,0.314375,0.314375,0.314375,0,0.000000,0.000000,0.517242
2021-07-13 00:00:00+08:00,0.314375,0.314375,0.314375,0.314375,6000,0.000000,0.000000,0.517358
2021-07-14 00:00:00+08:00,0.314375,0.314375,0.310008,0.314375,108000,0.000000,0.000000,0.517473
2021-07-15 00:00:00+08:00,0.314375,0.318741,0.314375,0.318741,30200,0.000000,0.000000,0.521955
2021-07-16 00:00:00+08:00,0.318741,0.318741,0.318741,0.318741,0,0.000000,0.000000,0.522070
2021-07-19 00:00:00+08:00,0.314375,0.314375,0.310008,0.310008,7000,0.000000,0.000000,0.513453
2021-07-21 00:00:00+08:00,0.310008,0.310008,0.310008,0.310008,0,0.000000,0.000000,0.513569
2021-07-22 00:00:00+08:00,0.310008,0.310008,0.310008,0.310008,0,0.000000,0.000000,0.513684
2021-07-23 00:00:00+08:00,0.310008,0.310008,0.310008,0.310008,3000,0.000000,0.000000,0.513800
2021-07-26 00:00:00+08:00,0.318741,0.318741,0.314375,0.314375,9600,0.000000,0.000000,0.518283
2021-07-27 00:00:00+08:00,0.314375,0.314375,0.314375,0.314375,2400,0.000000,0.000000,0.518398
2021-07-28 00:00:00+08:00,0.314375,0.314375,0.314375,0.314375,0,0.000000,0.000000,0.518514
2021-07-29 00:00:00+08:00,0.314375,0.314375,0.314375,0.314375,0,0.000000,0.000000,0.518629
2021-07-30 00:00:00+08:00,0.314375,0.318741,0.314375,0.318741,51900,0.000000,0.000000,0.523111
2021-08-02 00:00:00+08:00,0.310008,0.310008,0.310008,0.310008,75000,0.000000,0.000000,0.514494
2021-08-03 00:00:00+08:00,0.310008,0.310008,0.310008,0.310008,0,0.000000,0.000000,0.514609
2021-08-04 00:00:00+08:00,0.310008,0.310008,0.310008,0.310008,0,0.000000,0.000000,0.514725
2021-08-05 00:00:00+08:00,0.310008,0.310008,0.310008,0.310008,20000,0.000000,0.000000,0.514840
2021-08-06 00:00:00+08:00,0.301276,0.301276,0.301276,0.301276,5900,0.000000,0.000000,0.506224
2021-08-10 00:00:00+08:00,0.301276,0.301276,0.301276,0.301276,0,0.000000,0.000000,0.506340
2021-08-11 00:00:00+08:00,0.301276,0.301276,0.301276,0.301276,0,0.000000,0.000000,0.506455
2021-08-12 00:00:00+08:00,0.314375,0.331840,0.314375,0.327474,105200,0.000000,0.000000,0.532769
2021-08-13 00:00:00+08:00,0.323107,0.323107,0.318741,0.318741,5700,0.000000,0.000000,0.524151
2021-08-16 00:00:00+08:00,0.318741,0.318741,0.318741,0.318741,7600,0.000000,0.000000,0.524267
2021-08-17 00:00:00+08:00,0.318741,0.318741,0.310008,0.310008,10700,0.000000,0.000000,0.515650
2021-08-18 00:00:00+08:00,0.305642,0.305642,0.305642,0.305642,1400,0.000000,0.000000,0.511399
2021-08-19 00:00:00+08:00,0.310008,0.310008,0.310008,0.310008,3000,0.000000,0.000000,0.515881
2021-08-20 00:00:00+08:00,0.314375,0.314375,0.314375,0.314375,48400,0.000000,0.000000,0.520363
2021-08-23 00:00:00+08:00,0.310008,0.310008,0.310008,0.310008,1200,0.000000,0.000000,0.516112
2021-08-24 00:00:00+08:00,0.310008,0.310008,0.310008,0.310008,0,0.000000,0.000000,0.516228
2021-08-25 00:00:00+08:00,0.314375,0.318741,0.314375,0.318741,21800,0.000000,0.000000,0.525076
2021-08-26 00:00:00+08:00,0.323107,0.323107,0.314375,0.314375,179300,0.000000,0.000000,0.520826
2021-08-27 00:00:00+08:00,0.314375,0.314375,0.310008,0.314375,73000,0.000000,0.000000,0.520941
2021-08-30 00:00:00+08:00,0.314375,0.314375,0.310008,0.310008,13300,0.000000,0.000000,0.516690
2021-08-31 00:00:00+08:00,0.314375,0.314375,0.314375,0.314375,100,0.000000,0.000000,0.521173
2021-09-01 00:00:00+08:00,0.314375,0.314375,0.314375,0.314375,25000,0.000000,0.000000,0.521288
2021-09-02 00:00:00+08:00,0.314375,0.314375,0.314375,0.314375,0,0.000000,0.000000,0.521404
2021-09-03 00:00:00+08:00,0.314375,0.314375,0.314375,0.314375,60500,0.000000,0.000000,0.521520
2021-09-06 00:00:00+08:00,0.314375,0.314375,0.314375,0.314375,0,0.000000,0.000000,0.521635
2021-09-07 00:00:00+08:00,0.310008,0.310008,0.310008,0.310008,40000,0.000000,0.000000,0.517384
2021-09-08 00:00:00+08:00,0.305642,0.305642,0.305642,0.305642,8000,0.000000,0.000000,0.513133
2021-09-09 00:00:00+08:00,0.301276,0.301276,0.296909,0.296909,46600,0.000000,0.000000,0.504516
2021-09-10 00:00:00+08:00,0.305642,0.310008,0.305642,0.310008,15000,0.000000,0.000000,0.517731
2021-09-13 00:00:00+08:00,0.305642,0.310008,0.305642,0.310008,10600,0.000000,0.000000,0.517846
2021-09-14 00:00:00+08:00,0.305642,0.305642,0.305642,0.305642,17400,0.000000,0.000000,0.513596
2021-09-15 00:00:00+08:00,0.301276,0.310008,0.301276,0.310008,7000,0.000000,0.000000,0.518077
2021-09-16 00:00:00+08:00,0.305642,0.310008,0.305642,0.310008,13900,0.000000,0.000000,0.518193
2021-09-17 00:00:00+08:00,0.310008,0.310008,0.310008,0.310008,0,0.000000,0.000000,0.518309
2021-09-20 00:00:00+08:00,0.301276,0.301276,0.301276,0.301276,20000,0.000000,0.000000,0.509692
2021-09-21 00:00:00+08:00,0.301276,0.301276,0.301276,0.301276,3000,0.000000,0.000000,0.509808
2021-09-22 00:00:00+08:00,0.301276,0.301276,0.301276,0.301276,0,0.000000,0.000000,0.509923
2021-09-23 00:00:00+08:00,0.301276,0.301276,0.301276,0.301276,0,0.000000,0.000000,0.510039
2021-09-24 00:00:00+08:00,0.296909,0.296909,0.296909,0.296909,2000,0.000000,0.000000,0.505788
2021-09-27 00:00:00+08:00,0.296909,0.296909,0.296909,0.296909,0,0.000000,0.000000,0.505903
2021-09-28 00:00:00+08:00,0.296909,0.296909,0.296909,0.296909,0,0.000000,0.000000,0.506019
2021-09-29 00:00:00+08:00,0.296909,0.296909,0.296909,0.296909,0,0.000000,0.000000,0.506134
2021-09-30 00:00:00+08:00,0.310008,0.318741,0.310008,0.310008,115000,0.000000,0.000000,0.519349
2021-10-01 00:00:00+08:00,0.314375,0.314375,0.314375,0.314375,112300,0.000000,0.000000,0.523832
2021-10-04 00:00:00+08:00,0.318741,0.318741,0.314375,0.314375,81300,0.000000,0.000000,0.523947
2021-10-05 00:00:00+08:00,0.314375,0.314375,0.314375,0.314375,99300,0.000000,0.000000,0.524063
2021-10-06 00:00:00+08:00,0.314375,0.314375,0.314375,0.314375,106800,0.000000,0.000000,0.524178
2021-10-07 00:00:00+08:00,0.318741,0.318741,0.314375,0.314375,68400,0.000000,0.000000,0.524294
2021-10-08 00:00:00+08:00,0.318741,0.318741,0.318741,0.318741,86500,0.000000,0.000000,0.528776
2021-10-11 00:00:00+08:00,0.323107,0.331840,0.323107,0.323107,62000,0.000000,0.000000,0.533257
2021-10-12 00:00:00+08:00,0.323107,0.327474,0.323107,0.323107,91300,0.000000,0.000000,0.533373
2021-10-13 00:00:00+08:00,0.327474,0.336206,0.327474,0.327474,146600,0.000000,0.000000,0.537856
2021-10-14 00:00:00+08:00,0.323107,0.331840,0.323107,0.331840,25000,0.000000,0.000000,0.542337
2021-10-15 00:00:00+08:00,0.331840,0.331840,0.331840,0.331840,5000,0.000000,0.000000,0.542453
2021-10-18 00:00:00+08:00,0.331840,0.336206,0.327474,0.336206,58600,0.000000,0.000000,0.546934
2021-10-19 00:00:00+08:00,0.331840,0.336206,0.331840,0.336206,10200,0.000000,0.000000,0.547050
2021-10-20 00:00:00+08:00,0.336206,0.336206,0.336206,0.336206,0,0.000000,0.000000,0.547166
2021-10-21 00:00:00+08:00,0.331840,0.331840,0.331840,0.331840,2000,0.000000,0.000000,0.542915
2021-10-22 00:00:00+08:00,0.327474,0.327474,0.314375,0.318741,40000,0.000000,0.000000,0.529932
2021-10-25 00:00:00+08:00,0.327474,0.327474,0.318741,0.327474,191100,0.000000,0.000000,0.538780
2021-10-26 00:00:00+08:00,0.331840,0.331840,0.327474,0.327474,20000,0.000000,0.000000,0.538896
2021-10-27 00:00:00+08:00,0.327474,0.327474,0.327474,0.327474,0,0.000000,0.000000,0.539012
2021-10-28 00:00:00+08:00,0.327474,0.327474,0.323107,0.323107,124600,0.000000,0.000000,0.534760
2021-10-29 00:00:00+08:00,0.327474,0.327474,0.323107,0.323107,71500,0.000000,0.000000,0.534876
2021-11-01 00:00:00+08:00,0.323107,0.323107,0.323107,0.323107,68300,0.000000,0.000000,0.534991
2021-11-02 00:00:00+08:00,0.323107,0.327723,0.313876,0.313876,50200,0.020000,0.000000,0.525876
2021-11-03 00:00:00+08:00,0.318492,0.318492,0.318492,0.318492,23100,0.000000,0.000000,0.530532
2021-11-05 00:00:00+08:00,0.318492,0.318492,0.313876,0.313876,23800,0.000000,0.000000,0.525955
2021-11-08 00:00:00+08:00,0.318492,0.318492,0.313876,0.313876,3400,0.000000,0.000000,0.525995
2021-11-09 00:00:00+08:00,0.313876,0.313876,0.309260,0.309260,23000,0.000000,0.000000,0.521418
2021-11-10 00:00:00+08:00,0.313876,0.313876,0.313876,0.313876,4100,0.000000,0.000000,0.526074
2021-11-11 00:00:00+08:00,0.313876,0.313876,0.313876,0.313876,0,0.000000,0.000000,0.526113
2021-11-12 00:00:00+08:00,0.313876,0.313876,0.313876,0.313876,0,0.000000,0.000000,0.526153
2021-11-15 00:00:00+08:00,0.309260,0.309260,0.309260,0.309260,66900,0.000000,0.000000,0.521576
2021-11-16 00:00:00+08:00,0.313876,0.313876,0.313876,0.313876,3000,0.000000,0.000000,0.526232
2021-11-17 00:00:00+08:00,0.313876,0.313876,0.313876,0.313876,0,0.000000,0.000000,0.526271
2021-11-18 00:00:00+08:00,0.304644,0.309260,0.304644,0.309260,4200,0.000000,0.000000,0.521695
2021-11-19 00:00:00+08:00,0.309260,0.309260,0.309260,0.309260,0,0.000000,0.000000,0.521734
2021-11-22 00:00:00+08:00,0.309260,0.309260,0.309260,0.309260,11000,0.000000,0.000000,0.521774
2021-11-23 00:00:00+08:00,0.304644,0.313876,0.300028,0.300028,218200,0.000000,0.000000,0.512581
2021-11-24 00:00:00+08:00,0.300028,0.300028,0.300028,0.300028,3200,0.000000,0.000000,0.512621
2021-11-25 00:00:00+08:00,0.304644,0.309260,0.304644,0.309260,22800,0.000000,0.000000,0.521892
2021-11-26 00:00:00+08:00,0.309260,0.313876,0.300028,0.300028,27500,0.000000,0.000000,0.512700
2021-11-29 00:00:00+08:00,0.300028,0.300028,0.300028,0.300028,0,0.000000,0.000000,0.512739
2021-11-30 00:00:00+08:00,0.300028,0.300028,0.300028,0.300028,300,0.000000,0.000000,0.512779
2021-12-01 00:00:00+08:00,0.300028,0.300028,0.300028,0.300028,0,0.000000,0.000000,0.512819
2021-12-02 00:00:00+08:00,0.300028,0.300028,0.300028,0.300028,0,0.000000,0.000000,0.512858
2021-12-03 00:00:00+08:00,0.300028,0.300028,0.300028,0.300028,0,0.000000,0.000000,0.512898
2021-12-06 00:00:00+08:00,0.300028,0.300028,0.300028,0.300028,5800,0.000000,0.000000,0.512937
2021-12-07 00:00:00+08:00,0.304644,0.304644,0.300028,0.300028,7100,0.000000,0.000000,0.512977
2021-12-08 00:00:00+08:00,0.300028,0.300028,0.300028,0.300028,21500,0.000000,0.000000,0.513016
2021-12-09 00:00:00+08:00,0.300028,0.300028,0.300028,0.300028,0,0.000000,0.000000,0.513056
2021-12-10 00:00:00+08:00,0.304644,0.304644,0.304644,0.304644,72800,0.000000,0.000000,0.517711
2021-12-13 00:00:00+08:00,0.304644,0.304644,0.304644,0.304644,30000,0.000000,0.000000,0.517751
2021-12-14 00:00:00+08:00,0.304644,0.304644,0.300028,0.300028,159500,0.000000,0.000000,0.513174
2021-12-15 00:00:00+08:00,0.300028,0.300028,0.300028,0.300028,200,0.000000,0.000000,0.513214
2021-12-16 00:00:00+08:00,0.300028,0.300028,0.300028,0.300028,2300,0.000000,0.000000,0.513253
2021-12-17 00:00:00+08:00,0.300028,0.300028,0.300028,0.300028,0,0.000000,0.000000,0.513293
2021-12-20 00:00:00+08:00,0.309260,0.313876,0.295412,0.295412,47200,0.000000,0.000000,0.508716
2021-12-21 00:00:00+08:00,0.295412,0.295412,0.295412,0.295412,0,0.000000,0.000000,0.508756
2021-12-22 00:00:00+08:00,0.295412,0.295412,0.295412,0.295412,0,0.000000,0.000000,0.508795
2021-12-23 00:00:00+08:00,0.295412,0.295412,0.295412,0.295412,0,0.000000,0.000000,0.508835
2021-12-24 00:00:00+08:00,0.295412,0.295412,0.295412,0.295412,0,0.000000,0.000000,0.508874
2021-12-27 00:00:00+08:00,0.304644,0.304644,0.304644,0.304644,3000,0.000000,0.000000,0.518146
2021-12-28 00:00:00+08:00,0.304644,0.304644,0.304644,0.304644,8100,0.000000,0.000000,0.518186
2021-12-29 00:00:00+08:00,0.304644,0.304644,0.304644,0.304644,0,0.000000,0.000000,0.518225
2021-12-30 00:00:00+08:00,0.304644,0.304644,0.304644,0.304644,0,0.000000,0.000000,0.518265
2021-12-31 00:00:00+08:00,0.304644,0.304644,0.304644,0.304644,0,0.000000,0.000000,0.518304
2022-01-03 00:00:00+08:00,0.304644,0.304644,0.304644,0.304644,0,0.000000,0.000000,0.518344
2022-01-04 00:00:00+08:00,0.304644,0.304644,0.304644,0.304644,0,0.000000,0.000000,0.518383
2022-01-05 00:00:00+08:00,0.304644,0.304644,0.304644,0.304644,0,0.000000,0.000000,0.518423
2022-01-06 00:00:00+08:00,0.304644,0.304644,0.304644,0.304644,10000,0.000000,0.000000,0.518462
2022-01-07 00:00:00+08:00,0.304644,0.304644,0.304644,0.304644,0,0.000000,0.000000,0.518502
2022-01-10 00:00:00+08:00,0.295412,0.295412,0.295412,0.295412,15000,0.000000,0.000000,0.509309
2022-01-11 00:00:00+08:00,0.295412,0.295412,0.295412,0.295412,0,0.000000,0.000000,0.509349
2022-01-12 00:00:00+08:00,0.295412,0.295412,0.295412,0.295412,0,0.000000,0.000000,0.509388
2022-01-13 00:00:00+08:00,0.295412,0.295412,0.295412,0.295412,0,0.000000,0.000000,0.509428
2022-01-14 00:00:00+08:00,0.304644,0.304644,0.304644,0.304644,8000,0.000000,0.000000,0.518699
2022-01-17 00:00:00+08:00,0.304644,0.304644,0.300028,0.304644,3400,0.000000,0.000000,0.518739
2022-01-18 00:00:00+08:00,0.304644,0.313876,0.304644,0.313876,83900,0.000000,0.000000,0.528010
2022-01-19 00:00:00+08:00,0.313876,0.313876,0.295412,0.295412,6300,0.000000,0.000000,0.509586
2022-01-20 00:00:00+08:00,0.304644,0.304644,0.304644,0.304644,23000,0.000000,0.000000,0.518857
2022-01-21 00:00:00+08:00,0.304644,0.304644,0.304644,0.304644,0,0.000000,0.000000,0.518897
2022-01-24 00:00:00+08:00,0.304644,0.304644,0.304644,0.304644,4000,0.000000,0.000000,0.518936
2022-01-25 00:00:00+08:00,0.304644,0.304644,0.304644,0.304644,2000,0.000000,0.000000,0.518976
2022-01-26 00:00:00+08:00,0.304644,0.304644,0.300028,0.300028,37300,0.000000,0.000000,0.514400
2022-01-27 00:00:00+08:00,0.300028,0.300028,0.300028,0.300028,0,0.000000,0.000000,0.514439
2022-01-28 00:00:00+08:00,0.300028,0.300028,0.300028,0.300028,0,0.000000,0.000000,0.514479
2022-01-31 00:00:00+08:00,0.295412,0.295412,0.295412,0.295412,10000,0.000000,0.000000,0.509902
2022-02-03 00:00:00+08:00,0.295412,0.295412,0.295412,0.295412,0,0.000000,0.000000,0.509942
2022-02-04 00:00:00+08:00,0.295412,0.295412,0.295412,0.295412,0,0.000000,0.000000,0.509981
2022-02-07 00:00:00+08:00,0.295412,0.295412,0.295412,0.295412,0,0.000000,0.000000,0.510021
2022-02-08 00:00:00+08:00,0.295412,0.295412,0.295412,0.295412,0,0.000000,0.000000,0.510060
2022-02-09 00:00:00+08:00,0.323107,0.323107,0.323107,0.323107,100,0.000000,0.000000,0.537795
2022-02-10 00:00:00+08:00,0.327723,0.327723,0.327723,0.327723,200,0.000000,0.000000,0.542450
2022-02-11 00:00:00+08:00,0.304644,0.304644,0.304644,0.304644,2500,0.000000,0.000000,0.519411
2022-02-14 00:00:00+08:00,0.304644,0.304644,0.295412,0.295412,16000,0.000000,0.000000,0.510218
2022-02-15 00:00:00+08:00,0.295412,0.295412,0.295412,0.295412,400,0.000000,0.000000,0.510258
2022-02-16 00:00:00+08:00,0.323107,0.327723,0.290797,0.290797,43400,0.000000,0.000000,0.505682
2022-02-17 00:00:00+08:00,0.290797,0.290797,0.290797,0.290797,20000,0.000000,0.000000,0.505722
2022-02-18 00:00:00+08:00,0.290797,0.290797,0.290797,0.290797,0,0.000000,0.000000,0.505761
2022-02-21 00:00:00+08:00,0.290797,0.290797,0.290797,0.290797,0,0.000000,0.000000,0.505801
2022-02-22 00:00:00+08:00,0.290797,0.290797,0.290797,0.290797,0,0.000000,0.000000,0.505840
2022-02-23 00:00:00+08:00,0.295412,0.300028,0.295412,0.300028,4500,0.000000,0.000000,0.515111
2022-02-24 00:00:00+08:00,0.290797,0.290797,0.281565,0.281565,30000,0.000000,0.000000,0.496688
2022-02-25 00:00:00+08:00,0.281565,0.281565,0.281565,0.281565,0,0.000000,0.000000,0.496727
2022-02-28 00:00:00+08:00,0.295412,0.295412,0.295412,0.295412,25000,0.000000,0.000000,0.510614
2022-03-01 00:00:00+08:00,0.295412,0.295412,0.295412,0.295412,0,0.000000,0.000000,0.510653
2022-03-02 00:00:00+08:00,0.295412,0.295412,0.295412,0.295412,0,0.000000,0.000000,0.510693
2022-03-03 00:00:00+08:00,0.295412,0.295412,0.295412,0.295412,0,0.000000,0.000000,0.510732
2022-03-04 00:00:00+08:00,0.295412,0.295412,0.295412,0.295412,14500,0.000000,0.000000,0.510772
2022-03-07 00:00:00+08:00,0.295412,0.295412,0.295412,0.295412,0,0.000000,0.000000,0.510811
2022-03-08 00:00:00+08:00,0.290797,0.290797,0.290797,0.290797,10000,0.000000,0.000000,0.506236
2022-03-09 00:00:00+08:00,0.290797,0.290797,0.290797,0.290797,0,0.000000,0.000000,0.506275
2022-03-10 00:00:00+08:00,0.290797,0.290797,0.290797,0.290797,0,0.000000,0.000000,0.506315
2022-03-11 00:00:00+08:00,0.290797,0.290797,0.290797,0.290797,0,0.000000,0.000000,0.506354
2022-03-14 00:00:00+08:00,0.286181,0.286181,0.286181,0.286181,900,0.000000,0.000000,0.501778
2022-03-15 00:00:00+08:00,0.286181,0.286181,0.286181,0.286181,0,0.000000,0.000000,0.501817
2022-03-16 00:00:00+08:00,0.286181,0.286181,0.286181,0.286181,0,0.000000,0.000000,0.501857
2022-03-17 00:00:00+08:00,0.295412,0.295412,0.295412,0.295412,12000,0.000000,0.000000,0.511127
2022-03-18 00:00:00+08:00,0.295412,0.295412,0.295412,0.295412,0,0.000000,0.000000,0.511167
2022-03-21 00:00:00+08:00,0.295412,0.295412,0.295412,0.295412,0,0.000000,0.000000,0.511206
2022-03-22 00:00:00+08:00,0.286181,0.295412,0.286181,0.295412,11000,0.000000,0.000000,0.511246
2022-03-23 00:00:00+08:00,0.295412,0.295412,0.295412,0.295412,0,0.000000,0.000000,0.511286
2022-03-24 00:00:00+08:00,0.295412,0.295412,0.295412,0.295412,0,0.000000,0.000000,0.511325
2022-03-25 00:00:00+08:00,0.290797,0.290797,0.290797,0.290797,2400,0.000000,0.000000,0.506750
2022-03-28 00:00:00+08:00,0.290797,0.290797,0.290797,0.290797,0,0.000000,0.000000,0.506789
2022-03-29 00:00:00+08:00,0.295412,0.300028,0.295412,0.300028,1700,0.000000,0.000000,0.516060
2022-03-30 00:00:00+08:00,0.300028,0.309260,0.300028,0.304644,10500,0.000000,0.000000,0.520715
2022-03-31 00:00:00+08:00,0.304644,0.304644,0.304644,0.304644,0,0.000000,0.000000,0.520755
2022-04-01 00:00:00+08:00,0.304644,0.304644,0.304644,0.304644,0,0.000000,0.000000,0.520794
2022-04-04 00:00:00+08:00,0.295412,0.295412,0.295412,0.295412,6200,0.000000,0.000000,0.511602
2022-04-05 00:00:00+08:00,0.281565,0.281565,0.281565,0.281565,5000,0.000000,0.000000,0.497794
2022-04-06 00:00:00+08:00,0.304644,0.309260,0.304644,0.309260,9000,0.000000,0.000000,0.525529
2022-04-07 00:00:00+08:00,0.309260,0.309260,0.309260,0.309260,0,0.000000,0.000000,0.525568
2022-04-08 00:00:00+08:00,0.309260,0.309260,0.309260,0.309260,0,0.000000,0.000000,0.525608
2022-04-11 00:00:00+08:00,0.309260,0.309260,0.309260,0.309260,0,0.000000,0.000000,0.525647
2022-04-12 00:00:00+08:00,0.309260,0.309260,0.309260,0.309260,0,0.000000,0.000000,0.525687
2022-04-13 00:00:00+08:00,0.336955,0.336955,0.332339,0.332339,1100,0.000000,0.000000,0.548805
2022-04-14 00:00:00+08:00,0.332339,0.332339,0.332339,0.332339,0,0.000000,0.000000,0.548845
2022-04-18 00:00:00+08:00,0.332339,0.332339,0.332339,0.332339,0,0.000000,0.000000,0.548884
2022-04-19 00:00:00+08:00,0.286181,0.336955,0.286181,0.336955,5500,0.000000,0.000000,0.553540
2022-04-20 00:00:00+08:00,0.336955,0.336955,0.336955,0.336955,0,0.000000,0.000000,0.553580
2022-04-21 00:00:00+08:00,0.304644,0.309260,0.304644,0.309260,150200,0.000000,0.000000,0.525924
2022-04-22 00:00:00+08:00,0.304644,0.304644,0.304644,0.304644,1800,0.000000,0.000000,0.521348
2022-04-25 00:00:00+08:00,0.304644,0.304644,0.304644,0.304644,0,0.000000,0.000000,0.521387
2022-04-26 00:00:00+08:00,0.300028,0.300028,0.300028,0.300028,3000,0.000000,0.000000,0.516811
2022-04-27 00:00:00+08:00,0.295412,0.295412,0.295412,0.295412,500,0.000000,0.000000,0.512234
2022-04-28 00:00:00+08:00,0.290797,0.290797,0.286181,0.286181,21100,0.000000,0.000000,0.503043
2022-04-29 00:00:00+08:00,0.286181,0.286181,0.286181,0.286181,0,0.000000,0.000000,0.503082
2022-05-04 00:00:00+08:00,0.290797,0.290797,0.281565,0.281565,53700,0.000000,0.000000,0.498506
2022-05-05 00:00:00+08:00,0.286181,0.290797,0.286181,0.290797,40100,0.000000,0.000000,0.507777
2022-05-06 00:00:00+08:00,0.281565,0.281565,0.281565,0.281565,300,0.000000,0.000000,0.498585
2022-05-09 00:00:00+08:00,0.290797,0.295412,0.290797,0.295412,31100,0.000000,0.000000,0.512471
2022-05-10 00:00:00+08:00,0.295412,0.295412,0.295412,0.295412,0,0.000000,0.000000,0.512511
2022-05-11 00:00:00+08:00,0.286181,0.286181,0.286181,0.286181,200,0.000000,0.000000,0.503319
2022-05-12 00:00:00+08:00,0.281565,0.281565,0.281565,0.281565,5300,0.000000,0.000000,0.498743
2022-05-13 00:00:00+08:00,0.281565,0.281565,0.281565,0.281565,0,0.000000,0.000000,0.498782
2022-05-17 00:00:00+08:00,0.281565,0.281565,0.281565,0.281565,0,0.000000,0.000000,0.498822
2022-05-18 00:00:00+08:00,0.281565,0.281565,0.281565,0.281565,0,0.000000,0.000000,0.498861
2022-05-19 00:00:00+08:00,0.281565,0.281565,0.281565,0.281565,0,0.000000,0.000000,0.498901
2022-05-20 00:00:00+08:00,0.281565,0.281565,0.281565,0.281565,10400,0.000000,0.000000,0.498940
2022-05-23 00:00:00+08:00,0.281565,0.281565,0.281565,0.281565,900,0.000000,0.000000,0.498980
2022-05-24 00:00:00+08:00,0.281565,0.281565,0.281565,0.281565,0,0.000000,0.000000,0.499020
2022-05-25 00:00:00+08:00,0.286181,0.290797,0.286181,0.290797,1900,0.000000,0.000000,0.508291
2022-05-26 00:00:00+08:00,0.290797,0.290797,0.290797,0.290797,6900,0.000000,0.000000,0.508331
2022-05-27 00:00:00+08:00,0.290797,0.290797,0.290797,0.290797,0,0.000000,0.000000,0.508370
2022-05-30 00:00:00+08:00,0.290797,0.290797,0.290797,0.290797,0,0.000000,0.000000,0.508410
2022-05-31 00:00:00+08:00,0.286181,0.286181,0.281565,0.281565,12500,0.000000,0.000000,0.499217
2022-06-01 00:00:00+08:00,0.281565,0.281565,0.281565,0.281565,15000,0.000000,0.000000,0.499257
2022-06-02 00:00:00+08:00,0.281565,0.281565,0.281565,0.281565,0,0.000000,0.000000,0.499296
2022-06-03 00:00:00+08:00,0.281565,0.281565,0.281565,0.281565,0,0.000000,0.000000,0.499336
2022-06-06 00:00:00+08:00,0.281565,0.295412,0.276949,0.295412,10400,0.000000,0.000000,0.513222
2022-06-07 00:00:00+08:00,0.295412,0.295412,0.295412,0.295412,0,0.000000,0.000000,0.513262
2022-06-08 00:00:00+08:00,0.295412,0.295412,0.295412,0.295412,0,0.000000,0.000000,0.513301
2022-06-09 00:00:00+08:00,0.295412,0.295412,0.295412,0.295412,0,0.000000,0.000000,0.513341
2022-06-10 00:00:00+08:00,0.295412,0.295412,0.295412,0.295412,0,0.000000,0.000000,0.513380
2022-06-13 00:00:00+08:00,0.295412,0.295412,0.295412,0.295412,0,0.000000,0.000000,0.513420
2022-06-14 00:00:00+08:00,0.281565,0.281565,0.276949,0.281565,20100,0.000000,0.000000,0.499612
2022-06-15 00:00:00+08:00,0.281565,0.281565,0.281565,0.281565,0,0.000000,0.000000,0.499652
2022-06-16 00:00:00+08:00,0.276949,0.276949,0.276949,0.276949,8100,0.000000,0.000000,0.495075
2022-06-17 00:00:00+08:00,0.276949,0.276949,0.276949,0.276949,6000,0.000000,0.000000,0.495115
2022-06-20 00:00:00+08:00,0.276949,0.276949,0.276949,0.276949,0,0.000000,0.000000,0.495155
2022-06-21 00:00:00+08:00,0.276949,0.276949,0.276949,0.276949,0,0.000000,0.000000,0.495194
2022-06-22 00:00:00+08:00,0.276949,0.276949,0.276949,0.276949,0,0.000000,0.000000,0.495234
2022-06-23 00:00:00+08:00,0.276949,0.276949,0.272333,0.272333,20900,0.000000,0.000000,0.490657
2022-06-24 00:00:00+08:00,0.272333,0.272333,0.272333,0.272333,0,0.000000,0.000000,0.490697
2022-06-27 00:00:00+08:00,0.272333,0.272333,0.272333,0.272333,275900,0.000000,0.000000,0.490736
2022-06-28 00:00:00+08:00,0.272333,0.272333,0.272333,0.272333,0,0.000000,0.000000,0.490776
2022-06-29 00:00:00+08:00,0.272333,0.272333,0.272333,0.272333,300,0.000000,0.000000,0.490815
2022-06-30 00:00:00+08:00,0.272333,0.272333,0.272333,0.272333,0,0.000000,0.000000,0.490855
2022-07-01 00:00:00+08:00,0.272333,0.272333,0.272333,0.272333,0,0.000000,0.000000,0.490894
2022-07-04 00:00:00+08:00,0.276949,0.276949,0.276949,0.276949,30000,0.000000,0.000000,0.495550
2022-07-05 00:00:00+08:00,0.276949,0.276949,0.276949,0.276949,0,0.000000,0.000000,0.495589
2022-07-06 00:00:00+08:00,0.276949,0.276949,0.276949,0.276949,0,0.000000,0.000000,0.495629
2022-07-07 00:00:00+08:00,0.276949,0.276949,0.276949,0.276949,0,0.000000,0.000000,0.495668
2022-07-08 00:00:00+08:00,0.276949,0.276949,0.276949,0.276949,0,0.000000,0.000000,0.495708
2022-07-12 00:00:00+08:00,0.276949,0.276949,0.276949,0.276949,0,0.000000,0.000000,0.495747
2022-07-13 00:00:00+08:00,0.276949,0.276949,0.276949,0.276949,0,0.000000,0.000000,0.495787
2022-07-14 00:00:00+08:00,0.276949,0.276949,0.276949,0.276949,0,0.000000,0.000000,0.495826
2022-07-15 00:00:00+08:00,0.276949,0.276949,0.276949,0.276949,0,0.000000,0.000000,0.495866
2022-07-18 00:00:00+08:00,0.281565,0.281565,0.281565,0.281565,50000,0.000000,0.000000,0.500522
2022-07-19 00:00:00+08:00,0.281565,0.281565,0.281565,0.281565,0,0.000000,0.000000,0.500561
2022-07-20 00:00:00+08:00,0.281565,0.281565,0.281565,0.281565,0,0.000000,0.000000,0.500601
2022-07-21 00:00:00+08:00,0.281565,0.281565,0.281565,0.281565,0,0.000000,0.000000,0.500640
2022-07-22 00:00:00+08:00,0.276949,0.276949,0.276949,0.276949,500,0.000000,0.000000,0.496064
2022-07-25 00:00:00+08:00,0.272333,0.272333,0.272333,0.272333,20000,0.000000,0.000000,0.491487
2022-07-26 00:00:00+08:00,0.272333,0.272333,0.272333,0.272333,0,0.000000,0.000000,0.491527
2022-07-27 00:00:00+08:00,0.272333,0.272333,0.272333,0.272333,6000,0.000000,0.000000,0.491566
2022-07-28 00:00:00+08:00,0.272333,0.272333,0.272333,0.272333,0,0.000000,0.000000,0.491606
2022-07-29 00:00:00+08:00,0.272333,0.272333,0.272333,0.272333,35200,0.000000,0.000000,0.491645
2022-08-01 00:00:00+08:00,0.272333,0.272333,0.272333,0.272333,0,0.000000,0.000000,0.491685
2022-08-02 00:00:00+08:00,0.272333,0.272333,0.272333,0.272333,0,0.000000,0.000000,0.491724
2022-08-03 00:00:00+08:00,0.272333,0.272333,0.272333,0.272333,0,0.000000,0.000000,0.491764
2022-08-04 00:00:00+08:00,0.272333,0.272333,0.272333,0.272333,0,0.000000,0.000000,0.491803
2022-08-05 00:00:00+08:00,0.267718,0.267718,0.253870,0.253870,5000,0.000000,0.000000,0.473380
2022-08-08 00:00:00+08:00,0.253870,0.253870,0.253870,0.253870,0,0.000000,0.000000,0.473419
2022-08-10 00:00:00+08:00,0.258486,0.263102,0.258486,0.263102,100500,0.000000,0.000000,0.482691
2022-08-11 00:00:00+08:00,0.263102,0.263102,0.263102,0.263102,0,0.000000,0.000000,0.482730
2022-08-12 00:00:00+08:00,0.263102,0.263102,0.263102,0.263102,0,0.000000,0.000000,0.482770
2022-08-15 00:00:00+08:00,0.263102,0.263102,0.263102,0.263102,0,0.000000,0.000000,0.482810
2022-08-16 00:00:00+08:00,0.263102,0.263102,0.263102,0.263102,0,0.000000,0.000000,0.482849
2022-08-17 00:00:00+08:00,0.263102,0.263102,0.263102,0.263102,0,0.000000,0.000000,0.482889
2022-08-18 00:00:00+08:00,0.263102,0.263102,0.263102,0.263102,0,0.000000,0.000000,0.482928
2022-08-19 00:00:00+08:00,0.263102,0.263102,0.263102,0.263102,0,0.000000,0.000000,0.482968
2022-08-22 00:00:00+08:00,0.290797,0.290797,0.290797,0.290797,2300,0.000000,0.000000,0.510702
2022-08-23 00:00:00+08:00,0.290797,0.290797,0.290797,0.290797,0,0.000000,0.000000,0.510742
2022-08-24 00:00:00+08:00,0.290797,0.290797,0.290797,0.290797,0,0.000000,0.000000,0.510781
2022-08-25 00:00:00+08:00,0.290797,0.290797,0.290797,0.290797,0,0.000000,0.000000,0.510821
2022-08-26 00:00:00+08:00,0.290797,0.290797,0.290797,0.290797,0,0.000000,0.000000,0.510860
2022-08-29 00:00:00+08:00,0.290797,0.290797,0.290797,0.290797,0,0.000000,0.000000,0.510900
2022-08-30 00:00:00+08:00,0.290797,0.290797,0.290797,0.290797,0,0.000000,0.000000,0.510939
2022-08-31 00:00:00+08:00,0.290797,0.290797,0.290797,0.290797,0,0.000000,0.000000,0.510979
2022-09-01 00:00:00+08:00,0.290797,0.290797,0.290797,0.290797,0,0.000000,0.000000,0.511018
2022-09-02 00:00:00+08:00,0.290797,0.290797,0.290797,0.290797,0,0.000000,0.000000,0.511058
2022-09-05 00:00:00+08:00,0.290797,0.290797,0.290797,0.290797,0,0.000000,0.000000,0.511097
2022-09-06 00:00:00+08:00,0.286181,0.286181,0.286181,0.286181,800,0.000000,0.000000,0.506521
2022-09-07 00:00:00+08:00,0.286181,0.286181,0.286181,0.286181,0,0.000000,0.000000,0.506560
2022-09-08 00:00:00+08:00,0.286181,0.286181,0.286181,0.286181,0,0.000000,0.000000,0.506600
2022-09-09 00:00:00+08:00,0.286181,0.286181,0.286181,0.286181,0,0.000000,0.000000,0.506639
2022-09-12 00:00:00+08:00,0.272333,0.272333,0.253870,0.253870,165000,0.000000,0.000000,0.474368
2022-09-13 00:00:00+08:00,0.276949,0.276949,0.253870,0.276949,6400,0.000000,0.000000,0.497487
2022-09-14 00:00:00+08:00,0.276949,0.290797,0.276949,0.290797,13300,0.000000,0.000000,0.511374
2022-09-15 00:00:00+08:00,0.290797,0.290797,0.290797,0.290797,0,0.000000,0.000000,0.511414
2022-09-16 00:00:00+08:00,0.290797,0.290797,0.290797,0.290797,0,0.000000,0.000000,0.511453
2022-09-19 00:00:00+08:00,0.290797,0.290797,0.290797,0.290797,0,0.000000,0.000000,0.511493
2022-09-20 00:00:00+08:00,0.290797,0.290797,0.290797,0.290797,0,0.000000,0.000000,0.511532
2022-09-21 00:00:00+08:00,0.290797,0.290797,0.290797,0.290797,0,0.000000,0.000000,0.511572
2022-09-22 00:00:00+08:00,0.290797,0.290797,0.290797,0.290797,0,0.000000,0.000000,0.511611
2022-09-23 00:00:00+08:00,0.290797,0.290797,0.290797,0.290797,0,0.000000,0.000000,0.511651
2022-09-26 00:00:00+08:00,0.290797,0.290797,0.290797,0.290797,0,0.000000,0.000000,0.511690
2022-09-27 00:00:00+08:00,0.290797,0.290797,0.290797,0.290797,0,0.000000,0.000000,0.511730
2022-09-28 00:00:00+08:00,0.290797,0.290797,0.290797,0.290797,0,0.000000,0.000000,0.511769
2022-09-29 00:00:00+08:00,0.290797,0.290797,0.290797,0.290797,0,0.000000,0.000000,0.511809
2022-09-30 00:00:00+08:00,0.290797,0.290797,0.290797,0.290797,0,0.000000,0.000000,0.511848
2022-10-03 00:00:00+08:00,0.290797,0.290797,0.290797,0.290797,0,0.000000,0.000000,0.511888
2022-10-04 00:00:00+08:00,0.290797,0.290797,0.290797,0.290797,0,0.000000,0.000000,0.511927
2022-10-05 00:00:00+08:00,0.290797,0.290797,0.290797,0.290797,0,0.000000,0.000000,0.511967
2022-10-06 00:00:00+08:00,0.290797,0.290797,0.290797,0.290797,0,0.000000,0.000000,0.512006
2022-10-07 00:00:00+08:00,0.290797,0.290797,0.290797,0.290797,0,0.000000,0.000000,0.512046
2022-10-10 00:00:00+08:00,0.263102,0.272333,0.258486,0.272333,140300,0.000000,0.000000,0.493622
2022-10-11 00:00:00+08:00,0.258486,0.272333,0.258486,0.272333,15100,0.000000,0.000000,0.493661
2022-10-12 00:00:00+08:00,0.272333,0.272333,0.272333,0.272333,0,0.000000,0.000000,0.493701
2022-10-13 00:00:00+08:00,0.272333,0.272333,0.272333,0.272333,0,0.000000,0.000000,0.493740
2022-10-14 00:00:00+08:00,0.272333,0.272333,0.272333,0.272333,0,0.000000,0.000000,0.493780
2022-10-17 00:00:00+08:00,0.272333,0.272333,0.272333,0.272333,0,0.000000,0.000000,0.493819
2022-10-18 00:00:00+08:00,0.272333,0.272333,0.272333,0.272333,0,0.000000,0.000000,0.493859
2022-10-19 00:00:00+08:00,0.272333,0.272333,0.272333,0.272333,0,0.000000,0.000000,0.493898
2022-10-20 00:00:00+08:00,0.272333,0.272333,0.272333,0.272333,0,0.000000,0.000000,0.493938
2022-10-21 00:00:00+08:00,0.272333,0.272333,0.272333,0.272333,0,0.000000,0.000000,0.493977
2022-10-25 00:00:00+08:00,0.272333,0.272333,0.272333,0.272333,9200,0.000000,0.000000,0.494017
2022-10-26 00:00:00+08:00,0.258486,0.272333,0.258486,0.272333,30000,0.000000,0.000000,0.494056
2022-10-27 00:00:00+08:00,0.272333,0.272333,0.272333,0.272333,0,0.000000,0.000000,0.494096
2022-10-28 00:00:00+08:00,0.272333,0.272333,0.272333,0.272333,10000,0.000000,0.000000,0.494135
2022-10-31 00:00:00+08:00,0.272333,0.272333,0.272333,0.272333,0,0.000000,0.000000,0.494175
2022-11-01 00:00:00+08:00,0.272333,0.272333,0.272333,0.272333,0,0.000000,0.000000,0.494214
2022-11-02 00:00:00+08:00,0.267718,0.267718,0.267718,0.267718,11000,0.000000,0.000000,0.489639
2022-11-03 00:00:00+08:00,0.272333,0.272333,0.272333,0.272333,900,0.000000,0.000000,0.494293
2022-11-04 00:00:00+08:00,0.281889,0.281889,0.281889,0.281889,0,0.010000,0.000000,0.503889
2022-11-07 00:00:00+08:00,0.262778,0.277111,0.262778,0.277111,3100,0.000000,0.000000,0.499151
2022-11-08 00:00:00+08:00,0.277111,0.277111,0.277111,0.277111,0,0.000000,0.000000,0.499191
2022-11-09 00:00:00+08:00,0.277111,0.277111,0.277111,0.277111,0,0.000000,0.000000,0.499231
2022-11-10 00:00:00+08:00,0.277111,0.277111,0.277111,0.277111,0,0.000000,0.000000,0.499271
2022-11-11 00:00:00+08:00,0.277111,0.277111,0.277111,0.277111,0,0.000000,0.000000,0.499311
2022-11-14 00:00:00+08:00,0.277111,0.277111,0.277111,0.277111,0,0.000000,0.000000,0.499351
2022-11-15 00:00:00+08:00,0.262778,0.277111,0.258000,0.277111,26800,0.000000,0.000000,0.499391
2022-11-16 00:00:00+08:00,0.277111,0.277111,0.277111,0.277111,0,0.000000,0.000000,0.499431
2022-11-17 00:00:00+08:00,0.277111,0.277111,0.277111,0.277111,0,0.000000,0.000000,0.499471
2022-11-18 00:00:00+08:00,0.277111,0.277111,0.277111,0.277111,0,0.000000,0.000000,0.499511
2022-11-21 00:00:00+08:00,0.277111,0.277111,0.277111,0.277111,9300,0.000000,0.000000,0.499551
2022-11-22 00:00:00+08:00,0.277111,0.277111,0.277111,0.277111,0,0.000000,0.000000,0.499591
2022-11-23 00:00:00+08:00,0.277111,0.277111,0.277111,0.277111,0,0.000000,0.000000,0.499631
2022-11-24 00:00:00+08:00,0.277111,0.277111,0.277111,0.277111,0,0.000000,0.000000,0.499671
2022-11-25 00:00:00+08:00,0.277111,0.277111,0.277111,0.277111,0,0.000000,0.000000,0.499711
2022-11-28 00:00:00+08:00,0.190156,0.267556,0.190156,0.267556,30200,0.000000,0.000000,0.490196
2022-11-29 00:00:00+08:00,0.267556,0.267556,0.267556,0.267556,9200,0.000000,0.000000,0.490236
2022-11-30 00:00:00+08:00,0.267556,0.267556,0.267556,0.267556,0,0.000000,0.000000,0.490276
2022-12-01 00:00:00+08:00,0.267556,0.267556,0.267556,0.267556,0,0.000000,0.000000,0.490316
2022-12-02 00:00:00+08:00,0.267556,0.267556,0.267556,0.267556,0,0.000000,0.000000,0.490356
2022-12-05 00:00:00+08:00,0.262778,0.262778,0.262778,0.262778,200,0.000000,0.000000,0.485618
2022-12-06 00:00:00+08:00,0.262778,0.262778,0.248444,0.262778,27100,0.000000,0.000000,0.485658
2022-12-07 00:00:00+08:00,0.248444,0.253222,0.243667,0.243667,204700,0.000000,0.000000,0.466587
2022-12-08 00:00:00+08:00,0.253222,0.253222,0.248444,0.248444,28600,0.000000,0.000000,0.471404
2022-12-09 00:00:00+08:00,0.248444,0.248444,0.248444,0.248444,0,0.000000,0.000000,0.471444
2022-12-12 00:00:00+08:00,0.258000,0.258000,0.258000,0.258000,17000,0.000000,0.000000,0.481040
2022-12-13 00:00:00+08:00,0.243667,0.243667,0.243667,0.243667,20000,0.000000,0.000000,0.466747
2022-12-14 00:00:00+08:00,0.243667,0.248444,0.238889,0.248444,24100,0.000000,0.000000,0.471564
2022-12-15 00:00:00+08:00,0.248444,0.248444,0.234111,0.243667,16100,0.000000,0.000000,0.466827
2022-12-16 00:00:00+08:00,0.243667,0.248444,0.243667,0.248444,1000,0.000000,0.000000,0.471644
2022-12-19 00:00:00+08:00,0.234111,0.234111,0.224556,0.224556,13500,0.000000,0.000000,0.447796
2022-12-20 00:00:00+08:00,0.224556,0.243667,0.224556,0.243667,61000,0.000000,0.000000,0.466947
2022-12-21 00:00:00+08:00,0.243667,0.243667,0.243667,0.243667,0,0.000000,0.000000,0.466987
2022-12-22 00:00:00+08:00,0.243667,0.243667,0.243667,0.243667,0,0.000000,0.000000,0.467027
2022-12-23 00:00:00+08:00,0.243667,0.243667,0.243667,0.243667,0,0.000000,0.000000,0.467067
2022-12-27 00:00:00+08:00,0.243667,0.243667,0.243667,0.243667,0,0.000000,0.000000,0.467107
2022-12-28 00:00:00+08:00,0.243667,0.243667,0.243667,0.243667,0,0.000000,0.000000,0.467147
2022-12-29 00:00:00+08:00,0.243667,0.243667,0.243667,0.243667,0,0.000000,0.000000,0.467187
2022-12-30 00:00:00+08:00,0.243667,0.243667,0.243667,0.243667,0,0.000000,0.000000,0.467227
2023-01-03 00:00:00+08:00,0.243667,0.243667,0.243667,0.243667,0,0.000000,0.000000,0.467267
2023-01-04 00:00:00+08:00,0.243667,0.243667,0.243667,0.243667,0,0.000000,0.000000,0.467307
2023-01-05 00:00:00+08:00,0.243667,0.248444,0.243667,0.248444,23800,0.000000,0.000000,0.472124
2023-01-06 00:00:00+08:00,0.248444,0.248444,0.248444,0.248444,0,0.000000,0.000000,0.472164
2023-01-09 00:00:00+08:00,0.248444,0.248444,0.248444,0.248444,0,0.000000,0.000000,0.472204
2023-01-10 00:00:00+08:00,0.248444,0.248444,0.248444,0.248444,0,0.000000,0.000000,0.472244
2023-01-11 00:00:00+08:00,0.248444,0.248444,0.248444,0.248444,0,0.000000,0.000000,0.472284
2023-01-12 00:00:00+08:00,0.248444,0.248444,0.248444,0.248444,0,0.000000,0.000000,0.472324
2023-01-13 00:00:00+08:00,0.248444,0.248444,0.248444,0.248444,0,0.000000,0.000000,0.472364
2023-01-16 00:00:00+08:00,0.248444,0.248444,0.248444,0.248444,0,0.000000,0.000000,0.472404
2023-01-17 00:00:00+08:00,0.248444,0.248444,0.248444,0.248444,0,0.000000,0.000000,0.472444
2023-01-18 00:00:00+08:00,0.248444,0.248444,0.248444,0.248444,0,0.000000,0.000000,0.472484
2023-01-19 00:00:00+08:00,0.248444,0.248444,0.248444,0.248444,0,0.000000,0.000000,0.472524
2023-01-20 00:00:00+08:00,0.248444,0.248444,0.248444,0.248444,25000,0.000000,0.000000,0.472564
2023-01-25 00:00:00+08:00,0.248444,0.248444,0.248444,0.248444,58400,0.000000,0.000000,0.472604
2023-01-26 00:00:00+08:00,0.253222,0.253222,0.253222,0.253222,1000,0.000000,0.000000,0.477422
2023-01-27 00:00:00+08:00,0.253222,0.253222,0.253222,0.253222,0,0.000000,0.000000,0.477462
2023-01-30 00:00:00+08:00,0.253222,0.253222,0.253222,0.253222,0,0.000000,0.000000,0.477502
2023-01-31 00:00:00+08:00,0.253222,0.253222,0.253222,0.253222,0,0.000000,0.000000,0.477542
2023-02-01 00:00:00+08:00,0.253222,0.253222,0.253222,0.253222,0,0.000000,0.000000,0.477582
2023-02-02 00:00:00+08:00,0.253222,0.253222,0.253222,0.253222,0,0.000000,0.000000,0.477622
2023-02-03 00:00:00+08:00,0.253222,0.253222,0.253222,0.253222,0,0.000000,0.000000,0.477662
2023-02-06 00:00:00+08:00,0.253222,0.253222,0.253222,0.253222,0,0.000000,0.000000,0.477702
2023-02-07 00:00:00+08:00,0.253222,0.253222,0.253222,0.253222,0,0.000000,0.000000,0.477742
2023-02-08 00:00:00+08:00,0.253222,0.253222,0.253222,0.253222,0,0.000000,0.000000,0.477782
2023-02-09 00:00:00+08:00,0.253222,0.253222,0.253222,0.253222,0,0.000000,0.000000,0.477822
2023-02-10 00:00:00+08:00,0.253222,0.253222,0.253222,0.253222,10000,0.000000,0.000000,0.477862
2023-02-13 00:00:00+08:00,0.253222,0.253222,0.253222,0.253222,0,0.000000,0.000000,0.477902
2023-02-14 00:00:00+08:00,0.253222,0.253222,0.253222,0.253222,0,0.000000,0.000000,0.477942
2023-02-15 00:00:00+08:00,0.253222,0.253222,0.253222,0.253222,0,0.000000,0.000000,0.477982
2023-02-16 00:00:00+08:00,0.253222,0.253222,0.253222,0.253222,0,0.000000,0.000000,0.478022
2023-02-17 00:00:00+08:00,0.253222,0.253222,0.253222,0.253222,0,0.000000,0.000000,0.478062
2023-02-20 00:00:00+08:00,0.253222,0.253222,0.253222,0.253222,0,0.000000,0.000000,0.478102
2023-02-21 00:00:00+08:00,0.253222,0.253222,0.253222,0.253222,0,0.000000,0.000000,0.478142
2023-02-22 00:00:00+08:00,0.248444,0.248444,0.248444,0.248444,1000,0.000000,0.000000,0.473404
2023-02-23 00:00:00+08:00,0.243667,0.243667,0.243667,0.243667,1000,0.000000,0.000000,0.468667
2023-02-24 00:00:00+08:00,0.229333,0.253222,0.229333,0.253222,5100,0.000000,0.000000,0.478262
2023-02-27 00:00:00+08:00,0.229333,0.229333,0.224556,0.224556,24000,0.000000,0.000000,0.449636
2023-02-28 00:00:00+08:00,0.219778,0.224556,0.219778,0.224556,60000,0.000000,0.000000,0.449676
2023-03-01 00:00:00+08:00,0.224556,0.224556,0.224556,0.224556,57300,0.000000,0.000000,0.449716
2023-03-02 00:00:00+08:00,0.224556,0.224556,0.219778,0.219778,45200,0.000000,0.000000,0.444978
2023-03-03 00:00:00+08:00,0.219778,0.219778,0.219778,0.219778,0,0.000000,0.000000,0.445018
2023-03-06 00:00:00+08:00,0.224556,0.224556,0.224556,0.224556,1300,0.000000,0.000000,0.449836
2023-03-07 00:00:00+08:00,0.224556,0.224556,0.224556,0.224556,0,0.000000,0.000000,0.449876
2023-03-08 00:00:00+08:00,0.224556,0.224556,0.224556,0.224556,0,0.000000,0.000000,0.449916
2023-03-09 00:00:00+08:00,0.224556,0.224556,0.224556,0.224556,0,0.000000,0.000000,0.449956
2023-03-10 00:00:00+08:00,0.224556,0.224556,0.224556,0.224556,0,0.000000,0.000000,0.449996
2023-03-13 00:00:00+08:00,0.224556,0.224556,0.224556,0.224556,0,0.000000,0.000000,0.450036
2023-03-14 00:00:00+08:00,0.224556,0.224556,0.224556,0.224556,0,0.000000,0.000000,0.450076
2023-03-15 00:00:00+08:00,0.224556,0.224556,0.224556,0.224556,0,0.000000,0.000000,0.450116
2023-03-16 00:00:00+08:00,0.224556,0.224556,0.224556,0.224556,0,0.000000,0.000000,0.450156
2023-03-17 00:00:00+08:00,0.224556,0.224556,0.224556,0.224556,0,0.000000,0.000000,0.450196
2023-03-20 00:00:00+08:00,0.210222,0.224556,0.210222,0.224556,1100,0.000000,0.000000,0.450236
2023-03-21 00:00:00+08:00,0.224556,0.224556,0.224556,0.224556,0,0.000000,0.000000,0.450276
2023-03-22 00:00:00+08:00,0.219778,0.219778,0.210222,0.219778,11100,0.000000,0.000000,0.445538
2023-03-23 00:00:00+08:00,0.219778,0.219778,0.219778,0.219778,0,0.000000,0.000000,0.445578
2023-03-24 00:00:00+08:00,0.224556,0.224556,0.224556,0.224556,400,0.000000,0.000000,0.450396
2023-03-27 00:00:00+08:00,0.224556,0.224556,0.224556,0.224556,0,0.000000,0.000000,0.450436
2023-03-28 00:00:00+08:00,0.224556,0.224556,0.224556,0.224556,0,0.000000,0.000000,0.450476
2023-03-29 00:00:00+08:00,0.224556,0.224556,0.224556,0.224556,0,0.000000,0.000000,0.450516
2023-03-30 00:00:00+08:00,0.224556,0.224556,0.224556,0.224556,20000,0.000000,0.000000,0.450556
2023-03-31 00:00:00+08:00,0.224556,0.224556,0.224556,0.224556,30000,0.000000,0.000000,0.450596
2023-04-03 00:00:00+08:00,0.210222,0.219778,0.210222,0.219778,1200,0.000000,0.000000,0.445858
2023-04-04 00:00:00+08:00,0.219778,0.224556,0.219778,0.224556,13900,0.000000,0.000000,0.450676
2023-04-05 00:00:00+08:00,0.210222,0.224556,0.210222,0.224556,700,0.000000,0.000000,0.450716
2023-04-06 00:00:00+08:00,0.224556,0.224556,0.224556,0.224556,0,0.000000,0.000000,0.450756
2023-04-10 00:00:00+08:00,0.224556,0.224556,0.224556,0.224556,0,0.000000,0.000000,0.450796
2023-04-11 00:00:00+08:00,0.224556,0.224556,0.224556,0.224556,0,0.000000,0.000000,0.450836
2023-04-12 00:00:00+08:00,0.224556,0.224556,0.224556,0.224556,0,0.000000,0.000000,0.450876
2023-04-13 00:00:00+08:00,0.224556,0.224556,0.224556,0.224556,0,0.000000,0.000000,0.450916
2023-04-14 00:00:00+08:00,0.215000,0.224556,0.210222,0.224556,107900,0.000000,0.000000,0.450956
2023-04-17 00:00:00+08:00,0.224556,0.229333,0.224556,0.229333,122800,0.000000,0.000000,0.455773
2023-04-18 00:00:00+08:00,0.229333,0.229333,0.229333,0.229333,0,0.000000,0.000000,0.455813
2023-04-19 00:00:00+08:00,0.229333,0.229333,0.229333,0.229333,0,0.000000,0.000000,0.455853
2023-04-20 00:00:00+08:00,0.215000,0.224556,0.215000,0.224556,15100,0.000000,0.000000,0.451116
2023-04-21 00:00:00+08:00,0.224556,0.224556,0.224556,0.224556,0,0.000000,0.000000,0.451156
2023-04-24 00:00:00+08:00,0.224556,0.224556,0.224556,0.224556,0,0.000000,0.000000,0.451196
2023-04-25 00:00:00+08:00,0.234111,0.234111,0.224556,0.234111,4200,0.000000,0.000000,0.460791
2023-04-26 00:00:00+08:00,0.234111,0.234111,0.234111,0.234111,0,0.000000,0.000000,0.460831
2023-04-27 00:00:00+08:00,0.224556,0.224556,0.224556,0.224556,62800,0.000000,0.000000,0.451316
2023-04-28 00:00:00+08:00,0.229333,0.229333,0.224556,0.229333,10000,0.000000,0.000000,0.456133
2023-05-02 00:00:00+08:00,0.229333,0.229333,0.229333,0.229333,10100,0.000000,0.000000,0.456173
2023-05-03 00:00:00+08:00,0.224556,0.234111,0.205444,0.234111,7100,0.000000,0.000000,0.460991
2023-05-04 00:00:00+08:00,0.234111,0.234111,0.229333,0.229333,96400,0.000000,0.000000,0.456253
2023-05-05 00:00:00+08:00,0.224556,0.224556,0.224556,0.224556,40000,0.000000,0.000000,0.451516
2023-05-08 00:00:00+08:00,0.224556,0.224556,0.224556,0.224556,0,0.000000,0.000000,0.451556
2023-05-09 00:00:00+08:00,0.234111,0.234111,0.224556,0.224556,1200,0.000000,0.000000,0.451596
2023-05-10 00:00:00+08:00,0.224556,0.224556,0.224556,0.224556,34000,0.000000,0.000000,0.451636
2023-05-11 00:00:00+08:00,0.224556,0.224556,0.224556,0.224556,0,0.000000,0.000000,0.451676
2023-05-12 00:00:00+08:00,0.224556,0.224556,0.224556,0.224556,0,0.000000,0.000000,0.451716
2023-05-15 00:00:00+08:00,0.224556,0.224556,0.224556,0.224556,0,0.000000,0.000000,0.451756
2023-05-16 00:00:00+08:00,0.229333,0.229333,0.229333,0.229333,48000,0.000000,0.000000,0.456573
2023-05-17 00:00:00+08:00,0.219778,0.234111,0.219778,0.234111,15100,0.000000,0.000000,0.461391
2023-05-18 00:00:00+08:00,0.234111,0.234111,0.234111,0.234111,17000,0.000000,0.000000,0.461431
2023-05-19 00:00:00+08:00,0.234111,0.234111,0.234111,0.234111,0,0.000000,0.000000,0.461471
2023-05-22 00:00:00+08:00,0.234111,0.234111,0.234111,0.234111,0,0.000000,0.000000,0.461511
2023-05-23 00:00:00+08:00,0.234111,0.234111,0.234111,0.234111,0,0.000000,0.000000,0.461551
2023-05-24 00:00:00+08:00,0.234111,0.234111,0.234111,0.234111,0,0.000000,0.000000,0.461591
2023-05-25 00:00:00+08:00,0.224556,0.229333,0.215000,0.229333,12300,0.000000,0.000000,0.456853
2023-05-26 00:00:00+08:00,0.229333,0.229333,0.229333,0.229333,0,0.000000,0.000000,0.456893
2023-05-29 00:00:00+08:00,0.229333,0.229333,0.229333,0.229333,0,0.000000,0.000000,0.456933
2023-05-30 00:00:00+08:00,0.215000,0.229333,0.215000,0.229333,500,0.000000,0.000000,0.456973
2023-05-31 00:00:00+08:00,0.229333,0.229333,0.229333,0.229333,0,0.000000,0.000000,0.457013
2023-06-01 00:00:00+08:00,0.229333,0.229333,0.229333,0.229333,0,0.000000,0.000000,0.457053
2023-06-05 00:00:00+08:00,0.224556,0.224556,0.224556,0.224556,55100,0.000000,0.000000,0.452316
2023-06-06 00:00:00+08:00,0.229333,0.229333,0.224556,0.224556,17500,0.000000,0.000000,0.452356
2023-06-07 00:00:00+08:00,0.234111,0.234111,0.234111,0.234111,2000,0.000000,0.000000,0.461951
2023-06-08 00:00:00+08:00,0.234111,0.234111,0.234111,0.234111,0,0.000000,0.000000,0.461991
2023-06-09 00:00:00+08:00,0.234111,0.234111,0.234111,0.234111,300,0.000000,0.000000,0.462031
2023-06-12 00:00:00+08:00,0.234111,0.234111,0.234111,0.234111,0,0.000000,0.000000,0.462071
2023-06-13 00:00:00+08:00,0.234111,0.234111,0.234111,0.234111,0,0.000000,0.000000,0.462111
2023-06-14 00:00:00+08:00,0.234111,0.234111,0.234111,0.234111,0,0.000000,0.000000,0.462151
2023-06-15 00:00:00+08:00,0.224556,0.224556,0.215000,0.215000,6000,0.000000,0.000000,0.443080
2023-06-16 00:00:00+08:00,0.224556,0.224556,0.224556,0.224556,3000,0.000000,0.000000,0.452676
2023-06-19 00:00:00+08:00,0.224556,0.224556,0.224556,0.224556,0,0.000000,0.000000,0.452716
2023-06-20 00:00:00+08:00,0.234111,0.234111,0.224556,0.234111,9700,0.000000,0.000000,0.462311
2023-06-21 00:00:00+08:00,0.234111,0.234111,0.234111,0.234111,0,0.000000,0.000000,0.462351
2023-06-22 00:00:00+08:00,0.234111,0.234111,0.234111,0.234111,0,0.000000,0.000000,0.462391
2023-06-23 00:00:00+08:00,0.234111,0.234111,0.234111,0.234111,2000,0.000000,0.000000,0.462431
2023-06-26 00:00:00+08:00,0.291444,0.291444,0.291444,0.291444,100,0.000000,0.000000,0.519804
2023-06-27 00:00:00+08:00,0.291444,0.291444,0.291444,0.291444,0,0.000000,0.000000,0.519844
2023-06-28 00:00:00+08:00,0.291444,0.291444,0.291444,0.291444,0,0.000000,0.000000,0.519884
2023-06-30 00:00:00+08:00,0.291444,0.291444,0.291444,0.291444,0,0.000000,0.000000,0.519924
2023-07-03 00:00:00+08:00,0.291444,0.291444,0.291444,0.291444,0,0.000000,0.000000,0.519964
2023-07-04 00:00:00+08:00,0.291444,0.291444,0.291444,0.291444,0,0.000000,0.000000,0.520004
2023-07-05 00:00:00+08:00,0.238889,0.238889,0.229333,0.229333,31000,0.000000,0.000000,0.457933
2023-07-06 00:00:00+08:00,0.229333,0.229333,0.229333,0.229333,5000,0.000000,0.000000,0.457973
2023-07-07 00:00:00+08:00,0.229333,0.229333,0.229333,0.229333,4900,0.000000,0.000000,0.458013
2023-07-10 00:00:00+08:00,0.243667,0.243667,0.243667,0.243667,100,0.000000,0.000000,0.472387
2023-07-11 00:00:00+08:00,0.277111,0.277111,0.277111,0.277111,100,0.000000,0.000000,0.505871
2023-07-12 00:00:00+08:00,0.277111,0.277111,0.277111,0.277111,0,0.000000,0.000000,0.505911
2023-07-13 00:00:00+08:00,0.224556,0.229333,0.224556,0.224556,8900,0.000000,0.000000,0.453396
2023-07-14 00:00:00+08:00,0.224556,0.224556,0.224556,0.224556,0,0.000000,0.000000,0.453436
2023-07-17 00:00:00+08:00,0.224556,0.224556,0.224556,0.224556,0,0.000000,0.000000,0.453476
2023-07-18 00:00:00+08:00,0.224556,0.224556,0.224556,0.224556,0,0.000000,0.000000,0.453516
2023-07-19 00:00:00+08:00,0.229333,0.238889,0.224556,0.238889,11100,0.000000,0.000000,0.467889
2023-07-20 00:00:00+08:00,0.238889,0.238889,0.238889,0.238889,0,0.000000,0.000000,0.467929
2023-07-21 00:00:00+08:00,0.238889,0.238889,0.238889,0.238889,0,0.000000,0.000000,0.467969
2023-07-24 00:00:00+08:00,0.224556,0.224556,0.205444,0.205444,3000,0.000000,0.000000,0.434564
2023-07-25 00:00:00+08:00,0.205444,0.205444,0.205444,0.205444,0,0.000000,0.000000,0.434604
2023-07-26 00:00:00+08:00,0.224556,0.224556,0.224556,0.224556,500,0.000000,0.000000,0.453756
2023-07-27 00:00:00+08:00,0.224556,0.224556,0.224556,0.224556,0,0.000000,0.000000,0.453796
2023-07-28 00:00:00+08:00,0.224556,0.224556,0.224556,0.224556,0,0.000000,0.000000,0.453836
2023-07-31 00:00:00+08:00,0.219778,0.219778,0.210222,0.210222,20200,0.000000,0.000000,0.439542
2023-08-01 00:00:00+08:00,0.210222,0.210222,0.210222,0.210222,0,0.000000,0.000000,0.439582
2023-08-02 00:00:00+08:00,0.219778,0.219778,0.219778,0.219778,18400,0.000000,0.000000,0.449178
2023-08-03 00:00:00+08:00,0.219778,0.219778,0.219778,0.219778,0,0.000000,0.000000,0.449218
2023-08-04 00:00:00+08:00,0.219778,0.219778,0.219778,0.219778,0,0.000000,0.000000,0.449258
2023-08-07 00:00:00+08:00,0.219778,0.219778,0.219778,0.219778,0,0.000000,0.000000,0.449298
2023-08-08 00:00:00+08:00,0.219778,0.219778,0.219778,0.219778,0,0.000000,0.000000,0.449338
2023-08-10 00:00:00+08:00,0.219778,0.219778,0.219778,0.219778,0,0.000000,0.000000,0.449378
2023-08-11 00:00:00+08:00,0.219778,0.219778,0.205444,0.205444,12100,0.000000,0.000000,0.435084
2023-08-14 00:00:00+08:00,0.205444,0.205444,0.205444,0.205444,0,0.000000,0.000000,0.435124
2023-08-15 00:00:00+08:00,0.215000,0.215000,0.215000,0.215000,4000,0.000000,0.000000,0.444720
2023-08-16 00:00:00+08:00,0.210222,0.210222,0.205444,0.205444,3000,0.000000,0.000000,0.435204
2023-08-17 00:00:00+08:00,0.205444,0.205444,0.205444,0.205444,0,0.000000,0.000000,0.435244
2023-08-18 00:00:00+08:00,0.205444,0.205444,0.205444,0.205444,6900,0.000000,0.000000,0.435284
2023-08-21 00:00:00+08:00,0.205444,0.205444,0.205444,0.205444,0,0.000000,0.000000,0.435324
2023-08-22 00:00:00+08:00,0.205444,0.205444,0.205444,0.205444,0,0.000000,0.000000,0.435364
2023-08-23 00:00:00+08:00,0.205444,0.205444,0.205444,0.205444,0,0.000000,0.000000,0.435404
2023-08-24 00:00:00+08:00,0.205444,0.205444,0.205444,0.205444,0,0.000000,0.000000,0.435444
2023-08-25 00:00:00+08:00,0.210222,0.234111,0.210222,0.234111,12000,0.000000,0.000000,0.464151
2023-08-28 00:00:00+08:00,0.234111,0.234111,0.234111,0.234111,0,0.000000,0.000000,0.464191
2023-08-29 00:00:00+08:00,0.229333,0.229333,0.215000,0.224556,27900,0.000000,0.000000,0.454676
2023-08-30 00:00:00+08:00,0.224556,0.224556,0.224556,0.224556,0,0.000000,0.000000,0.454716
2023-08-31 00:00:00+08:00,0.224556,0.224556,0.224556,0.224556,0,0.000000,0.000000,0.454756
2023-09-04 00:00:00+08:00,0.219778,0.219778,0.215000,0.215000,10000,0.000000,0.000000,0.445240
2023-09-05 00:00:00+08:00,0.215000,0.215000,0.215000,0.215000,30600,0.000000,0.000000,0.445280
2023-09-06 00:00:00+08:00,0.215000,0.215000,0.195889,0.215000,61000,0.000000,0.000000,0.445320
2023-09-07 00:00:00+08:00,0.215000,0.215000,0.215000,0.215000,15000,0.000000,0.000000,0.445360
2023-09-08 00:00:00+08:00,0.215000,0.215000,0.215000,0.215000,0,0.000000,0.000000,0.445400
2023-09-11 00:00:00+08:00,0.215000,0.215000,0.215000,0.215000,0,0.000000,0.000000,0.445440
2023-09-12 00:00:00+08:00,0.215000,0.215000,0.215000,0.215000,0,0.000000,0.000000,0.445480
2023-09-13 00:00:00+08:00,0.215000,0.215000,0.215000,0.215000,0,0.000000,0.000000,0.445520
2023-09-14 00:00:00+08:00,0.215000,0.215000,0.215000,0.215000,0,0.000000,0.000000,0.445560
2023-09-15 00:00:00+08:00,0.215000,0.215000,0.215000,0.215000,0,0.000000,0.000000,0.445600
2023-09-18 00:00:00+08:00,0.215000,0.215000,0.215000,0.215000,0,0.000000,0.000000,0.445640
2023-09-19 00:00:00+08:00,0.215000,0.215000,0.215000,0.215000,0,0.000000,0.000000,0.445680
2023-09-20 00:00:00+08:00,0.215000,0.215000,0.215000,0.215000,0,0.000000,0.000000,0.445720
2023-09-21 00:00:00+08:00,0.215000,0.215000,0.215000,0.215000,0,0.000000,0.000000,0.445760
2023-09-22 00:00:00+08:00,0.215000,0.215000,0.215000,0.215000,0,0.000000,0.000000,0.445800
2023-09-25 00:00:00+08:00,0.205444,0.205444,0.200667,0.200667,1500,0.000000,0.000000,0.431507
2023-09-26 00:00:00+08:00,0.339222,0.339222,0.205444,0.281889,300,0.000000,0.000000,0.512769
2023-09-27 00:00:00+08:00,0.281889,0.281889,0.281889,0.281889,0,0.000000,0.000000,0.512809
2023-09-28 00:00:00+08:00,0.281889,0.281889,0.281889,0.281889,0,0.000000,0.000000,0.512849
2023-09-29 00:00:00+08:00,0.281889,0.281889,0.281889,0.281889,0,0.000000,0.000000,0.512889
2023-10-02 00:00:00+08:00,0.281889,0.281889,0.281889,0.281889,0,0.000000,0.000000,0.512929
2023-10-03 00:00:00+08:00,0.281889,0.281889,0.281889,0.281889,0,0.000000,0.000000,0.512969
2023-10-04 00:00:00+08:00,0.281889,0.281889,0.281889,0.281889,0,0.000000,0.000000,0.513009
2023-10-05 00:00:00+08:00,0.281889,0.281889,0.281889,0.281889,0,0.000000,0.000000,0.513049
2023-10-06 00:00:00+08:00,0.281889,0.281889,0.281889,0.281889,0,0.000000,0.000000,0.513089
2023-10-09 00:00:00+08:00,0.238889,0.238889,0.224556,0.234111,24500,0.000000,0.000000,0.465351
2023-10-10 00:00:00+08:00,0.234111,0.234111,0.234111,0.234111,0,0.000000,0.000000,0.465391
2023-10-11 00:00:00+08:00,0.234111,0.234111,0.234111,0.234111,300,0.000000,0.000000,0.465431
2023-10-12 00:00:00+08:00,0.219778,0.219778,0.205444,0.219778,125000,0.000000,0.000000,0.451138
2023-10-13 00:00:00+08:00,0.219778,0.219778,0.219778,0.219778,11800,0.000000,0.000000,0.451178
2023-10-16 00:00:00+08:00,0.219778,0.219778,0.219778,0.219778,0,0.000000,0.000000,0.451218
2023-10-17 00:00:00+08:00,0.219778,0.219778,0.219778,0.219778,0,0.000000,0.000000,0.451258
2023-10-18 00:00:00+08:00,0.205444,0.205444,0.191111,0.191111,100000,0.000000,0.000000,0.422631
2023-10-19 00:00:00+08:00,0.191111,0.205444,0.191111,0.195889,26000,0.000000,0.000000,0.427449
2023-10-20 00:00:00+08:00,0.195889,0.195889,0.195889,0.195889,4000,0.000000,0.000000,0.427489
2023-10-23 00:00:00+08:00,0.195889,0.195889,0.195889,0.195889,0,0.000000,0.000000,0.427529
2023-10-24 00:00:00+08:00,0.195889,0.195889,0.195889,0.195889,0,0.000000,0.000000,0.427569
2023-10-25 00:00:00+08:00,0.195889,0.195889,0.195889,0.195889,0,0.000000,0.000000,0.427609
2023-10-26 00:00:00+08:00,0.195889,0.195889,0.195889,0.195889,0,0.000000,0.000000,0.427649
2023-10-27 00:00:00+08:00,0.195889,0.195889,0.195889,0.195889,500,0.000000,0.000000,0.427689
2023-10-30 00:00:00+08:00,0.195889,0.195889,0.195889,0.195889,0,0.000000,0.000000,0.427729
2023-10-31 00:00:00+08:00,0.195889,0.195889,0.195889,0.195889,0,0.000000,0.000000,0.427769
2023-11-01 00:00:00+08:00,0.195889,0.195889,0.195889,0.195889,0,0.000000,0.000000,0.427809
2023-11-02 00:00:00+08:00,0.205444,0.215000,0.205444,0.215000,5000,0.000000,0.000000,0.446960
2023-11-03 00:00:00+08:00,0.215000,0.215000,0.215000,0.215000,600,0.010000,0.000000,0.447000
2023-11-06 00:00:00+08:00,0.215000,0.215000,0.215000,0.215000,1800,0.000000,0.000000,0.447000
2023-11-07 00:00:00+08:00,0.215000,0.215000,0.210000,0.210000,4800,0.000000,0.000000,0.442000
2023-11-08 00:00:00+08:00,0.210000,0.210000,0.210000,0.210000,0,0.000000,0.000000,0.442000
2023-11-09 00:00:00+08:00,0.210000,0.210000,0.205000,0.205000,2900,0.000000,0.000000,0.437000
2023-11-10 00:00:00+08:00,0.205000,0.205000,0.205000,0.205000,0,0.000000,0.000000,0.437000
2023-11-14 00:00:00+08:00,0.205000,0.205000,0.205000,0.205000,0,0.000000,0.000000,0.437000
2023-11-15 00:00:00+08:00,0.205000,0.205000,0.205000,0.205000,0,0.000000,0.000000,0.437000
2023-11-16 00:00:00+08:00,0.205000,0.205000,0.205000,0.205000,0,0.000000,0.000000,0.437000
2023-11-17 00:00:00+08:00,0.205000,0.205000,0.205000,0.205000,0,0.000000,0.000000,0.437000
2023-11-20 00:00:00+08:00,0.205000,0.205000,0.205000,0.205000,0,0.000000,0.000000,0.437000
2023-11-21 00:00:00+08:00,0.205000,0.205000,0.205000,0.205000,0,0.000000,0.000000,0.437000
2023-11-22 00:00:00+08:00,0.205000,0.205000,0.205000,0.205000,0,0.000000,0.000000,0.437000
2023-11-23 00:00:00+08:00,0.205000,0.205000,0.205000,0.205000,0,0.000000,0.000000,0.437000
2023-11-24 00:00:00+08:00,0.205000,0.205000,0.205000,0.205000,0,0.000000,0.000000,0.437000
2023-11-27 00:00:00+08:00,0.205000,0.205000,0.205000,0.205000,0,0.000000,0.000000,0.437000
2023-11-28 00:00:00+08:00,0.205000,0.205000,0.205000,0.205000,0,0.000000,0.000000,0.437000
2023-11-29 00:00:00+08:00,0.205000,0.205000,0.205000,0.205000,0,0.000000,0.000000,0.437000
2023-11-30 00:00:00+08:00,0.205000,0.205000,0.205000,0.205000,0,0.000000,0.000000,0.437000
2023-12-01 00:00:00+08:00,0.205000,0.205000,0.205000,0.205000,0,0.000000,0.000000,0.437000
2023-12-04 00:00:00+08:00,0.215000,0.215000,0.215000,0.215000,1000,0.000000,0.000000,0.447000
2023-12-05 00:00:00+08:00,0.210000,0.210000,0.210000,0.210000,600,0.000000,0.000000,0.442000
2023-12-06 00:00:00+08:00,0.210000,0.210000,0.210000,0.210000,0,0.000000,0.000000,0.442000
2023-12-07 00:00:00+08:00,0.210000,0.210000,0.210000,0.210000,0,0.000000,0.000000,0.442000
2023-12-08 00:00:00+08:00,0.210000,0.210000,0.210000,0.210000,0,0.000000,0.000000,0.442000
2023-12-11 00:00:00+08:00,0.230000,0.230000,0.230000,0.230000,10000,0.000000,0.000000,0.462000
2023-12-12 00:00:00+08:00,0.230000,0.230000,0.230000,0.230000,0,0.000000,0.000000,0.462000
2023-12-13 00:00:00+08:00,0.230000,0.230000,0.230000,0.230000,0,0.000000,0.000000,0.462000
2023-12-14 00:00:00+08:00,0.230000,0.230000,0.230000,0.230000,0,0.000000,0.000000,0.462000
2023-12-15 00:00:00+08:00,0.230000,0.230000,0.230000,0.230000,0,0.000000,0.000000,0.462000
2023-12-18 00:00:00+08:00,0.230000,0.230000,0.230000,0.230000,0,0.000000,0.000000,0.462000
2023-12-19 00:00:00+08:00,0.230000,0.230000,0.230000,0.230000,0,0.000000,0.000000,0.462000
2023-12-20 00:00:00+08:00,0.230000,0.230000,0.230000,0.230000,0,0.000000,0.000000,0.462000
2023-12-21 00:00:00+08:00,0.230000,0.230000,0.230000,0.230000,0,0.000000,0.000000,0.462000
2023-12-22 00:00:00+08:00,0.230000,0.230000,0.230000,0.230000,0,0.000000,0.000000,0.462000
2023-12-26 00:00:00+08:00,0.230000,0.230000,0.230000,0.230000,0,0.000000,0.000000,0.462000
2023-12-27 00:00:00+08:00,0.210000,0.220000,0.210000,0.220000,600,0.000000,0.000000,0.452000
2023-12-28 00:00:00+08:00,0.220000,0.220000,0.220000,0.220000,0,0.000000,0.000000,0.452000
2023-12-29 00:00:00+08:00,0.205000,0.220000,0.205000,0.220000,10000,0.000000,0.000000,0.452000
2024-01-02 00:00:00+08:00,0.220000,0.220000,0.220000,0.220000,0,0.000000,0.000000,0.452000
2024-01-03 00:00:00+08:00,0.215000,0.225000,0.215000,0.225000,24100,0.000000,0.000000,0.457000
2024-01-04 00:00:00+08:00,0.225000,0.225000,0.225000,0.225000,2000,0.000000,0.000000,0.457000
2024-01-05 00:00:00+08:00,0.225000,0.225000,0.225000,0.225000,0,0.000000,0.000000,0.457000
2024-01-08 00:00:00+08:00,0.225000,0.225000,0.225000,0.225000,0,0.000000,0.000000,0.457000
2024-01-09 00:00:00+08:00,0.225000,0.225000,0.225000,0.225000,0,0.000000,0.000000,0.457000
2024-01-10 00:00:00+08:00,0.210000,0.210000,0.205000,0.205000,1500,0.000000,0.000000,0.437000
2024-01-11 00:00:00+08:00,0.205000,0.205000,0.205000,0.205000,0,0.000000,0.000000,0.437000
2024-01-12 00:00:00+08:00,0.205000,0.205000,0.205000,0.205000,0,0.000000,0.000000,0.437000
2024-01-15 00:00:00+08:00,0.205000,0.205000,0.205000,0.205000,0,0.000000,0.000000,0.437000
2024-01-16 00:00:00+08:00,0.210000,0.210000,0.210000,0.210000,1000,0.000000,0.000000,0.442000
2024-01-17 00:00:00+08:00,0.210000,0.210000,0.210000,0.210000,0,0.000000,0.000000,0.442000
2024-01-18 00:00:00+08:00,0.205000,0.215000,0.205000,0.215000,13300,0.000000,0.000000,0.447000
2024-01-19 00:00:00+08:00,0.215000,0.215000,0.180000,0.200000,77400,0.000000,0.000000,0.432000
2024-01-22 00:00:00+08:00,0.200000,0.200000,0.200000,0.200000,0,0.000000,0.000000,0.432000
2024-01-23 00:00:00+08:00,0.200000,0.200000,0.200000,0.200000,0,0.000000,0.000000,0.432000
2024-01-24 00:00:00+08:00,0.200000,0.200000,0.200000,0.200000,0,0.000000,0.000000,0.432000
2024-01-25 00:00:00+08:00,0.225000,0.230000,0.225000,0.230000,11500,0.000000,0.000000,0.462000
2024-01-26 00:00:00+08:00,0.230000,0.230000,0.230000,0.230000,0,0.000000,0.000000,0.462000
2024-01-29 00:00:00+08:00,0.200000,0.200000,0.197000,0.200000,1200,0.000000,0.000000,0.432000
2024-01-30 00:00:00+08:00,0.200000,0.220000,0.197000,0.220000,9800,0.000000,0.000000,0.452000
