Date,Open,High,Low,Close,Volume,Dividends,Stock Splits,RClose
2018-12-07 00:00:00+08:00,0.231969,0.236039,0.223830,0.227900,7996000,0.000000,0.000000,0.278300
2018-12-10 00:00:00+08:00,0.223830,0.227900,0.223830,0.223830,1063000,0.000000,0.000000,0.274230
2018-12-11 00:00:00+08:00,0.223830,0.227900,0.219760,0.219760,682000,0.000000,0.000000,0.270160
2018-12-12 00:00:00+08:00,0.219760,0.223830,0.219760,0.219760,102000,0.000000,0.000000,0.270160
2018-12-13 00:00:00+08:00,0.219760,0.219760,0.215691,0.215691,175000,0.000000,0.000000,0.266091
2018-12-14 00:00:00+08:00,0.215691,0.219760,0.215691,0.215691,94000,0.000000,0.000000,0.266091
2018-12-17 00:00:00+08:00,0.219760,0.227900,0.219760,0.227900,261000,0.000000,0.000000,0.278300
2018-12-18 00:00:00+08:00,0.223830,0.223830,0.223830,0.223830,30000,0.000000,0.000000,0.274230
2018-12-19 00:00:00+08:00,0.223830,0.223830,0.223830,0.223830,0,0.000000,0.000000,0.274230
2018-12-20 00:00:00+08:00,0.223830,0.223830,0.223830,0.223830,0,0.000000,0.000000,0.274230
2018-12-21 00:00:00+08:00,0.223830,0.223830,0.223830,0.223830,0,0.000000,0.000000,0.274230
2018-12-24 00:00:00+08:00,0.223830,0.223830,0.223830,0.223830,0,0.000000,0.000000,0.274230
2018-12-26 00:00:00+08:00,0.223830,0.223830,0.223830,0.223830,0,0.000000,0.000000,0.274230
2018-12-27 00:00:00+08:00,0.215691,0.215691,0.215691,0.215691,161000,0.000000,0.000000,0.266091
2018-12-28 00:00:00+08:00,0.219760,0.219760,0.219760,0.219760,41000,0.000000,0.000000,0.270160
2018-12-31 00:00:00+08:00,0.219760,0.219760,0.219760,0.219760,0,0.000000,0.000000,0.270160
2019-01-01 00:00:00+08:00,0.219760,0.219760,0.219760,0.219760,0,0.000000,0.000000,0.270160
2019-01-02 00:00:00+08:00,0.219760,0.219760,0.219760,0.219760,0,0.000000,0.000000,0.270160
2019-01-03 00:00:00+08:00,0.219760,0.219760,0.219760,0.219760,0,0.000000,0.000000,0.270160
2019-01-04 00:00:00+08:00,0.215691,0.215691,0.211621,0.211621,75000,0.000000,0.000000,0.262021
2019-01-07 00:00:00+08:00,0.211621,0.211621,0.211621,0.211621,193000,0.000000,0.000000,0.262021
2019-01-08 00:00:00+08:00,0.211621,0.211621,0.211621,0.211621,0,0.000000,0.000000,0.262021
2019-01-09 00:00:00+08:00,0.211621,0.211621,0.211621,0.211621,0,0.000000,0.000000,0.262021
2019-01-10 00:00:00+08:00,0.219760,0.219760,0.219760,0.219760,50000,0.000000,0.000000,0.270160
2019-01-11 00:00:00+08:00,0.219760,0.219760,0.219760,0.219760,0,0.000000,0.000000,0.270160
2019-01-14 00:00:00+08:00,0.219760,0.219760,0.219760,0.219760,0,0.000000,0.000000,0.270160
2019-01-15 00:00:00+08:00,0.215691,0.215691,0.215691,0.215691,4000,0.000000,0.000000,0.266091
2019-01-16 00:00:00+08:00,0.215691,0.215691,0.215691,0.215691,0,0.000000,0.000000,0.266091
2019-01-17 00:00:00+08:00,0.215691,0.215691,0.215691,0.215691,0,0.000000,0.000000,0.266091
2019-01-18 00:00:00+08:00,0.215691,0.215691,0.215691,0.215691,29000,0.000000,0.000000,0.266091
2019-01-21 00:00:00+08:00,0.215691,0.215691,0.215691,0.215691,0,0.000000,0.000000,0.266091
2019-01-22 00:00:00+08:00,0.219760,0.219760,0.219760,0.219760,50000,0.000000,0.000000,0.270160
2019-01-23 00:00:00+08:00,0.219760,0.219760,0.219760,0.219760,0,0.000000,0.000000,0.270160
2019-01-24 00:00:00+08:00,0.223830,0.244178,0.219760,0.244178,1014000,0.000000,0.000000,0.294578
2019-01-25 00:00:00+08:00,0.244178,0.248248,0.240109,0.240109,548900,0.000000,0.000000,0.290509
2019-01-28 00:00:00+08:00,0.240109,0.240109,0.240109,0.240109,0,0.000000,0.000000,0.290509
2019-01-29 00:00:00+08:00,0.236039,0.236039,0.236039,0.236039,100000,0.000000,0.000000,0.286439
2019-01-30 00:00:00+08:00,0.231969,0.231969,0.227900,0.227900,145000,0.000000,0.000000,0.278300
2019-01-31 00:00:00+08:00,0.231969,0.231969,0.227900,0.227900,163000,0.000000,0.000000,0.278300
2019-02-01 00:00:00+08:00,0.236039,0.236039,0.236039,0.236039,10000,0.000000,0.000000,0.286439
2019-02-04 00:00:00+08:00,0.231969,0.231969,0.231969,0.231969,30000,0.000000,0.000000,0.282369
2019-02-05 00:00:00+08:00,0.231969,0.231969,0.231969,0.231969,0,0.000000,0.000000,0.282369
2019-02-07 00:00:00+08:00,0.231969,0.231969,0.231969,0.231969,60000,0.000000,0.000000,0.282369
2019-02-08 00:00:00+08:00,0.236039,0.236039,0.236039,0.236039,60000,0.000000,0.000000,0.286439
2019-02-11 00:00:00+08:00,0.236039,0.236039,0.236039,0.236039,0,0.000000,0.000000,0.286439
2019-02-12 00:00:00+08:00,0.236039,0.236039,0.236039,0.236039,0,0.000000,0.000000,0.286439
2019-02-13 00:00:00+08:00,0.236039,0.236039,0.236039,0.236039,0,0.000000,0.000000,0.286439
2019-02-14 00:00:00+08:00,0.236039,0.236039,0.236039,0.236039,0,0.000000,0.000000,0.286439
2019-02-15 00:00:00+08:00,0.236039,0.236039,0.236039,0.236039,0,0.000000,0.000000,0.286439
2019-02-18 00:00:00+08:00,0.236039,0.236039,0.236039,0.236039,0,0.000000,0.000000,0.286439
2019-02-19 00:00:00+08:00,0.236039,0.236039,0.236039,0.236039,80000,0.000000,0.000000,0.286439
2019-02-20 00:00:00+08:00,0.236039,0.236039,0.236039,0.236039,0,0.000000,0.000000,0.286439
2019-02-21 00:00:00+08:00,0.236039,0.236039,0.236039,0.236039,0,0.000000,0.000000,0.286439
2019-02-22 00:00:00+08:00,0.236039,0.236039,0.236039,0.236039,0,0.000000,0.000000,0.286439
2019-02-25 00:00:00+08:00,0.236039,0.236039,0.236039,0.236039,0,0.000000,0.000000,0.286439
2019-02-26 00:00:00+08:00,0.227900,0.231969,0.227900,0.231969,52000,0.000000,0.000000,0.282369
2019-02-27 00:00:00+08:00,0.231969,0.231969,0.231969,0.231969,100000,0.000000,0.000000,0.282369
2019-02-28 00:00:00+08:00,0.231969,0.231969,0.231969,0.231969,0,0.000000,0.000000,0.282369
2019-03-01 00:00:00+08:00,0.231969,0.231969,0.231969,0.231969,0,0.000000,0.000000,0.282369
2019-03-04 00:00:00+08:00,0.231969,0.231969,0.231969,0.231969,0,0.000000,0.000000,0.282369
2019-03-05 00:00:00+08:00,0.231969,0.231969,0.231969,0.231969,0,0.000000,0.000000,0.282369
2019-03-06 00:00:00+08:00,0.231969,0.231969,0.231969,0.231969,0,0.000000,0.000000,0.282369
2019-03-07 00:00:00+08:00,0.231969,0.231969,0.231969,0.231969,0,0.000000,0.000000,0.282369
2019-03-08 00:00:00+08:00,0.227900,0.227900,0.227900,0.227900,27000,0.000000,0.000000,0.278300
2019-03-11 00:00:00+08:00,0.227900,0.227900,0.227900,0.227900,0,0.000000,0.000000,0.278300
2019-03-12 00:00:00+08:00,0.223830,0.223830,0.223830,0.223830,89900,0.000000,0.000000,0.274230
2019-03-13 00:00:00+08:00,0.227900,0.227900,0.227900,0.227900,55000,0.000000,0.000000,0.278300
2019-03-14 00:00:00+08:00,0.227900,0.227900,0.227900,0.227900,0,0.000000,0.000000,0.278300
2019-03-15 00:00:00+08:00,0.227900,0.227900,0.227900,0.227900,0,0.000000,0.000000,0.278300
2019-03-18 00:00:00+08:00,0.227900,0.227900,0.227900,0.227900,0,0.000000,0.000000,0.278300
2019-03-19 00:00:00+08:00,0.227900,0.227900,0.227900,0.227900,0,0.000000,0.000000,0.278300
2019-03-20 00:00:00+08:00,0.227900,0.227900,0.227900,0.227900,0,0.000000,0.000000,0.278300
2019-03-21 00:00:00+08:00,0.227900,0.227900,0.227900,0.227900,0,0.000000,0.000000,0.278300
2019-03-22 00:00:00+08:00,0.227900,0.227900,0.227900,0.227900,0,0.000000,0.000000,0.278300
2019-03-25 00:00:00+08:00,0.227900,0.227900,0.227900,0.227900,0,0.000000,0.000000,0.278300
2019-03-26 00:00:00+08:00,0.227900,0.227900,0.227900,0.227900,0,0.000000,0.000000,0.278300
2019-03-27 00:00:00+08:00,0.227900,0.227900,0.227900,0.227900,0,0.000000,0.000000,0.278300
2019-03-28 00:00:00+08:00,0.227900,0.227900,0.227900,0.227900,8000,0.000000,0.000000,0.278300
2019-03-29 00:00:00+08:00,0.227900,0.227900,0.227900,0.227900,0,0.000000,0.000000,0.278300
2019-04-01 00:00:00+08:00,0.227900,0.227900,0.227900,0.227900,0,0.000000,0.000000,0.278300
2019-04-02 00:00:00+08:00,0.227900,0.227900,0.227900,0.227900,0,0.000000,0.000000,0.278300
2019-04-03 00:00:00+08:00,0.227900,0.227900,0.227900,0.227900,0,0.000000,0.000000,0.278300
2019-04-04 00:00:00+08:00,0.227900,0.227900,0.227900,0.227900,0,0.000000,0.000000,0.278300
2019-04-05 00:00:00+08:00,0.227900,0.227900,0.227900,0.227900,0,0.000000,0.000000,0.278300
2019-04-08 00:00:00+08:00,0.227900,0.227900,0.227900,0.227900,0,0.000000,0.000000,0.278300
2019-04-09 00:00:00+08:00,0.227900,0.227900,0.227900,0.227900,0,0.000000,0.000000,0.278300
2019-04-10 00:00:00+08:00,0.227900,0.227900,0.227900,0.227900,0,0.000000,0.000000,0.278300
2019-04-11 00:00:00+08:00,0.227900,0.227900,0.227900,0.227900,0,0.000000,0.000000,0.278300
2019-04-12 00:00:00+08:00,0.227900,0.227900,0.227900,0.227900,0,0.000000,0.000000,0.278300
2019-04-15 00:00:00+08:00,0.227900,0.227900,0.227900,0.227900,0,0.000000,0.000000,0.278300
2019-04-16 00:00:00+08:00,0.227900,0.227900,0.227900,0.227900,5000,0.000000,0.000000,0.278300
2019-04-17 00:00:00+08:00,0.227900,0.227900,0.227900,0.227900,0,0.000000,0.000000,0.278300
2019-04-18 00:00:00+08:00,0.227900,0.227900,0.227900,0.227900,0,0.000000,0.000000,0.278300
2019-04-22 00:00:00+08:00,0.227900,0.227900,0.227900,0.227900,0,0.000000,0.000000,0.278300
2019-04-23 00:00:00+08:00,0.227900,0.227900,0.227900,0.227900,0,0.000000,0.000000,0.278300
2019-04-24 00:00:00+08:00,0.231969,0.231969,0.231969,0.231969,100000,0.000000,0.000000,0.282369
2019-04-25 00:00:00+08:00,0.231969,0.231969,0.231969,0.231969,0,0.000000,0.000000,0.282369
2019-04-26 00:00:00+08:00,0.231969,0.236039,0.231969,0.236039,150000,0.000000,0.000000,0.286439
2019-04-29 00:00:00+08:00,0.236039,0.236039,0.236039,0.236039,0,0.000000,0.000000,0.286439
2019-04-30 00:00:00+08:00,0.236039,0.236039,0.236039,0.236039,0,0.000000,0.000000,0.286439
2019-05-02 00:00:00+08:00,0.236039,0.236039,0.236039,0.236039,0,0.000000,0.000000,0.286439
2019-05-03 00:00:00+08:00,0.236039,0.236039,0.231969,0.231969,36000,0.000000,0.000000,0.282369
2019-05-06 00:00:00+08:00,0.227900,0.227900,0.227900,0.227900,20000,0.000000,0.000000,0.278300
2019-05-07 00:00:00+08:00,0.240109,0.240109,0.231969,0.231969,20900,0.000000,0.000000,0.282369
2019-05-08 00:00:00+08:00,0.230627,0.230627,0.230627,0.230627,41000,0.008400,0.000000,0.272627
2019-05-09 00:00:00+08:00,0.230627,0.230627,0.230627,0.230627,30000,0.000000,0.000000,0.272627
2019-05-10 00:00:00+08:00,0.230627,0.230627,0.230627,0.230627,0,0.000000,0.000000,0.272627
2019-05-13 00:00:00+08:00,0.230627,0.230627,0.230627,0.230627,20000,0.000000,0.000000,0.272627
2019-05-14 00:00:00+08:00,0.234821,0.234821,0.234821,0.234821,30000,0.000000,0.000000,0.276821
2019-05-15 00:00:00+08:00,0.234821,0.234821,0.234821,0.234821,0,0.000000,0.000000,0.276821
2019-05-16 00:00:00+08:00,0.226434,0.226434,0.226434,0.226434,1000,0.000000,0.000000,0.268434
2019-05-17 00:00:00+08:00,0.226434,0.226434,0.226434,0.226434,0,0.000000,0.000000,0.268434
2019-05-21 00:00:00+08:00,0.226434,0.226434,0.226434,0.226434,0,0.000000,0.000000,0.268434
2019-05-22 00:00:00+08:00,0.226434,0.226434,0.226434,0.226434,0,0.000000,0.000000,0.268434
2019-05-23 00:00:00+08:00,0.226434,0.226434,0.226434,0.226434,0,0.000000,0.000000,0.268434
2019-05-24 00:00:00+08:00,0.226434,0.226434,0.226434,0.226434,0,0.000000,0.000000,0.268434
2019-05-27 00:00:00+08:00,0.226434,0.226434,0.226434,0.226434,0,0.000000,0.000000,0.268434
2019-05-28 00:00:00+08:00,0.226434,0.226434,0.226434,0.226434,0,0.000000,0.000000,0.268434
2019-05-29 00:00:00+08:00,0.226434,0.226434,0.222241,0.226434,55000,0.000000,0.000000,0.268434
2019-05-30 00:00:00+08:00,0.226434,0.226434,0.226434,0.226434,0,0.000000,0.000000,0.268434
2019-05-31 00:00:00+08:00,0.226434,0.226434,0.226434,0.226434,0,0.000000,0.000000,0.268434
2019-06-03 00:00:00+08:00,0.226434,0.226434,0.226434,0.226434,0,0.000000,0.000000,0.268434
2019-06-04 00:00:00+08:00,0.226434,0.226434,0.226434,0.226434,0,0.000000,0.000000,0.268434
2019-06-06 00:00:00+08:00,0.226434,0.226434,0.226434,0.226434,0,0.000000,0.000000,0.268434
2019-06-07 00:00:00+08:00,0.226434,0.226434,0.226434,0.226434,0,0.000000,0.000000,0.268434
2019-06-10 00:00:00+08:00,0.226434,0.226434,0.226434,0.226434,0,0.000000,0.000000,0.268434
2019-06-11 00:00:00+08:00,0.226434,0.226434,0.226434,0.226434,0,0.000000,0.000000,0.268434
2019-06-12 00:00:00+08:00,0.226434,0.226434,0.226434,0.226434,0,0.000000,0.000000,0.268434
2019-06-13 00:00:00+08:00,0.226434,0.226434,0.226434,0.226434,0,0.000000,0.000000,0.268434
2019-06-14 00:00:00+08:00,0.226434,0.226434,0.226434,0.226434,0,0.000000,0.000000,0.268434
2019-06-17 00:00:00+08:00,0.226434,0.226434,0.226434,0.226434,0,0.000000,0.000000,0.268434
2019-06-18 00:00:00+08:00,0.226434,0.226434,0.226434,0.226434,0,0.000000,0.000000,0.268434
2019-06-19 00:00:00+08:00,0.226434,0.226434,0.226434,0.226434,0,0.000000,0.000000,0.268434
2019-06-20 00:00:00+08:00,0.222241,0.222241,0.222241,0.222241,30000,0.000000,0.000000,0.264241
2019-06-21 00:00:00+08:00,0.222241,0.222241,0.222241,0.222241,60000,0.000000,0.000000,0.264241
2019-06-24 00:00:00+08:00,0.222241,0.222241,0.222241,0.222241,0,0.000000,0.000000,0.264241
2019-06-25 00:00:00+08:00,0.226434,0.226434,0.226434,0.226434,69000,0.000000,0.000000,0.268434
2019-06-26 00:00:00+08:00,0.226434,0.226434,0.226434,0.226434,0,0.000000,0.000000,0.268434
2019-06-27 00:00:00+08:00,0.226434,0.226434,0.226434,0.226434,0,0.000000,0.000000,0.268434
2019-06-28 00:00:00+08:00,0.226434,0.226434,0.226434,0.226434,0,0.000000,0.000000,0.268434
2019-07-01 00:00:00+08:00,0.226434,0.226434,0.226434,0.226434,0,0.000000,0.000000,0.268434
2019-07-02 00:00:00+08:00,0.230627,0.230627,0.230627,0.230627,10000,0.000000,0.000000,0.272627
2019-07-03 00:00:00+08:00,0.230627,0.230627,0.230627,0.230627,0,0.000000,0.000000,0.272627
2019-07-04 00:00:00+08:00,0.230627,0.230627,0.230627,0.230627,0,0.000000,0.000000,0.272627
2019-07-05 00:00:00+08:00,0.230627,0.230627,0.230627,0.230627,0,0.000000,0.000000,0.272627
2019-07-08 00:00:00+08:00,0.230627,0.230627,0.230627,0.230627,0,0.000000,0.000000,0.272627
2019-07-09 00:00:00+08:00,0.230627,0.230627,0.230627,0.230627,0,0.000000,0.000000,0.272627
2019-07-10 00:00:00+08:00,0.230627,0.230627,0.230627,0.230627,0,0.000000,0.000000,0.272627
2019-07-11 00:00:00+08:00,0.230627,0.230627,0.230627,0.230627,0,0.000000,0.000000,0.272627
2019-07-12 00:00:00+08:00,0.230627,0.230627,0.230627,0.230627,0,0.000000,0.000000,0.272627
2019-07-15 00:00:00+08:00,0.226434,0.226434,0.222241,0.222241,30000,0.000000,0.000000,0.264241
2019-07-16 00:00:00+08:00,0.222241,0.222241,0.222241,0.222241,50000,0.000000,0.000000,0.264241
2019-07-17 00:00:00+08:00,0.222241,0.222241,0.222241,0.222241,0,0.000000,0.000000,0.264241
2019-07-18 00:00:00+08:00,0.222241,0.222241,0.222241,0.222241,40000,0.000000,0.000000,0.264241
2019-07-19 00:00:00+08:00,0.222241,0.222241,0.222241,0.222241,0,0.000000,0.000000,0.264241
2019-07-22 00:00:00+08:00,0.222241,0.222241,0.222241,0.222241,0,0.000000,0.000000,0.264241
2019-07-23 00:00:00+08:00,0.222241,0.222241,0.222241,0.222241,0,0.000000,0.000000,0.264241
2019-07-24 00:00:00+08:00,0.222241,0.222241,0.222241,0.222241,0,0.000000,0.000000,0.264241
2019-07-25 00:00:00+08:00,0.222241,0.222241,0.222241,0.222241,0,0.000000,0.000000,0.264241
2019-07-26 00:00:00+08:00,0.222241,0.222241,0.222241,0.222241,0,0.000000,0.000000,0.264241
2019-07-29 00:00:00+08:00,0.222241,0.222241,0.222241,0.222241,0,0.000000,0.000000,0.264241
2019-07-30 00:00:00+08:00,0.222241,0.222241,0.222241,0.222241,0,0.000000,0.000000,0.264241
2019-07-31 00:00:00+08:00,0.222241,0.222241,0.222241,0.222241,10000,0.000000,0.000000,0.264241
2019-08-01 00:00:00+08:00,0.222241,0.222241,0.222241,0.222241,0,0.000000,0.000000,0.264241
2019-08-02 00:00:00+08:00,0.222241,0.222241,0.222241,0.222241,0,0.000000,0.000000,0.264241
2019-08-05 00:00:00+08:00,0.222241,0.222241,0.222241,0.222241,0,0.000000,0.000000,0.264241
2019-08-06 00:00:00+08:00,0.222241,0.222241,0.222241,0.222241,0,0.000000,0.000000,0.264241
2019-08-07 00:00:00+08:00,0.222241,0.222241,0.222241,0.222241,0,0.000000,0.000000,0.264241
2019-08-08 00:00:00+08:00,0.222241,0.222241,0.222241,0.222241,0,0.000000,0.000000,0.264241
2019-08-13 00:00:00+08:00,0.222241,0.222241,0.222241,0.222241,0,0.000000,0.000000,0.264241
2019-08-14 00:00:00+08:00,0.222241,0.222241,0.222241,0.222241,10000,0.000000,0.000000,0.264241
2019-08-15 00:00:00+08:00,0.226434,0.226434,0.226434,0.226434,1000,0.000000,0.000000,0.268434
2019-08-16 00:00:00+08:00,0.226434,0.226434,0.226434,0.226434,29000,0.000000,0.000000,0.268434
2019-08-19 00:00:00+08:00,0.226434,0.230627,0.226434,0.230627,10000,0.000000,0.000000,0.272627
2019-08-20 00:00:00+08:00,0.230627,0.230627,0.230627,0.230627,24000,0.000000,0.000000,0.272627
2019-08-21 00:00:00+08:00,0.255195,0.255195,0.229243,0.229243,34300,0.008400,0.000000,0.262843
2019-08-22 00:00:00+08:00,0.229243,0.229243,0.229243,0.229243,0,0.000000,0.000000,0.262843
2019-08-23 00:00:00+08:00,0.229243,0.229243,0.229243,0.229243,0,0.000000,0.000000,0.262843
2019-08-26 00:00:00+08:00,0.229243,0.229243,0.229243,0.229243,0,0.000000,0.000000,0.262843
2019-08-27 00:00:00+08:00,0.229243,0.229243,0.229243,0.229243,0,0.000000,0.000000,0.262843
2019-08-28 00:00:00+08:00,0.233569,0.233569,0.233569,0.233569,56000,0.000000,0.000000,0.267169
2019-08-29 00:00:00+08:00,0.233569,0.233569,0.233569,0.233569,0,0.000000,0.000000,0.267169
2019-08-30 00:00:00+08:00,0.233569,0.233569,0.233569,0.233569,0,0.000000,0.000000,0.267169
2019-09-02 00:00:00+08:00,0.233569,0.233569,0.233569,0.233569,0,0.000000,0.000000,0.267169
2019-09-03 00:00:00+08:00,0.233569,0.233569,0.233569,0.233569,300,0.000000,0.000000,0.267169
2019-09-04 00:00:00+08:00,0.233569,0.233569,0.233569,0.233569,0,0.000000,0.000000,0.267169
2019-09-05 00:00:00+08:00,0.233569,0.233569,0.233569,0.233569,0,0.000000,0.000000,0.267169
2019-09-06 00:00:00+08:00,0.233569,0.233569,0.233569,0.233569,0,0.000000,0.000000,0.267169
2019-09-09 00:00:00+08:00,0.233569,0.233569,0.233569,0.233569,0,0.000000,0.000000,0.267169
2019-09-10 00:00:00+08:00,0.233569,0.233569,0.233569,0.233569,0,0.000000,0.000000,0.267169
2019-09-11 00:00:00+08:00,0.233569,0.233569,0.233569,0.233569,0,0.000000,0.000000,0.267169
2019-09-12 00:00:00+08:00,0.233569,0.233569,0.233569,0.233569,0,0.000000,0.000000,0.267169
2019-09-13 00:00:00+08:00,0.233569,0.233569,0.233569,0.233569,0,0.000000,0.000000,0.267169
2019-09-16 00:00:00+08:00,0.229243,0.229243,0.229243,0.229243,3700,0.000000,0.000000,0.262843
2019-09-17 00:00:00+08:00,0.229243,0.229243,0.229243,0.229243,0,0.000000,0.000000,0.262843
2019-09-18 00:00:00+08:00,0.229243,0.229243,0.229243,0.229243,0,0.000000,0.000000,0.262843
2019-09-19 00:00:00+08:00,0.229243,0.229243,0.229243,0.229243,0,0.000000,0.000000,0.262843
2019-09-20 00:00:00+08:00,0.229243,0.229243,0.229243,0.229243,0,0.000000,0.000000,0.262843
2019-09-23 00:00:00+08:00,0.229243,0.229243,0.229243,0.229243,0,0.000000,0.000000,0.262843
2019-09-24 00:00:00+08:00,0.229243,0.229243,0.229243,0.229243,0,0.000000,0.000000,0.262843
2019-09-25 00:00:00+08:00,0.229243,0.229243,0.229243,0.229243,0,0.000000,0.000000,0.262843
2019-09-26 00:00:00+08:00,0.229243,0.229243,0.229243,0.229243,0,0.000000,0.000000,0.262843
2019-09-27 00:00:00+08:00,0.229243,0.229243,0.229243,0.229243,0,0.000000,0.000000,0.262843
2019-09-30 00:00:00+08:00,0.229243,0.229243,0.224918,0.224918,10900,0.000000,0.000000,0.258518
2019-10-01 00:00:00+08:00,0.224918,0.224918,0.224918,0.224918,0,0.000000,0.000000,0.258518
2019-10-02 00:00:00+08:00,0.224918,0.224918,0.224918,0.224918,0,0.000000,0.000000,0.258518
2019-10-03 00:00:00+08:00,0.224918,0.224918,0.224918,0.224918,0,0.000000,0.000000,0.258518
2019-10-04 00:00:00+08:00,0.224918,0.224918,0.224918,0.224918,0,0.000000,0.000000,0.258518
2019-10-07 00:00:00+08:00,0.220593,0.220593,0.207617,0.207617,65000,0.000000,0.000000,0.241217
2019-10-08 00:00:00+08:00,0.216267,0.216267,0.216267,0.216267,59200,0.000000,0.000000,0.249867
2019-10-09 00:00:00+08:00,0.216267,0.216267,0.216267,0.216267,10000,0.000000,0.000000,0.249867
2019-10-10 00:00:00+08:00,0.216267,0.216267,0.216267,0.216267,0,0.000000,0.000000,0.249867
2019-10-11 00:00:00+08:00,0.216267,0.216267,0.216267,0.216267,0,0.000000,0.000000,0.249867
2019-10-14 00:00:00+08:00,0.216267,0.216267,0.216267,0.216267,0,0.000000,0.000000,0.249867
2019-10-15 00:00:00+08:00,0.216267,0.216267,0.216267,0.216267,0,0.000000,0.000000,0.249867
2019-10-16 00:00:00+08:00,0.216267,0.216267,0.216267,0.216267,0,0.000000,0.000000,0.249867
2019-10-17 00:00:00+08:00,0.216267,0.216267,0.216267,0.216267,0,0.000000,0.000000,0.249867
2019-10-18 00:00:00+08:00,0.216267,0.216267,0.216267,0.216267,0,0.000000,0.000000,0.249867
2019-10-21 00:00:00+08:00,0.216267,0.216267,0.216267,0.216267,40000,0.000000,0.000000,0.249867
2019-10-22 00:00:00+08:00,0.216267,0.216267,0.216267,0.216267,0,0.000000,0.000000,0.249867
2019-10-23 00:00:00+08:00,0.216267,0.216267,0.216267,0.216267,6000,0.000000,0.000000,0.249867
2019-10-24 00:00:00+08:00,0.216267,0.216267,0.216267,0.216267,0,0.000000,0.000000,0.249867
2019-10-25 00:00:00+08:00,0.216267,0.216267,0.216267,0.216267,0,0.000000,0.000000,0.249867
2019-10-29 00:00:00+08:00,0.216267,0.216267,0.216267,0.216267,0,0.000000,0.000000,0.249867
2019-10-30 00:00:00+08:00,0.216267,0.216267,0.216267,0.216267,0,0.000000,0.000000,0.249867
2019-10-31 00:00:00+08:00,0.216267,0.216267,0.216267,0.216267,54000,0.000000,0.000000,0.249867
2019-11-01 00:00:00+08:00,0.216267,0.216267,0.216267,0.216267,0,0.000000,0.000000,0.249867
2019-11-04 00:00:00+08:00,0.216267,0.216267,0.216267,0.216267,0,0.000000,0.000000,0.249867
2019-11-05 00:00:00+08:00,0.216267,0.216267,0.216267,0.216267,0,0.000000,0.000000,0.249867
2019-11-06 00:00:00+08:00,0.216267,0.216267,0.216267,0.216267,0,0.000000,0.000000,0.249867
2019-11-07 00:00:00+08:00,0.216267,0.216267,0.216267,0.216267,0,0.000000,0.000000,0.249867
2019-11-08 00:00:00+08:00,0.216267,0.216267,0.216267,0.216267,0,0.000000,0.000000,0.249867
2019-11-11 00:00:00+08:00,0.216267,0.216267,0.216267,0.216267,0,0.000000,0.000000,0.249867
2019-11-12 00:00:00+08:00,0.216267,0.216267,0.216267,0.216267,0,0.000000,0.000000,0.249867
2019-11-13 00:00:00+08:00,0.216267,0.216267,0.216267,0.216267,0,0.000000,0.000000,0.249867
2019-11-14 00:00:00+08:00,0.216267,0.216267,0.216267,0.216267,0,0.000000,0.000000,0.249867
2019-11-15 00:00:00+08:00,0.216267,0.216267,0.216267,0.216267,0,0.000000,0.000000,0.249867
2019-11-18 00:00:00+08:00,0.216267,0.216267,0.216267,0.216267,0,0.000000,0.000000,0.249867
2019-11-19 00:00:00+08:00,0.216267,0.216267,0.216267,0.216267,0,0.000000,0.000000,0.249867
2019-11-20 00:00:00+08:00,0.216267,0.216267,0.216267,0.216267,0,0.000000,0.000000,0.249867
2019-11-21 00:00:00+08:00,0.216267,0.216267,0.216267,0.216267,0,0.000000,0.000000,0.249867
2019-11-22 00:00:00+08:00,0.216267,0.216267,0.216267,0.216267,0,0.000000,0.000000,0.249867
2019-11-25 00:00:00+08:00,0.207617,0.207617,0.207617,0.207617,10000,0.000000,0.000000,0.241217
2019-11-26 00:00:00+08:00,0.207617,0.207617,0.207617,0.207617,0,0.000000,0.000000,0.241217
2019-11-27 00:00:00+08:00,0.207617,0.207617,0.207617,0.207617,0,0.000000,0.000000,0.241217
2019-11-28 00:00:00+08:00,0.216267,0.216267,0.216267,0.216267,60000,0.000000,0.000000,0.249867
2019-11-29 00:00:00+08:00,0.216267,0.216267,0.216267,0.216267,0,0.000000,0.000000,0.249867
2019-12-02 00:00:00+08:00,0.216267,0.216267,0.216267,0.216267,0,0.000000,0.000000,0.249867
2019-12-03 00:00:00+08:00,0.216267,0.216267,0.216267,0.216267,0,0.000000,0.000000,0.249867
2019-12-04 00:00:00+08:00,0.216267,0.216267,0.216267,0.216267,0,0.000000,0.000000,0.249867
2019-12-05 00:00:00+08:00,0.216267,0.216267,0.216267,0.216267,0,0.000000,0.000000,0.249867
2019-12-06 00:00:00+08:00,0.216267,0.216267,0.216267,0.216267,0,0.000000,0.000000,0.249867
2019-12-09 00:00:00+08:00,0.216267,0.216267,0.216267,0.216267,0,0.000000,0.000000,0.249867
2019-12-10 00:00:00+08:00,0.216267,0.216267,0.216267,0.216267,0,0.000000,0.000000,0.249867
2019-12-11 00:00:00+08:00,0.216267,0.216267,0.216267,0.216267,0,0.000000,0.000000,0.249867
2019-12-12 00:00:00+08:00,0.216267,0.216267,0.216267,0.216267,0,0.000000,0.000000,0.249867
2019-12-13 00:00:00+08:00,0.220593,0.220593,0.216267,0.216267,86000,0.000000,0.000000,0.249867
2019-12-16 00:00:00+08:00,0.216267,0.216267,0.216267,0.216267,0,0.000000,0.000000,0.249867
2019-12-17 00:00:00+08:00,0.216267,0.216267,0.216267,0.216267,0,0.000000,0.000000,0.249867
2019-12-18 00:00:00+08:00,0.216267,0.216267,0.216267,0.216267,0,0.000000,0.000000,0.249867
2019-12-19 00:00:00+08:00,0.229243,0.229243,0.229243,0.229243,800,0.000000,0.000000,0.262843
2019-12-20 00:00:00+08:00,0.229243,0.229243,0.229243,0.229243,0,0.000000,0.000000,0.262843
2019-12-23 00:00:00+08:00,0.229243,0.229243,0.229243,0.229243,0,0.000000,0.000000,0.262843
2019-12-24 00:00:00+08:00,0.229243,0.229243,0.229243,0.229243,0,0.000000,0.000000,0.262843
2019-12-25 00:00:00+08:00,0.229243,0.229243,0.229243,0.229243,0,0.000000,0.000000,0.262843
2019-12-26 00:00:00+08:00,0.229243,0.229243,0.229243,0.229243,0,0.000000,0.000000,0.262843
2019-12-27 00:00:00+08:00,0.229243,0.229243,0.229243,0.229243,0,0.000000,0.000000,0.262843
2019-12-30 00:00:00+08:00,0.229243,0.229243,0.229243,0.229243,0,0.000000,0.000000,0.262843
2019-12-31 00:00:00+08:00,0.233569,0.233569,0.233569,0.233569,9000,0.000000,0.000000,0.267169
2020-01-02 00:00:00+08:00,0.241069,0.241069,0.241069,0.241069,0,0.008400,0.000000,0.266269
2020-01-03 00:00:00+08:00,0.227676,0.227676,0.223212,0.223212,30000,0.000000,0.000000,0.248412
2020-01-06 00:00:00+08:00,0.223212,0.223212,0.223212,0.223212,0,0.000000,0.000000,0.248412
2020-01-07 00:00:00+08:00,0.223212,0.223212,0.223212,0.223212,0,0.000000,0.000000,0.248412
2020-01-08 00:00:00+08:00,0.223212,0.223212,0.223212,0.223212,0,0.000000,0.000000,0.248412
2020-01-09 00:00:00+08:00,0.223212,0.223212,0.223212,0.223212,0,0.000000,0.000000,0.248412
2020-01-10 00:00:00+08:00,0.223212,0.223212,0.223212,0.223212,0,0.000000,0.000000,0.248412
2020-01-13 00:00:00+08:00,0.223212,0.223212,0.223212,0.223212,0,0.000000,0.000000,0.248412
2020-01-14 00:00:00+08:00,0.223212,0.223212,0.223212,0.223212,0,0.000000,0.000000,0.248412
2020-01-15 00:00:00+08:00,0.223212,0.223212,0.223212,0.223212,22000,0.000000,0.000000,0.248412
2020-01-16 00:00:00+08:00,0.223212,0.223212,0.223212,0.223212,0,0.000000,0.000000,0.248412
2020-01-17 00:00:00+08:00,0.223212,0.223212,0.223212,0.223212,0,0.000000,0.000000,0.248412
2020-01-20 00:00:00+08:00,0.223212,0.223212,0.223212,0.223212,0,0.000000,0.000000,0.248412
2020-01-21 00:00:00+08:00,0.223212,0.223212,0.223212,0.223212,0,0.000000,0.000000,0.248412
2020-01-22 00:00:00+08:00,0.223212,0.223212,0.223212,0.223212,0,0.000000,0.000000,0.248412
2020-01-23 00:00:00+08:00,0.223212,0.223212,0.223212,0.223212,0,0.000000,0.000000,0.248412
2020-01-24 00:00:00+08:00,0.223212,0.223212,0.223212,0.223212,0,0.000000,0.000000,0.248412
2020-01-28 00:00:00+08:00,0.223212,0.223212,0.223212,0.223212,0,0.000000,0.000000,0.248412
2020-01-29 00:00:00+08:00,0.241069,0.249997,0.241069,0.245533,178500,0.000000,0.000000,0.270733
2020-01-30 00:00:00+08:00,0.249997,0.258926,0.236604,0.236604,105000,0.000000,0.000000,0.261804
2020-01-31 00:00:00+08:00,0.236604,0.236604,0.236604,0.236604,0,0.000000,0.000000,0.261804
2020-02-03 00:00:00+08:00,0.236604,0.236604,0.236604,0.236604,0,0.000000,0.000000,0.261804
2020-02-04 00:00:00+08:00,0.223212,0.223212,0.223212,0.223212,73000,0.000000,0.000000,0.248412
2020-02-05 00:00:00+08:00,0.223212,0.223212,0.223212,0.223212,10000,0.000000,0.000000,0.248412
2020-02-06 00:00:00+08:00,0.223212,0.223212,0.223212,0.223212,70000,0.000000,0.000000,0.248412
2020-02-07 00:00:00+08:00,0.223212,0.223212,0.223212,0.223212,0,0.000000,0.000000,0.248412
2020-02-10 00:00:00+08:00,0.223212,0.249997,0.223212,0.249997,40000,0.000000,0.000000,0.275197
2020-02-11 00:00:00+08:00,0.249997,0.249997,0.249997,0.249997,18000,0.000000,0.000000,0.275197
2020-02-12 00:00:00+08:00,0.249997,0.249997,0.249997,0.249997,0,0.000000,0.000000,0.275197
2020-02-13 00:00:00+08:00,0.249997,0.249997,0.249997,0.249997,0,0.000000,0.000000,0.275197
2020-02-14 00:00:00+08:00,0.249997,0.249997,0.249997,0.249997,0,0.000000,0.000000,0.275197
2020-02-17 00:00:00+08:00,0.249997,0.249997,0.249997,0.249997,0,0.000000,0.000000,0.275197
2020-02-18 00:00:00+08:00,0.249997,0.249997,0.249997,0.249997,0,0.000000,0.000000,0.275197
2020-02-19 00:00:00+08:00,0.249997,0.249997,0.249997,0.249997,0,0.000000,0.000000,0.275197
2020-02-20 00:00:00+08:00,0.249997,0.249997,0.249997,0.249997,0,0.000000,0.000000,0.275197
2020-02-21 00:00:00+08:00,0.249997,0.249997,0.249997,0.249997,0,0.000000,0.000000,0.275197
2020-02-24 00:00:00+08:00,0.223212,0.223212,0.223212,0.223212,15000,0.000000,0.000000,0.248412
2020-02-25 00:00:00+08:00,0.223212,0.223212,0.223212,0.223212,309200,0.000000,0.000000,0.248412
2020-02-26 00:00:00+08:00,0.223212,0.223212,0.223212,0.223212,0,0.000000,0.000000,0.248412
2020-02-27 00:00:00+08:00,0.223212,0.223212,0.223212,0.223212,0,0.000000,0.000000,0.248412
2020-02-28 00:00:00+08:00,0.223212,0.223212,0.223212,0.223212,7000,0.000000,0.000000,0.248412
2020-03-02 00:00:00+08:00,0.223212,0.223212,0.223212,0.223212,0,0.000000,0.000000,0.248412
2020-03-03 00:00:00+08:00,0.223212,0.223212,0.223212,0.223212,0,0.000000,0.000000,0.248412
2020-03-04 00:00:00+08:00,0.223212,0.223212,0.223212,0.223212,0,0.000000,0.000000,0.248412
2020-03-05 00:00:00+08:00,0.223212,0.223212,0.223212,0.223212,0,0.000000,0.000000,0.248412
2020-03-06 00:00:00+08:00,0.223212,0.223212,0.223212,0.223212,0,0.000000,0.000000,0.248412
2020-03-09 00:00:00+08:00,0.223212,0.223212,0.223212,0.223212,0,0.000000,0.000000,0.248412
2020-03-10 00:00:00+08:00,0.223212,0.223212,0.223212,0.223212,0,0.000000,0.000000,0.248412
2020-03-11 00:00:00+08:00,0.223212,0.223212,0.223212,0.223212,0,0.000000,0.000000,0.248412
2020-03-12 00:00:00+08:00,0.223212,0.223212,0.223212,0.223212,0,0.000000,0.000000,0.248412
2020-03-13 00:00:00+08:00,0.223212,0.223212,0.223212,0.223212,0,0.000000,0.000000,0.248412
2020-03-16 00:00:00+08:00,0.223212,0.223212,0.223212,0.223212,0,0.000000,0.000000,0.248412
2020-03-17 00:00:00+08:00,0.223212,0.223212,0.223212,0.223212,0,0.000000,0.000000,0.248412
2020-03-18 00:00:00+08:00,0.223212,0.223212,0.223212,0.223212,0,0.000000,0.000000,0.248412
2020-03-19 00:00:00+08:00,0.223212,0.223212,0.223212,0.223212,0,0.000000,0.000000,0.248412
2020-03-20 00:00:00+08:00,0.223212,0.223212,0.223212,0.223212,0,0.000000,0.000000,0.248412
2020-03-23 00:00:00+08:00,0.223212,0.223212,0.223212,0.223212,0,0.000000,0.000000,0.248412
2020-03-24 00:00:00+08:00,0.223212,0.223212,0.223212,0.223212,0,0.000000,0.000000,0.248412
2020-03-25 00:00:00+08:00,0.223212,0.223212,0.223212,0.223212,0,0.000000,0.000000,0.248412
2020-03-26 00:00:00+08:00,0.223212,0.223212,0.223212,0.223212,0,0.000000,0.000000,0.248412
2020-03-27 00:00:00+08:00,0.223212,0.223212,0.223212,0.223212,0,0.000000,0.000000,0.248412
2020-03-30 00:00:00+08:00,0.223212,0.223212,0.223212,0.223212,0,0.000000,0.000000,0.248412
2020-03-31 00:00:00+08:00,0.223212,0.223212,0.223212,0.223212,0,0.000000,0.000000,0.248412
2020-04-01 00:00:00+08:00,0.160712,0.218747,0.160712,0.218747,1000,0.000000,0.000000,0.243947
2020-04-02 00:00:00+08:00,0.169641,0.214283,0.169641,0.214283,20000,0.000000,0.000000,0.239483
2020-04-03 00:00:00+08:00,0.214283,0.214283,0.214283,0.214283,0,0.000000,0.000000,0.239483
2020-04-06 00:00:00+08:00,0.214283,0.214283,0.214283,0.214283,0,0.000000,0.000000,0.239483
2020-04-07 00:00:00+08:00,0.214283,0.214283,0.214283,0.214283,0,0.000000,0.000000,0.239483
2020-04-08 00:00:00+08:00,0.214283,0.214283,0.214283,0.214283,0,0.000000,0.000000,0.239483
2020-04-09 00:00:00+08:00,0.214283,0.214283,0.214283,0.214283,0,0.000000,0.000000,0.239483
2020-04-13 00:00:00+08:00,0.214283,0.214283,0.214283,0.214283,11000,0.000000,0.000000,0.239483
2020-04-14 00:00:00+08:00,0.158927,0.183034,0.152677,0.183034,12000,0.000000,0.000000,0.208234
2020-04-15 00:00:00+08:00,0.183034,0.183034,0.183034,0.183034,10000,0.000000,0.000000,0.208234
2020-04-16 00:00:00+08:00,0.183034,0.183034,0.178569,0.178569,19000,0.000000,0.000000,0.203769
2020-04-17 00:00:00+08:00,0.178569,0.178569,0.178569,0.178569,0,0.000000,0.000000,0.203769
2020-04-20 00:00:00+08:00,0.161605,0.178569,0.161605,0.178569,19100,0.000000,0.000000,0.203769
2020-04-21 00:00:00+08:00,0.178569,0.178569,0.178569,0.178569,0,0.000000,0.000000,0.203769
2020-04-22 00:00:00+08:00,0.162498,0.178569,0.162498,0.178569,10200,0.000000,0.000000,0.203769
2020-04-23 00:00:00+08:00,0.157141,0.178569,0.157141,0.178569,11700,0.000000,0.000000,0.203769
2020-04-24 00:00:00+08:00,0.178569,0.178569,0.178569,0.178569,0,0.000000,0.000000,0.203769
2020-04-27 00:00:00+08:00,0.178569,0.178569,0.178569,0.178569,0,0.000000,0.000000,0.203769
2020-04-28 00:00:00+08:00,0.178569,0.178569,0.178569,0.178569,0,0.000000,0.000000,0.203769
2020-04-29 00:00:00+08:00,0.178569,0.178569,0.178569,0.178569,0,0.000000,0.000000,0.203769
2020-04-30 00:00:00+08:00,0.178569,0.178569,0.178569,0.178569,0,0.000000,0.000000,0.203769
2020-05-04 00:00:00+08:00,0.218747,0.218747,0.160712,0.178569,10300,0.000000,0.000000,0.203769
2020-05-05 00:00:00+08:00,0.178569,0.178569,0.178569,0.178569,0,0.000000,0.000000,0.203769
2020-05-06 00:00:00+08:00,0.178569,0.178569,0.178569,0.178569,0,0.000000,0.000000,0.203769
2020-05-08 00:00:00+08:00,0.178569,0.178569,0.178569,0.178569,0,0.000000,0.000000,0.203769
2020-05-11 00:00:00+08:00,0.187498,0.187498,0.178569,0.178569,7000,0.000000,0.000000,0.203769
2020-05-12 00:00:00+08:00,0.178569,0.178569,0.178569,0.178569,0,0.000000,0.000000,0.203769
2020-05-13 00:00:00+08:00,0.178569,0.178569,0.178569,0.178569,0,0.000000,0.000000,0.203769
2020-05-14 00:00:00+08:00,0.178569,0.178569,0.178569,0.178569,0,0.000000,0.000000,0.203769
2020-05-15 00:00:00+08:00,0.178569,0.178569,0.178569,0.178569,0,0.000000,0.000000,0.203769
2020-05-18 00:00:00+08:00,0.178569,0.178569,0.178569,0.178569,0,0.000000,0.000000,0.203769
2020-05-19 00:00:00+08:00,0.178569,0.178569,0.178569,0.178569,0,0.000000,0.000000,0.203769
2020-05-20 00:00:00+08:00,0.178569,0.178569,0.178569,0.178569,0,0.000000,0.000000,0.203769
2020-05-21 00:00:00+08:00,0.178569,0.178569,0.178569,0.178569,0,0.000000,0.000000,0.203769
2020-05-22 00:00:00+08:00,0.178569,0.178569,0.178569,0.178569,0,0.000000,0.000000,0.203769
2020-05-26 00:00:00+08:00,0.160712,0.171427,0.160712,0.171427,14400,0.000000,0.000000,0.196627
2020-05-27 00:00:00+08:00,0.191962,0.196426,0.187498,0.187498,30100,0.000000,0.000000,0.212698
2020-05-28 00:00:00+08:00,0.162498,0.187498,0.162498,0.187498,30100,0.000000,0.000000,0.212698
2020-05-29 00:00:00+08:00,0.162498,0.191962,0.162498,0.178569,219200,0.000000,0.000000,0.203769
2020-06-01 00:00:00+08:00,0.196426,0.196426,0.196426,0.196426,6400,0.000000,0.000000,0.221626
2020-06-02 00:00:00+08:00,0.170534,0.187498,0.170534,0.187498,25100,0.000000,0.000000,0.212698
2020-06-03 00:00:00+08:00,0.187498,0.187498,0.187498,0.187498,0,0.000000,0.000000,0.212698
2020-06-04 00:00:00+08:00,0.170534,0.183034,0.170534,0.183034,7500,0.000000,0.000000,0.208234
2020-06-05 00:00:00+08:00,0.183034,0.183034,0.183034,0.183034,0,0.000000,0.000000,0.208234
2020-06-08 00:00:00+08:00,0.196426,0.196426,0.187498,0.196426,6300,0.000000,0.000000,0.221626
2020-06-09 00:00:00+08:00,0.196426,0.205355,0.196426,0.205355,33000,0.000000,0.000000,0.230555
2020-06-10 00:00:00+08:00,0.205355,0.205355,0.205355,0.205355,0,0.000000,0.000000,0.230555
2020-06-11 00:00:00+08:00,0.205355,0.205355,0.205355,0.205355,0,0.000000,0.000000,0.230555
2020-06-12 00:00:00+08:00,0.205355,0.205355,0.205355,0.205355,0,0.000000,0.000000,0.230555
2020-06-15 00:00:00+08:00,0.205355,0.205355,0.205355,0.205355,0,0.000000,0.000000,0.230555
2020-06-16 00:00:00+08:00,0.205355,0.205355,0.205355,0.205355,0,0.000000,0.000000,0.230555
2020-06-17 00:00:00+08:00,0.205355,0.205355,0.205355,0.205355,0,0.000000,0.000000,0.230555
2020-06-18 00:00:00+08:00,0.205355,0.205355,0.205355,0.205355,0,0.000000,0.000000,0.230555
2020-06-19 00:00:00+08:00,0.205355,0.205355,0.205355,0.205355,0,0.000000,0.000000,0.230555
2020-06-22 00:00:00+08:00,0.205355,0.205355,0.205355,0.205355,0,0.000000,0.000000,0.230555
2020-06-23 00:00:00+08:00,0.205355,0.205355,0.205355,0.205355,0,0.000000,0.000000,0.230555
2020-06-24 00:00:00+08:00,0.214283,0.214283,0.187498,0.187498,20100,0.000000,0.000000,0.212698
2020-06-25 00:00:00+08:00,0.187498,0.187498,0.187498,0.187498,0,0.000000,0.000000,0.212698
2020-06-26 00:00:00+08:00,0.214283,0.214283,0.187498,0.187498,10100,0.000000,0.000000,0.212698
2020-06-29 00:00:00+08:00,0.187498,0.187498,0.187498,0.187498,0,0.000000,0.000000,0.212698
2020-06-30 00:00:00+08:00,0.187498,0.187498,0.187498,0.187498,0,0.000000,0.000000,0.212698
2020-07-01 00:00:00+08:00,0.187498,0.187498,0.187498,0.187498,0,0.000000,0.000000,0.212698
2020-07-02 00:00:00+08:00,0.187498,0.187498,0.187498,0.187498,0,0.000000,0.000000,0.212698
2020-07-03 00:00:00+08:00,0.187498,0.187498,0.187498,0.187498,0,0.000000,0.000000,0.212698
2020-07-06 00:00:00+08:00,0.187498,0.187498,0.187498,0.187498,0,0.000000,0.000000,0.212698
2020-07-07 00:00:00+08:00,0.187498,0.187498,0.187498,0.187498,0,0.000000,0.000000,0.212698
2020-07-08 00:00:00+08:00,0.187498,0.187498,0.187498,0.187498,0,0.000000,0.000000,0.212698
2020-07-09 00:00:00+08:00,0.187498,0.187498,0.187498,0.187498,0,0.000000,0.000000,0.212698
2020-07-13 00:00:00+08:00,0.187498,0.187498,0.187498,0.187498,5000,0.000000,0.000000,0.212698
2020-07-14 00:00:00+08:00,0.187498,0.187498,0.187498,0.187498,0,0.000000,0.000000,0.212698
2020-07-15 00:00:00+08:00,0.214283,0.214283,0.214283,0.214283,100,0.000000,0.000000,0.239483
2020-07-16 00:00:00+08:00,0.214283,0.214283,0.214283,0.214283,0,0.000000,0.000000,0.239483
2020-07-17 00:00:00+08:00,0.214283,0.214283,0.214283,0.214283,0,0.000000,0.000000,0.239483
2020-07-20 00:00:00+08:00,0.214283,0.214283,0.214283,0.214283,0,0.000000,0.000000,0.239483
2020-07-21 00:00:00+08:00,0.187498,0.205355,0.187498,0.187498,13000,0.000000,0.000000,0.212698
2020-07-22 00:00:00+08:00,0.187498,0.187498,0.187498,0.187498,0,0.000000,0.000000,0.212698
2020-07-23 00:00:00+08:00,0.218747,0.249997,0.214283,0.218747,961300,0.000000,0.000000,0.243947
2020-07-24 00:00:00+08:00,0.223212,0.223212,0.209819,0.209819,160000,0.000000,0.000000,0.235019
2020-07-27 00:00:00+08:00,0.209819,0.214283,0.200890,0.200890,59000,0.000000,0.000000,0.226090
2020-07-28 00:00:00+08:00,0.200890,0.214283,0.200890,0.200890,15000,0.000000,0.000000,0.226090
2020-07-29 00:00:00+08:00,0.196426,0.196426,0.196426,0.196426,25000,0.000000,0.000000,0.221626
2020-07-30 00:00:00+08:00,0.196426,0.196426,0.196426,0.196426,0,0.000000,0.000000,0.221626
2020-08-03 00:00:00+08:00,0.191962,0.191962,0.187498,0.187498,15000,0.000000,0.000000,0.212698
2020-08-04 00:00:00+08:00,0.187498,0.187498,0.187498,0.187498,0,0.000000,0.000000,0.212698
2020-08-05 00:00:00+08:00,0.187498,0.205355,0.183034,0.205355,7200,0.000000,0.000000,0.230555
2020-08-06 00:00:00+08:00,0.205355,0.205355,0.205355,0.205355,0,0.000000,0.000000,0.230555
2020-08-07 00:00:00+08:00,0.200890,0.214283,0.200890,0.200890,102400,0.000000,0.000000,0.226090
2020-08-11 00:00:00+08:00,0.191962,0.191962,0.187498,0.187498,7200,0.000000,0.000000,0.212698
2020-08-12 00:00:00+08:00,0.214283,0.214283,0.214283,0.214283,100,0.000000,0.000000,0.239483
2020-08-13 00:00:00+08:00,0.214283,0.214283,0.196426,0.209819,63500,0.000000,0.000000,0.235019
2020-08-14 00:00:00+08:00,0.209819,0.209819,0.209819,0.209819,0,0.000000,0.000000,0.235019
2020-08-17 00:00:00+08:00,0.218747,0.218747,0.191962,0.191962,21000,0.000000,0.000000,0.217162
2020-08-18 00:00:00+08:00,0.191962,0.191962,0.191962,0.191962,0,0.000000,0.000000,0.217162
2020-08-19 00:00:00+08:00,0.191962,0.191962,0.191962,0.191962,0,0.000000,0.000000,0.217162
2020-08-20 00:00:00+08:00,0.191962,0.191962,0.191962,0.191962,0,0.000000,0.000000,0.217162
2020-08-21 00:00:00+08:00,0.191962,0.191962,0.191962,0.191962,0,0.000000,0.000000,0.217162
2020-08-24 00:00:00+08:00,0.191962,0.191962,0.191962,0.191962,0,0.000000,0.000000,0.217162
2020-08-25 00:00:00+08:00,0.191962,0.191962,0.191962,0.191962,0,0.000000,0.000000,0.217162
2020-08-26 00:00:00+08:00,0.191962,0.191962,0.191962,0.191962,0,0.000000,0.000000,0.217162
2020-08-27 00:00:00+08:00,0.191962,0.191962,0.191962,0.191962,0,0.000000,0.000000,0.217162
2020-08-28 00:00:00+08:00,0.196426,0.196426,0.196426,0.196426,2000,0.000000,0.000000,0.221626
2020-08-31 00:00:00+08:00,0.196426,0.196426,0.196426,0.196426,9700,0.000000,0.000000,0.221626
2020-09-01 00:00:00+08:00,0.196426,0.196426,0.196426,0.196426,0,0.000000,0.000000,0.221626
2020-09-02 00:00:00+08:00,0.196426,0.196426,0.196426,0.196426,0,0.000000,0.000000,0.221626
2020-09-03 00:00:00+08:00,0.196426,0.196426,0.196426,0.196426,15600,0.000000,0.000000,0.221626
2020-09-04 00:00:00+08:00,0.196426,0.196426,0.196426,0.196426,0,0.000000,0.000000,0.221626
2020-09-07 00:00:00+08:00,0.196426,0.196426,0.196426,0.196426,0,0.000000,0.000000,0.221626
2020-09-08 00:00:00+08:00,0.196426,0.196426,0.178569,0.178569,6800,0.000000,0.000000,0.203769
2020-09-09 00:00:00+08:00,0.178569,0.178569,0.178569,0.178569,0,0.000000,0.000000,0.203769
2020-09-10 00:00:00+08:00,0.178569,0.178569,0.178569,0.178569,0,0.000000,0.000000,0.203769
2020-09-11 00:00:00+08:00,0.178569,0.178569,0.178569,0.178569,0,0.000000,0.000000,0.203769
2020-09-14 00:00:00+08:00,0.178569,0.178569,0.178569,0.178569,0,0.000000,0.000000,0.203769
2020-09-15 00:00:00+08:00,0.178569,0.178569,0.178569,0.178569,0,0.000000,0.000000,0.203769
2020-09-16 00:00:00+08:00,0.183034,0.183034,0.183034,0.183034,1000,0.000000,0.000000,0.208234
2020-09-17 00:00:00+08:00,0.183034,0.183034,0.183034,0.183034,0,0.000000,0.000000,0.208234
2020-09-18 00:00:00+08:00,0.183034,0.183034,0.183034,0.183034,0,0.000000,0.000000,0.208234
2020-09-21 00:00:00+08:00,0.183034,0.183034,0.183034,0.183034,0,0.000000,0.000000,0.208234
2020-09-22 00:00:00+08:00,0.174105,0.174105,0.174105,0.174105,100,0.000000,0.000000,0.199305
2020-09-23 00:00:00+08:00,0.174105,0.174105,0.174105,0.174105,0,0.000000,0.000000,0.199305
2020-09-24 00:00:00+08:00,0.174105,0.174105,0.174105,0.174105,0,0.000000,0.000000,0.199305
2020-09-25 00:00:00+08:00,0.174105,0.174105,0.174105,0.174105,0,0.000000,0.000000,0.199305
2020-09-28 00:00:00+08:00,0.174105,0.174105,0.174105,0.174105,0,0.000000,0.000000,0.199305
2020-09-29 00:00:00+08:00,0.174105,0.174105,0.174105,0.174105,0,0.000000,0.000000,0.199305
2020-09-30 00:00:00+08:00,0.174105,0.174105,0.174105,0.174105,0,0.000000,0.000000,0.199305
2020-10-01 00:00:00+08:00,0.174105,0.174105,0.174105,0.174105,0,0.000000,0.000000,0.199305
2020-10-02 00:00:00+08:00,0.174105,0.174105,0.174105,0.174105,0,0.000000,0.000000,0.199305
2020-10-05 00:00:00+08:00,0.174998,0.174998,0.174998,0.174998,500,0.000000,0.000000,0.200198
2020-10-06 00:00:00+08:00,0.174998,0.174998,0.174998,0.174998,0,0.000000,0.000000,0.200198
2020-10-07 00:00:00+08:00,0.174998,0.174998,0.174998,0.174998,0,0.000000,0.000000,0.200198
2020-10-08 00:00:00+08:00,0.174998,0.174998,0.174998,0.174998,0,0.000000,0.000000,0.200198
2020-10-09 00:00:00+08:00,0.205355,0.205355,0.196426,0.196426,21000,0.000000,0.000000,0.221626
2020-10-12 00:00:00+08:00,0.196426,0.196426,0.196426,0.196426,0,0.000000,0.000000,0.221626
2020-10-13 00:00:00+08:00,0.196426,0.196426,0.196426,0.196426,0,0.000000,0.000000,0.221626
2020-10-14 00:00:00+08:00,0.196426,0.196426,0.196426,0.196426,0,0.000000,0.000000,0.221626
2020-10-15 00:00:00+08:00,0.196426,0.196426,0.196426,0.196426,0,0.000000,0.000000,0.221626
2020-10-16 00:00:00+08:00,0.196426,0.196426,0.196426,0.196426,0,0.000000,0.000000,0.221626
2020-10-19 00:00:00+08:00,0.196426,0.196426,0.196426,0.196426,0,0.000000,0.000000,0.221626
2020-10-20 00:00:00+08:00,0.196426,0.196426,0.187498,0.187498,7000,0.000000,0.000000,0.212698
2020-10-21 00:00:00+08:00,0.187498,0.187498,0.187498,0.187498,0,0.000000,0.000000,0.212698
2020-10-22 00:00:00+08:00,0.187498,0.187498,0.187498,0.187498,0,0.000000,0.000000,0.212698
2020-10-23 00:00:00+08:00,0.178569,0.187498,0.178569,0.187498,5100,0.000000,0.000000,0.212698
2020-10-26 00:00:00+08:00,0.187498,0.187498,0.187498,0.187498,0,0.000000,0.000000,0.212698
2020-10-27 00:00:00+08:00,0.187498,0.187498,0.187498,0.187498,0,0.000000,0.000000,0.212698
2020-10-28 00:00:00+08:00,0.187498,0.187498,0.187498,0.187498,0,0.000000,0.000000,0.212698
2020-10-29 00:00:00+08:00,0.187498,0.187498,0.187498,0.187498,0,0.000000,0.000000,0.212698
2020-10-30 00:00:00+08:00,0.187498,0.187498,0.187498,0.187498,0,0.000000,0.000000,0.212698
2020-11-02 00:00:00+08:00,0.187498,0.187498,0.187498,0.187498,0,0.000000,0.000000,0.212698
2020-11-03 00:00:00+08:00,0.187498,0.187498,0.187498,0.187498,0,0.000000,0.000000,0.212698
2020-11-04 00:00:00+08:00,0.178569,0.178569,0.178569,0.178569,900,0.000000,0.000000,0.203769
2020-11-05 00:00:00+08:00,0.178569,0.178569,0.178569,0.178569,0,0.000000,0.000000,0.203769
2020-11-06 00:00:00+08:00,0.178569,0.178569,0.178569,0.178569,0,0.000000,0.000000,0.203769
2020-11-09 00:00:00+08:00,0.178569,0.178569,0.178569,0.178569,0,0.000000,0.000000,0.203769
2020-11-10 00:00:00+08:00,0.178569,0.178569,0.178569,0.178569,0,0.000000,0.000000,0.203769
2020-11-11 00:00:00+08:00,0.178569,0.178569,0.178569,0.178569,0,0.000000,0.000000,0.203769
2020-11-12 00:00:00+08:00,0.178569,0.178569,0.178569,0.178569,0,0.000000,0.000000,0.203769
2020-11-13 00:00:00+08:00,0.178569,0.178569,0.178569,0.178569,0,0.000000,0.000000,0.203769
2020-11-16 00:00:00+08:00,0.196426,0.205355,0.196426,0.196426,65400,0.000000,0.000000,0.221626
2020-11-17 00:00:00+08:00,0.175891,0.205355,0.175891,0.205355,4800,0.000000,0.000000,0.230555
2020-11-18 00:00:00+08:00,0.205355,0.205355,0.205355,0.205355,0,0.000000,0.000000,0.230555
2020-11-19 00:00:00+08:00,0.183034,0.183034,0.178569,0.178569,5000,0.000000,0.000000,0.203769
2020-11-20 00:00:00+08:00,0.178569,0.178569,0.178569,0.178569,0,0.000000,0.000000,0.203769
2020-11-23 00:00:00+08:00,0.205355,0.205355,0.196426,0.205355,250000,0.000000,0.000000,0.230555
2020-11-24 00:00:00+08:00,0.205355,0.205355,0.205355,0.205355,0,0.000000,0.000000,0.230555
2020-11-25 00:00:00+08:00,0.205355,0.205355,0.205355,0.205355,0,0.000000,0.000000,0.230555
2020-11-26 00:00:00+08:00,0.213139,0.213139,0.213139,0.213139,10000,0.008400,0.000000,0.229939
2020-11-27 00:00:00+08:00,0.213139,0.213139,0.213139,0.213139,0,0.000000,0.000000,0.229939
2020-11-30 00:00:00+08:00,0.213139,0.213139,0.213139,0.213139,0,0.000000,0.000000,0.229939
2020-12-01 00:00:00+08:00,0.213139,0.213139,0.213139,0.213139,0,0.000000,0.000000,0.229939
2020-12-02 00:00:00+08:00,0.213139,0.213139,0.213139,0.213139,0,0.000000,0.000000,0.229939
2020-12-03 00:00:00+08:00,0.213139,0.213139,0.213139,0.213139,0,0.000000,0.000000,0.229939
2020-12-04 00:00:00+08:00,0.213139,0.213139,0.213139,0.213139,0,0.000000,0.000000,0.229939
2020-12-07 00:00:00+08:00,0.194605,0.194605,0.194605,0.194605,4000,0.000000,0.000000,0.211405
2020-12-08 00:00:00+08:00,0.194605,0.194605,0.194605,0.194605,0,0.000000,0.000000,0.211405
2020-12-09 00:00:00+08:00,0.199239,0.199239,0.199239,0.199239,60000,0.000000,0.000000,0.216039
2020-12-10 00:00:00+08:00,0.199239,0.199239,0.199239,0.199239,0,0.000000,0.000000,0.216039
2020-12-11 00:00:00+08:00,0.199239,0.199239,0.199239,0.199239,0,0.000000,0.000000,0.216039
2020-12-14 00:00:00+08:00,0.199239,0.199239,0.199239,0.199239,0,0.000000,0.000000,0.216039
2020-12-15 00:00:00+08:00,0.199239,0.199239,0.199239,0.199239,0,0.000000,0.000000,0.216039
2020-12-16 00:00:00+08:00,0.199239,0.199239,0.199239,0.199239,0,0.000000,0.000000,0.216039
2020-12-17 00:00:00+08:00,0.194605,0.194605,0.194605,0.194605,50000,0.000000,0.000000,0.211405
2020-12-18 00:00:00+08:00,0.194605,0.194605,0.194605,0.194605,0,0.000000,0.000000,0.211405
2020-12-21 00:00:00+08:00,0.194605,0.194605,0.194605,0.194605,0,0.000000,0.000000,0.211405
2020-12-22 00:00:00+08:00,0.194605,0.194605,0.194605,0.194605,15000,0.000000,0.000000,0.211405
2020-12-23 00:00:00+08:00,0.194605,0.194605,0.194605,0.194605,0,0.000000,0.000000,0.211405
2020-12-24 00:00:00+08:00,0.199239,0.199239,0.199239,0.199239,17000,0.000000,0.000000,0.216039
2020-12-28 00:00:00+08:00,0.199239,0.199239,0.199239,0.199239,0,0.000000,0.000000,0.216039
2020-12-29 00:00:00+08:00,0.199239,0.199239,0.199239,0.199239,0,0.000000,0.000000,0.216039
2020-12-30 00:00:00+08:00,0.199239,0.199239,0.199239,0.199239,0,0.000000,0.000000,0.216039
2020-12-31 00:00:00+08:00,0.199239,0.199239,0.199239,0.199239,0,0.000000,0.000000,0.216039
2021-01-04 00:00:00+08:00,0.199239,0.199239,0.199239,0.199239,0,0.000000,0.000000,0.216039
2021-01-05 00:00:00+08:00,0.199239,0.199239,0.199239,0.199239,0,0.000000,0.000000,0.216039
2021-01-06 00:00:00+08:00,0.199239,0.199239,0.199239,0.199239,0,0.000000,0.000000,0.216039
2021-01-07 00:00:00+08:00,0.199239,0.199239,0.199239,0.199239,0,0.000000,0.000000,0.216039
2021-01-08 00:00:00+08:00,0.199239,0.199239,0.199239,0.199239,0,0.000000,0.000000,0.216039
2021-01-11 00:00:00+08:00,0.203872,0.203872,0.203872,0.203872,100,0.000000,0.000000,0.220672
2021-01-12 00:00:00+08:00,0.203872,0.203872,0.203872,0.203872,0,0.000000,0.000000,0.220672
2021-01-13 00:00:00+08:00,0.199239,0.203872,0.199239,0.203872,60100,0.000000,0.000000,0.220672
2021-01-14 00:00:00+08:00,0.203872,0.203872,0.203872,0.203872,0,0.000000,0.000000,0.220672
2021-01-15 00:00:00+08:00,0.203872,0.203872,0.203872,0.203872,0,0.000000,0.000000,0.220672
2021-01-18 00:00:00+08:00,0.217772,0.217772,0.203872,0.213139,90700,0.000000,0.000000,0.229939
2021-01-19 00:00:00+08:00,0.213139,0.213139,0.213139,0.213139,0,0.000000,0.000000,0.229939
2021-01-20 00:00:00+08:00,0.213139,0.213139,0.213139,0.213139,97000,0.000000,0.000000,0.229939
2021-01-21 00:00:00+08:00,0.208505,0.208505,0.208505,0.208505,2000,0.000000,0.000000,0.225305
2021-01-22 00:00:00+08:00,0.203872,0.203872,0.203872,0.203872,100,0.000000,0.000000,0.220672
2021-01-25 00:00:00+08:00,0.213139,0.217772,0.213139,0.217772,11600,0.000000,0.000000,0.234572
2021-01-26 00:00:00+08:00,0.203872,0.222406,0.203872,0.222406,50000,0.000000,0.000000,0.239206
2021-01-27 00:00:00+08:00,0.222406,0.222406,0.222406,0.222406,0,0.000000,0.000000,0.239206
2021-01-28 00:00:00+08:00,0.222406,0.222406,0.222406,0.222406,0,0.000000,0.000000,0.239206
2021-01-29 00:00:00+08:00,0.222406,0.222406,0.222406,0.222406,0,0.000000,0.000000,0.239206
2021-02-01 00:00:00+08:00,0.222406,0.222406,0.222406,0.222406,0,0.000000,0.000000,0.239206
2021-02-02 00:00:00+08:00,0.217772,0.222406,0.189972,0.222406,46000,0.000000,0.000000,0.239206
2021-02-03 00:00:00+08:00,0.222406,0.222406,0.222406,0.222406,0,0.000000,0.000000,0.239206
2021-02-04 00:00:00+08:00,0.222406,0.222406,0.222406,0.222406,0,0.000000,0.000000,0.239206
2021-02-05 00:00:00+08:00,0.189972,0.217772,0.189972,0.217772,2000,0.000000,0.000000,0.234572
2021-02-08 00:00:00+08:00,0.217772,0.217772,0.217772,0.217772,0,0.000000,0.000000,0.234572
2021-02-09 00:00:00+08:00,0.217772,0.217772,0.217772,0.217772,0,0.000000,0.000000,0.234572
2021-02-10 00:00:00+08:00,0.217772,0.217772,0.217772,0.217772,0,0.000000,0.000000,0.234572
2021-02-11 00:00:00+08:00,0.217772,0.217772,0.217772,0.217772,0,0.000000,0.000000,0.234572
2021-02-15 00:00:00+08:00,0.217772,0.217772,0.217772,0.217772,12000,0.000000,0.000000,0.234572
2021-02-16 00:00:00+08:00,0.217772,0.217772,0.194605,0.194605,10100,0.000000,0.000000,0.211405
2021-02-17 00:00:00+08:00,0.194605,0.194605,0.194605,0.194605,0,0.000000,0.000000,0.211405
2021-02-18 00:00:00+08:00,0.194605,0.194605,0.194605,0.194605,0,0.000000,0.000000,0.211405
2021-02-19 00:00:00+08:00,0.194605,0.194605,0.194605,0.194605,0,0.000000,0.000000,0.211405
2021-02-22 00:00:00+08:00,0.203872,0.203872,0.203872,0.203872,10000,0.000000,0.000000,0.220672
2021-02-23 00:00:00+08:00,0.203872,0.203872,0.203872,0.203872,0,0.000000,0.000000,0.220672
2021-02-24 00:00:00+08:00,0.203872,0.203872,0.203872,0.203872,0,0.000000,0.000000,0.220672
2021-02-25 00:00:00+08:00,0.203872,0.203872,0.203872,0.203872,0,0.000000,0.000000,0.220672
2021-02-26 00:00:00+08:00,0.203872,0.203872,0.203872,0.203872,0,0.000000,0.000000,0.220672
2021-03-01 00:00:00+08:00,0.203872,0.203872,0.203872,0.203872,0,0.000000,0.000000,0.220672
2021-03-02 00:00:00+08:00,0.203872,0.203872,0.203872,0.203872,0,0.000000,0.000000,0.220672
2021-03-03 00:00:00+08:00,0.203872,0.203872,0.203872,0.203872,0,0.000000,0.000000,0.220672
2021-03-04 00:00:00+08:00,0.203872,0.203872,0.203872,0.203872,0,0.000000,0.000000,0.220672
2021-03-05 00:00:00+08:00,0.203872,0.203872,0.203872,0.203872,0,0.000000,0.000000,0.220672
2021-03-08 00:00:00+08:00,0.203872,0.203872,0.203872,0.203872,0,0.000000,0.000000,0.220672
2021-03-09 00:00:00+08:00,0.203872,0.203872,0.203872,0.203872,0,0.000000,0.000000,0.220672
2021-03-10 00:00:00+08:00,0.203872,0.203872,0.203872,0.203872,0,0.000000,0.000000,0.220672
2021-03-11 00:00:00+08:00,0.203872,0.203872,0.203872,0.203872,0,0.000000,0.000000,0.220672
2021-03-12 00:00:00+08:00,0.203872,0.203872,0.203872,0.203872,0,0.000000,0.000000,0.220672
2021-03-15 00:00:00+08:00,0.217772,0.217772,0.217772,0.217772,80000,0.000000,0.000000,0.234572
2021-03-16 00:00:00+08:00,0.217772,0.217772,0.217772,0.217772,0,0.000000,0.000000,0.234572
2021-03-17 00:00:00+08:00,0.217772,0.217772,0.217772,0.217772,0,0.000000,0.000000,0.234572
2021-03-18 00:00:00+08:00,0.217772,0.217772,0.217772,0.217772,0,0.000000,0.000000,0.234572
2021-03-19 00:00:00+08:00,0.217772,0.217772,0.217772,0.217772,0,0.000000,0.000000,0.234572
2021-03-22 00:00:00+08:00,0.217772,0.217772,0.217772,0.217772,0,0.000000,0.000000,0.234572
2021-03-23 00:00:00+08:00,0.176071,0.176071,0.176071,0.176071,2100,0.000000,0.000000,0.192871
2021-03-24 00:00:00+08:00,0.176071,0.176071,0.176071,0.176071,0,0.000000,0.000000,0.192871
2021-03-25 00:00:00+08:00,0.176071,0.176071,0.176071,0.176071,0,0.000000,0.000000,0.192871
2021-03-26 00:00:00+08:00,0.176071,0.176071,0.176071,0.176071,0,0.000000,0.000000,0.192871
2021-03-29 00:00:00+08:00,0.176071,0.176071,0.176071,0.176071,0,0.000000,0.000000,0.192871
2021-03-30 00:00:00+08:00,0.194605,0.194605,0.194605,0.194605,20000,0.000000,0.000000,0.211405
2021-03-31 00:00:00+08:00,0.194605,0.194605,0.194605,0.194605,0,0.000000,0.000000,0.211405
2021-04-01 00:00:00+08:00,0.194605,0.194605,0.194605,0.194605,0,0.000000,0.000000,0.211405
2021-04-05 00:00:00+08:00,0.194605,0.194605,0.194605,0.194605,0,0.000000,0.000000,0.211405
2021-04-06 00:00:00+08:00,0.194605,0.194605,0.194605,0.194605,0,0.000000,0.000000,0.211405
2021-04-07 00:00:00+08:00,0.194605,0.194605,0.194605,0.194605,8900,0.000000,0.000000,0.211405
2021-04-08 00:00:00+08:00,0.194605,0.194605,0.194605,0.194605,8600,0.000000,0.000000,0.211405
2021-04-09 00:00:00+08:00,0.194605,0.194605,0.194605,0.194605,0,0.000000,0.000000,0.211405
2021-04-12 00:00:00+08:00,0.203872,0.203872,0.203872,0.203872,10000,0.000000,0.000000,0.220672
2021-04-13 00:00:00+08:00,0.203872,0.203872,0.203872,0.203872,0,0.000000,0.000000,0.220672
2021-04-14 00:00:00+08:00,0.203872,0.203872,0.203872,0.203872,0,0.000000,0.000000,0.220672
2021-04-15 00:00:00+08:00,0.203872,0.203872,0.203872,0.203872,0,0.000000,0.000000,0.220672
2021-04-16 00:00:00+08:00,0.194605,0.194605,0.189972,0.189972,1300,0.000000,0.000000,0.206772
2021-04-19 00:00:00+08:00,0.189972,0.189972,0.185338,0.189972,35000,0.000000,0.000000,0.206772
2021-04-20 00:00:00+08:00,0.194605,0.194605,0.189972,0.189972,63000,0.000000,0.000000,0.206772
2021-04-21 00:00:00+08:00,0.185338,0.194605,0.185338,0.194605,118500,0.000000,0.000000,0.211405
2021-04-22 00:00:00+08:00,0.194605,0.194605,0.194605,0.194605,0,0.000000,0.000000,0.211405
2021-04-23 00:00:00+08:00,0.194605,0.194605,0.194605,0.194605,0,0.000000,0.000000,0.211405
2021-04-26 00:00:00+08:00,0.194605,0.194605,0.194605,0.194605,10000,0.000000,0.000000,0.211405
2021-04-27 00:00:00+08:00,0.194605,0.194605,0.194605,0.194605,0,0.000000,0.000000,0.211405
2021-04-28 00:00:00+08:00,0.194605,0.194605,0.194605,0.194605,0,0.000000,0.000000,0.211405
2021-04-29 00:00:00+08:00,0.194605,0.194605,0.194605,0.194605,0,0.000000,0.000000,0.211405
2021-04-30 00:00:00+08:00,0.185338,0.213139,0.185338,0.213139,200,0.000000,0.000000,0.229939
2021-05-03 00:00:00+08:00,0.213139,0.213139,0.213139,0.213139,0,0.000000,0.000000,0.229939
2021-05-04 00:00:00+08:00,0.208505,0.208505,0.203872,0.208505,60100,0.000000,0.000000,0.225305
2021-05-05 00:00:00+08:00,0.208505,0.208505,0.208505,0.208505,34000,0.000000,0.000000,0.225305
2021-05-06 00:00:00+08:00,0.208505,0.208505,0.208505,0.208505,0,0.000000,0.000000,0.225305
2021-05-07 00:00:00+08:00,0.199239,0.199239,0.199239,0.199239,40000,0.000000,0.000000,0.216039
2021-05-10 00:00:00+08:00,0.199239,0.199239,0.199239,0.199239,0,0.000000,0.000000,0.216039
2021-05-11 00:00:00+08:00,0.194605,0.194605,0.194605,0.194605,40000,0.000000,0.000000,0.211405
2021-05-12 00:00:00+08:00,0.194605,0.194605,0.194605,0.194605,0,0.000000,0.000000,0.211405
2021-05-14 00:00:00+08:00,0.189972,0.189972,0.189972,0.189972,10000,0.000000,0.000000,0.206772
2021-05-17 00:00:00+08:00,0.189972,0.189972,0.189972,0.189972,1300,0.000000,0.000000,0.206772
2021-05-18 00:00:00+08:00,0.189972,0.189972,0.189972,0.189972,0,0.000000,0.000000,0.206772
2021-05-19 00:00:00+08:00,0.189972,0.189972,0.189972,0.189972,0,0.000000,0.000000,0.206772
2021-05-20 00:00:00+08:00,0.189972,0.189972,0.189972,0.189972,0,0.000000,0.000000,0.206772
2021-05-21 00:00:00+08:00,0.189972,0.189972,0.189972,0.189972,0,0.000000,0.000000,0.206772
2021-05-24 00:00:00+08:00,0.189972,0.189972,0.189972,0.189972,0,0.000000,0.000000,0.206772
2021-05-25 00:00:00+08:00,0.189972,0.189972,0.189972,0.189972,0,0.000000,0.000000,0.206772
2021-05-27 00:00:00+08:00,0.189972,0.189972,0.189972,0.189972,0,0.000000,0.000000,0.206772
2021-05-28 00:00:00+08:00,0.199239,0.199239,0.199239,0.199239,1300,0.000000,0.000000,0.216039
2021-05-31 00:00:00+08:00,0.203872,0.203872,0.203872,0.203872,500,0.000000,0.000000,0.220672
2021-06-01 00:00:00+08:00,0.203872,0.203872,0.203872,0.203872,0,0.000000,0.000000,0.220672
2021-06-02 00:00:00+08:00,0.203872,0.203872,0.203872,0.203872,0,0.000000,0.000000,0.220672
2021-06-03 00:00:00+08:00,0.203872,0.203872,0.203872,0.203872,0,0.000000,0.000000,0.220672
2021-06-04 00:00:00+08:00,0.203872,0.203872,0.203872,0.203872,0,0.000000,0.000000,0.220672
2021-06-07 00:00:00+08:00,0.203872,0.203872,0.203872,0.203872,0,0.000000,0.000000,0.220672
2021-06-08 00:00:00+08:00,0.203872,0.208505,0.203872,0.208505,19500,0.000000,0.000000,0.225305
2021-06-09 00:00:00+08:00,0.189972,0.189972,0.189972,0.189972,100,0.000000,0.000000,0.206772
2021-06-10 00:00:00+08:00,0.189972,0.189972,0.189972,0.189972,0,0.000000,0.000000,0.206772
2021-06-11 00:00:00+08:00,0.189972,0.189972,0.189972,0.189972,0,0.000000,0.000000,0.206772
2021-06-14 00:00:00+08:00,0.189972,0.189972,0.189972,0.189972,0,0.000000,0.000000,0.206772
2021-06-15 00:00:00+08:00,0.189972,0.189972,0.189972,0.189972,0,0.000000,0.000000,0.206772
2021-06-16 00:00:00+08:00,0.189972,0.189972,0.189972,0.189972,0,0.000000,0.000000,0.206772
2021-06-17 00:00:00+08:00,0.189972,0.189972,0.189972,0.189972,0,0.000000,0.000000,0.206772
2021-06-18 00:00:00+08:00,0.189972,0.189972,0.189972,0.189972,0,0.000000,0.000000,0.206772
2021-06-21 00:00:00+08:00,0.213139,0.213139,0.213139,0.213139,5000,0.000000,0.000000,0.229939
2021-06-22 00:00:00+08:00,0.213139,0.213139,0.213139,0.213139,0,0.000000,0.000000,0.229939
2021-06-23 00:00:00+08:00,0.213139,0.213139,0.213139,0.213139,0,0.000000,0.000000,0.229939
2021-06-24 00:00:00+08:00,0.189972,0.189972,0.189972,0.189972,100,0.000000,0.000000,0.206772
2021-06-25 00:00:00+08:00,0.189972,0.189972,0.189972,0.189972,0,0.000000,0.000000,0.206772
2021-06-28 00:00:00+08:00,0.189972,0.189972,0.189972,0.189972,0,0.000000,0.000000,0.206772
2021-06-29 00:00:00+08:00,0.189972,0.189972,0.189972,0.189972,0,0.000000,0.000000,0.206772
2021-06-30 00:00:00+08:00,0.189972,0.189972,0.189972,0.189972,0,0.000000,0.000000,0.206772
2021-07-01 00:00:00+08:00,0.189972,0.189972,0.189972,0.189972,0,0.000000,0.000000,0.206772
2021-07-02 00:00:00+08:00,0.189972,0.189972,0.189972,0.189972,0,0.000000,0.000000,0.206772
2021-07-05 00:00:00+08:00,0.189972,0.189972,0.189972,0.189972,0,0.000000,0.000000,0.206772
2021-07-06 00:00:00+08:00,0.189972,0.189972,0.189972,0.189972,0,0.000000,0.000000,0.206772
2021-07-07 00:00:00+08:00,0.189972,0.189972,0.189972,0.189972,0,0.000000,0.000000,0.206772
2021-07-08 00:00:00+08:00,0.189972,0.189972,0.189972,0.189972,0,0.000000,0.000000,0.206772
2021-07-09 00:00:00+08:00,0.189972,0.189972,0.189972,0.189972,0,0.000000,0.000000,0.206772
2021-07-12 00:00:00+08:00,0.203872,0.213139,0.203872,0.208505,41000,0.000000,0.000000,0.225305
2021-07-13 00:00:00+08:00,0.208505,0.208505,0.208505,0.208505,0,0.000000,0.000000,0.225305
2021-07-14 00:00:00+08:00,0.208505,0.208505,0.203872,0.203872,9600,0.000000,0.000000,0.220672
2021-07-15 00:00:00+08:00,0.203872,0.203872,0.203872,0.203872,0,0.000000,0.000000,0.220672
2021-07-16 00:00:00+08:00,0.208505,0.208505,0.208505,0.208505,106400,0.000000,0.000000,0.225305
2021-07-19 00:00:00+08:00,0.208505,0.208505,0.208505,0.208505,52000,0.000000,0.000000,0.225305
2021-07-21 00:00:00+08:00,0.208505,0.208505,0.208505,0.208505,0,0.000000,0.000000,0.225305
2021-07-22 00:00:00+08:00,0.208505,0.208505,0.208505,0.208505,0,0.000000,0.000000,0.225305
2021-07-23 00:00:00+08:00,0.208505,0.208505,0.208505,0.208505,0,0.000000,0.000000,0.225305
2021-07-26 00:00:00+08:00,0.208505,0.208505,0.208505,0.208505,0,0.000000,0.000000,0.225305
2021-07-27 00:00:00+08:00,0.208505,0.208505,0.208505,0.208505,3700,0.000000,0.000000,0.225305
2021-07-28 00:00:00+08:00,0.208505,0.208505,0.208505,0.208505,0,0.000000,0.000000,0.225305
2021-07-29 00:00:00+08:00,0.203872,0.203872,0.203872,0.203872,68600,0.000000,0.000000,0.220672
2021-07-30 00:00:00+08:00,0.203872,0.203872,0.203872,0.203872,0,0.000000,0.000000,0.220672
2021-08-02 00:00:00+08:00,0.203872,0.203872,0.203872,0.203872,0,0.000000,0.000000,0.220672
2021-08-03 00:00:00+08:00,0.203872,0.203872,0.203872,0.203872,0,0.000000,0.000000,0.220672
2021-08-04 00:00:00+08:00,0.208505,0.208505,0.203872,0.203872,50000,0.000000,0.000000,0.220672
2021-08-05 00:00:00+08:00,0.203872,0.203872,0.203872,0.203872,0,0.000000,0.000000,0.220672
2021-08-06 00:00:00+08:00,0.211965,0.211965,0.211965,0.211965,0,0.008400,0.000000,0.220365
2021-08-10 00:00:00+08:00,0.211965,0.211965,0.211965,0.211965,0,0.000000,0.000000,0.220365
2021-08-11 00:00:00+08:00,0.211965,0.211965,0.211965,0.211965,0,0.000000,0.000000,0.220365
2021-08-12 00:00:00+08:00,0.211965,0.211965,0.211965,0.211965,0,0.000000,0.000000,0.220365
2021-08-13 00:00:00+08:00,0.216783,0.216783,0.216783,0.216783,7200,0.000000,0.000000,0.225183
2021-08-16 00:00:00+08:00,0.216783,0.216783,0.216783,0.216783,0,0.000000,0.000000,0.225183
2021-08-17 00:00:00+08:00,0.216783,0.216783,0.216783,0.216783,0,0.000000,0.000000,0.225183
2021-08-18 00:00:00+08:00,0.216783,0.216783,0.216783,0.216783,0,0.000000,0.000000,0.225183
2021-08-19 00:00:00+08:00,0.216783,0.216783,0.216783,0.216783,0,0.000000,0.000000,0.225183
2021-08-20 00:00:00+08:00,0.216783,0.216783,0.216783,0.216783,0,0.000000,0.000000,0.225183
2021-08-23 00:00:00+08:00,0.216783,0.216783,0.216783,0.216783,0,0.000000,0.000000,0.225183
2021-08-24 00:00:00+08:00,0.216783,0.216783,0.216783,0.216783,0,0.000000,0.000000,0.225183
2021-08-25 00:00:00+08:00,0.216783,0.216783,0.216783,0.216783,0,0.000000,0.000000,0.225183
2021-08-26 00:00:00+08:00,0.216783,0.216783,0.216783,0.216783,0,0.000000,0.000000,0.225183
2021-08-27 00:00:00+08:00,0.216783,0.216783,0.216783,0.216783,0,0.000000,0.000000,0.225183
2021-08-30 00:00:00+08:00,0.216783,0.216783,0.216783,0.216783,0,0.000000,0.000000,0.225183
2021-08-31 00:00:00+08:00,0.216783,0.216783,0.216783,0.216783,0,0.000000,0.000000,0.225183
2021-09-01 00:00:00+08:00,0.216783,0.216783,0.216783,0.216783,23500,0.000000,0.000000,0.225183
2021-09-02 00:00:00+08:00,0.216783,0.216783,0.216783,0.216783,0,0.000000,0.000000,0.225183
2021-09-03 00:00:00+08:00,0.216783,0.216783,0.216783,0.216783,0,0.000000,0.000000,0.225183
2021-09-06 00:00:00+08:00,0.216783,0.216783,0.216783,0.216783,0,0.000000,0.000000,0.225183
2021-09-07 00:00:00+08:00,0.216783,0.216783,0.187878,0.211965,16100,0.000000,0.000000,0.220365
2021-09-08 00:00:00+08:00,0.211965,0.211965,0.211965,0.211965,0,0.000000,0.000000,0.220365
2021-09-09 00:00:00+08:00,0.211965,0.211965,0.211965,0.211965,0,0.000000,0.000000,0.220365
2021-09-10 00:00:00+08:00,0.211965,0.211965,0.211965,0.211965,0,0.000000,0.000000,0.220365
2021-09-13 00:00:00+08:00,0.211965,0.211965,0.211965,0.211965,0,0.000000,0.000000,0.220365
2021-09-14 00:00:00+08:00,0.211965,0.211965,0.211965,0.211965,0,0.000000,0.000000,0.220365
2021-09-15 00:00:00+08:00,0.211965,0.211965,0.211965,0.211965,0,0.000000,0.000000,0.220365
2021-09-16 00:00:00+08:00,0.211965,0.211965,0.211965,0.211965,0,0.000000,0.000000,0.220365
2021-09-17 00:00:00+08:00,0.211965,0.211965,0.211965,0.211965,0,0.000000,0.000000,0.220365
2021-09-20 00:00:00+08:00,0.211965,0.211965,0.211965,0.211965,0,0.000000,0.000000,0.220365
2021-09-21 00:00:00+08:00,0.211965,0.211965,0.211965,0.211965,0,0.000000,0.000000,0.220365
2021-09-22 00:00:00+08:00,0.211965,0.211965,0.211965,0.211965,0,0.000000,0.000000,0.220365
2021-09-23 00:00:00+08:00,0.211965,0.211965,0.211965,0.211965,0,0.000000,0.000000,0.220365
2021-09-24 00:00:00+08:00,0.211965,0.211965,0.211965,0.211965,0,0.000000,0.000000,0.220365
2021-09-27 00:00:00+08:00,0.211965,0.211965,0.211965,0.211965,0,0.000000,0.000000,0.220365
2021-09-28 00:00:00+08:00,0.211965,0.211965,0.211965,0.211965,0,0.000000,0.000000,0.220365
2021-09-29 00:00:00+08:00,0.211965,0.211965,0.211965,0.211965,0,0.000000,0.000000,0.220365
2021-09-30 00:00:00+08:00,0.211965,0.211965,0.211965,0.211965,0,0.000000,0.000000,0.220365
2021-10-01 00:00:00+08:00,0.211965,0.211965,0.211965,0.211965,0,0.000000,0.000000,0.220365
2021-10-04 00:00:00+08:00,0.211965,0.211965,0.211965,0.211965,0,0.000000,0.000000,0.220365
2021-10-05 00:00:00+08:00,0.211965,0.211965,0.211965,0.211965,0,0.000000,0.000000,0.220365
2021-10-06 00:00:00+08:00,0.211965,0.211965,0.211965,0.211965,0,0.000000,0.000000,0.220365
2021-10-07 00:00:00+08:00,0.183061,0.216783,0.183061,0.216783,2800,0.000000,0.000000,0.225183
2021-10-08 00:00:00+08:00,0.216783,0.216783,0.216783,0.216783,0,0.000000,0.000000,0.225183
2021-10-11 00:00:00+08:00,0.216783,0.216783,0.216783,0.216783,0,0.000000,0.000000,0.225183
2021-10-12 00:00:00+08:00,0.216783,0.216783,0.216783,0.216783,0,0.000000,0.000000,0.225183
2021-10-13 00:00:00+08:00,0.216783,0.216783,0.216783,0.216783,0,0.000000,0.000000,0.225183
2021-10-14 00:00:00+08:00,0.216783,0.216783,0.216783,0.216783,0,0.000000,0.000000,0.225183
2021-10-15 00:00:00+08:00,0.216783,0.216783,0.216783,0.216783,0,0.000000,0.000000,0.225183
2021-10-18 00:00:00+08:00,0.216783,0.216783,0.216783,0.216783,0,0.000000,0.000000,0.225183
2021-10-19 00:00:00+08:00,0.216783,0.216783,0.216783,0.216783,0,0.000000,0.000000,0.225183
2021-10-20 00:00:00+08:00,0.211965,0.211965,0.211965,0.211965,20000,0.000000,0.000000,0.220365
2021-10-21 00:00:00+08:00,0.211965,0.211965,0.211965,0.211965,0,0.000000,0.000000,0.220365
2021-10-22 00:00:00+08:00,0.211965,0.211965,0.211965,0.211965,0,0.000000,0.000000,0.220365
2021-10-25 00:00:00+08:00,0.211965,0.211965,0.211965,0.211965,20100,0.000000,0.000000,0.220365
2021-10-26 00:00:00+08:00,0.211965,0.211965,0.211965,0.211965,0,0.000000,0.000000,0.220365
2021-10-27 00:00:00+08:00,0.211965,0.211965,0.211965,0.211965,0,0.000000,0.000000,0.220365
2021-10-28 00:00:00+08:00,0.211965,0.211965,0.211965,0.211965,0,0.000000,0.000000,0.220365
2021-10-29 00:00:00+08:00,0.211965,0.211965,0.211965,0.211965,0,0.000000,0.000000,0.220365
2021-11-01 00:00:00+08:00,0.211965,0.211965,0.202330,0.202330,130000,0.000000,0.000000,0.210730
2021-11-02 00:00:00+08:00,0.202330,0.202330,0.202330,0.202330,0,0.000000,0.000000,0.210730
2021-11-03 00:00:00+08:00,0.202330,0.202330,0.202330,0.202330,0,0.000000,0.000000,0.210730
2021-11-05 00:00:00+08:00,0.202330,0.202330,0.202330,0.202330,34500,0.000000,0.000000,0.210730
2021-11-08 00:00:00+08:00,0.202330,0.202330,0.202330,0.202330,0,0.000000,0.000000,0.210730
2021-11-09 00:00:00+08:00,0.202330,0.202330,0.202330,0.202330,0,0.000000,0.000000,0.210730
2021-11-10 00:00:00+08:00,0.202330,0.202330,0.187878,0.187878,22000,0.000000,0.000000,0.196278
2021-11-11 00:00:00+08:00,0.187878,0.187878,0.187878,0.187878,0,0.000000,0.000000,0.196278
2021-11-12 00:00:00+08:00,0.187878,0.187878,0.187878,0.187878,0,0.000000,0.000000,0.196278
2021-11-15 00:00:00+08:00,0.216783,0.221600,0.216783,0.221600,58200,0.000000,0.000000,0.230000
2021-11-16 00:00:00+08:00,0.221600,0.226417,0.216783,0.226417,81500,0.000000,0.000000,0.234817
2021-11-17 00:00:00+08:00,0.221600,0.221600,0.221600,0.221600,40000,0.000000,0.000000,0.230000
2021-11-18 00:00:00+08:00,0.226417,0.226417,0.221600,0.221600,70300,0.000000,0.000000,0.230000
2021-11-19 00:00:00+08:00,0.221600,0.221600,0.221600,0.221600,10100,0.000000,0.000000,0.230000
2021-11-22 00:00:00+08:00,0.230000,0.230000,0.205000,0.225000,1600,0.008400,0.000000,0.225000
2021-11-23 00:00:00+08:00,0.225000,0.225000,0.225000,0.225000,51100,0.000000,0.000000,0.225000
2021-11-24 00:00:00+08:00,0.225000,0.225000,0.225000,0.225000,0,0.000000,0.000000,0.225000
2021-11-25 00:00:00+08:00,0.225000,0.225000,0.225000,0.225000,0,0.000000,0.000000,0.225000
2021-11-26 00:00:00+08:00,0.225000,0.225000,0.225000,0.225000,1000,0.000000,0.000000,0.225000
2021-11-29 00:00:00+08:00,0.225000,0.225000,0.225000,0.225000,0,0.000000,0.000000,0.225000
2021-11-30 00:00:00+08:00,0.225000,0.225000,0.225000,0.225000,0,0.000000,0.000000,0.225000
2021-12-01 00:00:00+08:00,0.225000,0.225000,0.225000,0.225000,0,0.000000,0.000000,0.225000
2021-12-02 00:00:00+08:00,0.225000,0.225000,0.225000,0.225000,0,0.000000,0.000000,0.225000
2021-12-03 00:00:00+08:00,0.225000,0.225000,0.210000,0.210000,36600,0.000000,0.000000,0.210000
2021-12-06 00:00:00+08:00,0.210000,0.210000,0.210000,0.210000,0,0.000000,0.000000,0.210000
2021-12-07 00:00:00+08:00,0.210000,0.210000,0.210000,0.210000,0,0.000000,0.000000,0.210000
2021-12-08 00:00:00+08:00,0.210000,0.210000,0.210000,0.210000,0,0.000000,0.000000,0.210000
2021-12-09 00:00:00+08:00,0.210000,0.210000,0.210000,0.210000,0,0.000000,0.000000,0.210000
2021-12-10 00:00:00+08:00,0.225000,0.225000,0.225000,0.225000,100,0.000000,0.000000,0.225000
2021-12-13 00:00:00+08:00,0.225000,0.225000,0.225000,0.225000,0,0.000000,0.000000,0.225000
2021-12-14 00:00:00+08:00,0.225000,0.225000,0.225000,0.225000,20000,0.000000,0.000000,0.225000
2021-12-15 00:00:00+08:00,0.225000,0.225000,0.225000,0.225000,0,0.000000,0.000000,0.225000
2021-12-16 00:00:00+08:00,0.225000,0.225000,0.225000,0.225000,0,0.000000,0.000000,0.225000
2021-12-17 00:00:00+08:00,0.225000,0.225000,0.225000,0.225000,6000,0.000000,0.000000,0.225000
2021-12-20 00:00:00+08:00,0.225000,0.225000,0.225000,0.225000,0,0.000000,0.000000,0.225000
2021-12-21 00:00:00+08:00,0.225000,0.225000,0.225000,0.225000,95000,0.000000,0.000000,0.225000
2021-12-22 00:00:00+08:00,0.225000,0.225000,0.225000,0.225000,0,0.000000,0.000000,0.225000
2021-12-23 00:00:00+08:00,0.225000,0.225000,0.225000,0.225000,0,0.000000,0.000000,0.225000
2021-12-24 00:00:00+08:00,0.225000,0.225000,0.225000,0.225000,35600,0.000000,0.000000,0.225000
2021-12-27 00:00:00+08:00,0.225000,0.225000,0.225000,0.225000,0,0.000000,0.000000,0.225000
2021-12-28 00:00:00+08:00,0.225000,0.225000,0.225000,0.225000,0,0.000000,0.000000,0.225000
2021-12-29 00:00:00+08:00,0.225000,0.225000,0.225000,0.225000,0,0.000000,0.000000,0.225000
2021-12-30 00:00:00+08:00,0.225000,0.225000,0.225000,0.225000,0,0.000000,0.000000,0.225000
2021-12-31 00:00:00+08:00,0.220000,0.220000,0.220000,0.220000,20000,0.000000,0.000000,0.220000
2022-01-03 00:00:00+08:00,0.225000,0.225000,0.210000,0.210000,400,0.000000,0.000000,0.210000
2022-01-04 00:00:00+08:00,0.210000,0.210000,0.210000,0.210000,0,0.000000,0.000000,0.210000
2022-01-05 00:00:00+08:00,0.210000,0.210000,0.210000,0.210000,0,0.000000,0.000000,0.210000
2022-01-06 00:00:00+08:00,0.215000,0.215000,0.215000,0.215000,20000,0.000000,0.000000,0.215000
2022-01-07 00:00:00+08:00,0.215000,0.215000,0.215000,0.215000,0,0.000000,0.000000,0.215000
2022-01-10 00:00:00+08:00,0.225000,0.225000,0.225000,0.225000,10000,0.000000,0.000000,0.225000
2022-01-11 00:00:00+08:00,0.225000,0.225000,0.225000,0.225000,0,0.000000,0.000000,0.225000
2022-01-12 00:00:00+08:00,0.225000,0.225000,0.225000,0.225000,0,0.000000,0.000000,0.225000
2022-01-13 00:00:00+08:00,0.225000,0.225000,0.225000,0.225000,0,0.000000,0.000000,0.225000
2022-01-14 00:00:00+08:00,0.225000,0.225000,0.225000,0.225000,50000,0.000000,0.000000,0.225000
2022-01-17 00:00:00+08:00,0.225000,0.225000,0.225000,0.225000,0,0.000000,0.000000,0.225000
2022-01-18 00:00:00+08:00,0.225000,0.230000,0.225000,0.225000,416900,0.000000,0.000000,0.225000
2022-01-19 00:00:00+08:00,0.225000,0.230000,0.225000,0.230000,130400,0.000000,0.000000,0.230000
2022-01-20 00:00:00+08:00,0.230000,0.230000,0.230000,0.230000,100,0.000000,0.000000,0.230000
2022-01-21 00:00:00+08:00,0.230000,0.230000,0.230000,0.230000,0,0.000000,0.000000,0.230000
2022-01-24 00:00:00+08:00,0.225000,0.225000,0.225000,0.225000,500,0.000000,0.000000,0.225000
2022-01-25 00:00:00+08:00,0.230000,0.235000,0.230000,0.230000,112000,0.000000,0.000000,0.230000
2022-01-26 00:00:00+08:00,0.230000,0.230000,0.230000,0.230000,0,0.000000,0.000000,0.230000
2022-01-27 00:00:00+08:00,0.230000,0.230000,0.230000,0.230000,0,0.000000,0.000000,0.230000
2022-01-28 00:00:00+08:00,0.230000,0.230000,0.230000,0.230000,0,0.000000,0.000000,0.230000
2022-01-31 00:00:00+08:00,0.230000,0.230000,0.230000,0.230000,0,0.000000,0.000000,0.230000
2022-02-03 00:00:00+08:00,0.230000,0.235000,0.230000,0.235000,81700,0.000000,0.000000,0.235000
2022-02-04 00:00:00+08:00,0.235000,0.235000,0.230000,0.235000,249200,0.000000,0.000000,0.235000
2022-02-07 00:00:00+08:00,0.230000,0.230000,0.230000,0.230000,50000,0.000000,0.000000,0.230000
2022-02-08 00:00:00+08:00,0.230000,0.230000,0.230000,0.230000,0,0.000000,0.000000,0.230000
2022-02-09 00:00:00+08:00,0.230000,0.230000,0.230000,0.230000,0,0.000000,0.000000,0.230000
2022-02-10 00:00:00+08:00,0.230000,0.230000,0.230000,0.230000,0,0.000000,0.000000,0.230000
2022-02-11 00:00:00+08:00,0.225000,0.225000,0.225000,0.225000,100,0.000000,0.000000,0.225000
2022-02-14 00:00:00+08:00,0.225000,0.225000,0.225000,0.225000,0,0.000000,0.000000,0.225000
2022-02-15 00:00:00+08:00,0.225000,0.225000,0.225000,0.225000,0,0.000000,0.000000,0.225000
2022-02-16 00:00:00+08:00,0.225000,0.225000,0.225000,0.225000,0,0.000000,0.000000,0.225000
2022-02-17 00:00:00+08:00,0.225000,0.225000,0.225000,0.225000,0,0.000000,0.000000,0.225000
2022-02-18 00:00:00+08:00,0.225000,0.225000,0.225000,0.225000,46000,0.000000,0.000000,0.225000
2022-02-21 00:00:00+08:00,0.235000,0.240000,0.235000,0.240000,958300,0.000000,0.000000,0.240000
2022-02-22 00:00:00+08:00,0.240000,0.240000,0.240000,0.240000,30000,0.000000,0.000000,0.240000
2022-02-23 00:00:00+08:00,0.235000,0.235000,0.235000,0.235000,50000,0.000000,0.000000,0.235000
2022-02-24 00:00:00+08:00,0.235000,0.235000,0.230000,0.230000,100000,0.000000,0.000000,0.230000
2022-02-25 00:00:00+08:00,0.230000,0.235000,0.230000,0.235000,115000,0.000000,0.000000,0.235000
2022-02-28 00:00:00+08:00,0.235000,0.235000,0.235000,0.235000,0,0.000000,0.000000,0.235000
2022-03-01 00:00:00+08:00,0.235000,0.235000,0.235000,0.235000,0,0.000000,0.000000,0.235000
2022-03-02 00:00:00+08:00,0.235000,0.235000,0.235000,0.235000,0,0.000000,0.000000,0.235000
2022-03-03 00:00:00+08:00,0.235000,0.235000,0.235000,0.235000,0,0.000000,0.000000,0.235000
2022-03-04 00:00:00+08:00,0.235000,0.235000,0.235000,0.235000,0,0.000000,0.000000,0.235000
2022-03-07 00:00:00+08:00,0.235000,0.235000,0.235000,0.235000,0,0.000000,0.000000,0.235000
2022-03-08 00:00:00+08:00,0.235000,0.235000,0.235000,0.235000,0,0.000000,0.000000,0.235000
2022-03-09 00:00:00+08:00,0.230000,0.230000,0.225000,0.225000,10000,0.000000,0.000000,0.225000
2022-03-10 00:00:00+08:00,0.225000,0.225000,0.225000,0.225000,0,0.000000,0.000000,0.225000
2022-03-11 00:00:00+08:00,0.230000,0.230000,0.230000,0.230000,50000,0.000000,0.000000,0.230000
2022-03-14 00:00:00+08:00,0.230000,0.230000,0.230000,0.230000,0,0.000000,0.000000,0.230000
2022-03-15 00:00:00+08:00,0.230000,0.230000,0.230000,0.230000,0,0.000000,0.000000,0.230000
2022-03-16 00:00:00+08:00,0.230000,0.230000,0.230000,0.230000,0,0.000000,0.000000,0.230000
2022-03-17 00:00:00+08:00,0.230000,0.230000,0.230000,0.230000,0,0.000000,0.000000,0.230000
2022-03-18 00:00:00+08:00,0.230000,0.230000,0.230000,0.230000,0,0.000000,0.000000,0.230000
2022-03-21 00:00:00+08:00,0.230000,0.230000,0.230000,0.230000,0,0.000000,0.000000,0.230000
2022-03-22 00:00:00+08:00,0.230000,0.230000,0.230000,0.230000,0,0.000000,0.000000,0.230000
2022-03-23 00:00:00+08:00,0.230000,0.230000,0.230000,0.230000,0,0.000000,0.000000,0.230000
2022-03-24 00:00:00+08:00,0.230000,0.230000,0.230000,0.230000,0,0.000000,0.000000,0.230000
2022-03-25 00:00:00+08:00,0.230000,0.230000,0.230000,0.230000,0,0.000000,0.000000,0.230000
2022-03-28 00:00:00+08:00,0.230000,0.230000,0.230000,0.230000,0,0.000000,0.000000,0.230000
2022-03-29 00:00:00+08:00,0.230000,0.230000,0.230000,0.230000,0,0.000000,0.000000,0.230000
2022-03-30 00:00:00+08:00,0.230000,0.230000,0.230000,0.230000,0,0.000000,0.000000,0.230000
2022-03-31 00:00:00+08:00,0.240000,0.240000,0.240000,0.240000,4100,0.000000,0.000000,0.240000
2022-04-01 00:00:00+08:00,0.240000,0.240000,0.240000,0.240000,0,0.000000,0.000000,0.240000
2022-04-04 00:00:00+08:00,0.240000,0.240000,0.240000,0.240000,0,0.000000,0.000000,0.240000
2022-04-05 00:00:00+08:00,0.240000,0.240000,0.240000,0.240000,0,0.000000,0.000000,0.240000
2022-04-06 00:00:00+08:00,0.230000,0.230000,0.230000,0.230000,1900,0.000000,0.000000,0.230000
2022-04-07 00:00:00+08:00,0.230000,0.230000,0.230000,0.230000,0,0.000000,0.000000,0.230000
2022-04-08 00:00:00+08:00,0.230000,0.230000,0.230000,0.230000,0,0.000000,0.000000,0.230000
2022-04-11 00:00:00+08:00,0.230000,0.230000,0.230000,0.230000,0,0.000000,0.000000,0.230000
2022-04-12 00:00:00+08:00,0.230000,0.230000,0.230000,0.230000,0,0.000000,0.000000,0.230000
2022-04-13 00:00:00+08:00,0.230000,0.230000,0.230000,0.230000,0,0.000000,0.000000,0.230000
2022-04-14 00:00:00+08:00,0.230000,0.230000,0.230000,0.230000,0,0.000000,0.000000,0.230000
2022-04-18 00:00:00+08:00,0.230000,0.240000,0.230000,0.235000,31000,0.000000,0.000000,0.235000
2022-04-19 00:00:00+08:00,0.235000,0.235000,0.235000,0.235000,5900,0.000000,0.000000,0.235000
2022-04-20 00:00:00+08:00,0.235000,0.235000,0.235000,0.235000,0,0.000000,0.000000,0.235000
2022-04-21 00:00:00+08:00,0.235000,0.235000,0.235000,0.235000,0,0.000000,0.000000,0.235000
2022-04-22 00:00:00+08:00,0.235000,0.235000,0.230000,0.230000,11000,0.000000,0.000000,0.230000
2022-04-25 00:00:00+08:00,0.230000,0.230000,0.230000,0.230000,0,0.000000,0.000000,0.230000
2022-04-26 00:00:00+08:00,0.230000,0.230000,0.230000,0.230000,0,0.000000,0.000000,0.230000
2022-04-27 00:00:00+08:00,0.230000,0.240000,0.230000,0.240000,15100,0.000000,0.000000,0.240000
2022-04-28 00:00:00+08:00,0.240000,0.240000,0.240000,0.240000,0,0.000000,0.000000,0.240000
2022-04-29 00:00:00+08:00,0.240000,0.240000,0.240000,0.240000,0,0.000000,0.000000,0.240000
2022-05-04 00:00:00+08:00,0.240000,0.240000,0.240000,0.240000,0,0.000000,0.000000,0.240000
2022-05-05 00:00:00+08:00,0.240000,0.240000,0.240000,0.240000,0,0.000000,0.000000,0.240000
2022-05-06 00:00:00+08:00,0.240000,0.240000,0.240000,0.240000,0,0.000000,0.000000,0.240000
2022-05-09 00:00:00+08:00,0.240000,0.240000,0.240000,0.240000,0,0.000000,0.000000,0.240000
2022-05-10 00:00:00+08:00,0.240000,0.240000,0.240000,0.240000,0,0.000000,0.000000,0.240000
2022-05-11 00:00:00+08:00,0.240000,0.240000,0.240000,0.240000,0,0.000000,0.000000,0.240000
2022-05-12 00:00:00+08:00,0.240000,0.240000,0.240000,0.240000,0,0.000000,0.000000,0.240000
2022-05-13 00:00:00+08:00,0.240000,0.240000,0.240000,0.240000,0,0.000000,0.000000,0.240000
2022-05-17 00:00:00+08:00,0.240000,0.240000,0.240000,0.240000,0,0.000000,0.000000,0.240000
2022-05-18 00:00:00+08:00,0.240000,0.240000,0.240000,0.240000,0,0.000000,0.000000,0.240000
2022-05-19 00:00:00+08:00,0.240000,0.240000,0.240000,0.240000,0,0.000000,0.000000,0.240000
2022-05-20 00:00:00+08:00,0.230000,0.230000,0.230000,0.230000,100,0.000000,0.000000,0.230000
2022-05-23 00:00:00+08:00,0.230000,0.230000,0.230000,0.230000,0,0.000000,0.000000,0.230000
2022-05-24 00:00:00+08:00,0.230000,0.230000,0.230000,0.230000,0,0.000000,0.000000,0.230000
2022-05-25 00:00:00+08:00,0.230000,0.230000,0.230000,0.230000,0,0.000000,0.000000,0.230000
2022-05-26 00:00:00+08:00,0.230000,0.230000,0.230000,0.230000,0,0.000000,0.000000,0.230000
2022-05-27 00:00:00+08:00,0.240000,0.240000,0.240000,0.240000,50000,0.000000,0.000000,0.240000
2022-05-30 00:00:00+08:00,0.240000,0.240000,0.240000,0.240000,0,0.000000,0.000000,0.240000
2022-05-31 00:00:00+08:00,0.240000,0.240000,0.240000,0.240000,0,0.000000,0.000000,0.240000
2022-06-01 00:00:00+08:00,0.240000,0.240000,0.240000,0.240000,0,0.000000,0.000000,0.240000
2022-06-02 00:00:00+08:00,0.240000,0.240000,0.240000,0.240000,0,0.000000,0.000000,0.240000
2022-06-03 00:00:00+08:00,0.240000,0.240000,0.240000,0.240000,0,0.000000,0.000000,0.240000
2022-06-06 00:00:00+08:00,0.240000,0.240000,0.240000,0.240000,0,0.000000,0.000000,0.240000
2022-06-07 00:00:00+08:00,0.240000,0.240000,0.240000,0.240000,0,0.000000,0.000000,0.240000
2022-06-08 00:00:00+08:00,0.240000,0.240000,0.240000,0.240000,0,0.000000,0.000000,0.240000
2022-06-09 00:00:00+08:00,0.240000,0.240000,0.240000,0.240000,0,0.000000,0.000000,0.240000
2022-06-10 00:00:00+08:00,0.240000,0.240000,0.240000,0.240000,0,0.000000,0.000000,0.240000
2022-06-13 00:00:00+08:00,0.240000,0.240000,0.240000,0.240000,0,0.000000,0.000000,0.240000
2022-06-14 00:00:00+08:00,0.240000,0.240000,0.240000,0.240000,0,0.000000,0.000000,0.240000
2022-06-15 00:00:00+08:00,0.240000,0.240000,0.240000,0.240000,0,0.000000,0.000000,0.240000
2022-06-16 00:00:00+08:00,0.240000,0.240000,0.240000,0.240000,0,0.000000,0.000000,0.240000
2022-06-17 00:00:00+08:00,0.240000,0.240000,0.240000,0.240000,0,0.000000,0.000000,0.240000
2022-06-20 00:00:00+08:00,0.240000,0.240000,0.240000,0.240000,0,0.000000,0.000000,0.240000
2022-06-21 00:00:00+08:00,0.240000,0.240000,0.240000,0.240000,0,0.000000,0.000000,0.240000
2022-06-22 00:00:00+08:00,0.240000,0.240000,0.240000,0.240000,0,0.000000,0.000000,0.240000
2022-06-23 00:00:00+08:00,0.235000,0.240000,0.235000,0.240000,8200,0.000000,0.000000,0.240000
2022-06-24 00:00:00+08:00,0.240000,0.240000,0.240000,0.240000,0,0.000000,0.000000,0.240000
2022-06-27 00:00:00+08:00,0.230000,0.230000,0.230000,0.230000,20000,0.000000,0.000000,0.230000
2022-06-28 00:00:00+08:00,0.230000,0.230000,0.230000,0.230000,14500,0.000000,0.000000,0.230000
2022-06-29 00:00:00+08:00,0.230000,0.230000,0.230000,0.230000,24700,0.000000,0.000000,0.230000
2022-06-30 00:00:00+08:00,0.230000,0.230000,0.230000,0.230000,0,0.000000,0.000000,0.230000
2022-07-01 00:00:00+08:00,0.230000,0.230000,0.230000,0.230000,0,0.000000,0.000000,0.230000
2022-07-04 00:00:00+08:00,0.230000,0.230000,0.230000,0.230000,100,0.000000,0.000000,0.230000
2022-07-05 00:00:00+08:00,0.225000,0.225000,0.225000,0.225000,50000,0.000000,0.000000,0.225000
2022-07-06 00:00:00+08:00,0.225000,0.225000,0.225000,0.225000,0,0.000000,0.000000,0.225000
2022-07-07 00:00:00+08:00,0.230000,0.230000,0.225000,0.225000,797300,0.000000,0.000000,0.225000
2022-07-08 00:00:00+08:00,0.235000,0.235000,0.235000,0.235000,900,0.000000,0.000000,0.235000
2022-07-12 00:00:00+08:00,0.235000,0.235000,0.235000,0.235000,0,0.000000,0.000000,0.235000
2022-07-13 00:00:00+08:00,0.235000,0.235000,0.235000,0.235000,0,0.000000,0.000000,0.235000
2022-07-14 00:00:00+08:00,0.235000,0.235000,0.235000,0.235000,0,0.000000,0.000000,0.235000
2022-07-15 00:00:00+08:00,0.235000,0.235000,0.235000,0.235000,0,0.000000,0.000000,0.235000
2022-07-18 00:00:00+08:00,0.235000,0.235000,0.235000,0.235000,0,0.000000,0.000000,0.235000
2022-07-19 00:00:00+08:00,0.230000,0.230000,0.230000,0.230000,10000,0.000000,0.000000,0.230000
2022-07-20 00:00:00+08:00,0.230000,0.230000,0.230000,0.230000,0,0.000000,0.000000,0.230000
2022-07-21 00:00:00+08:00,0.230000,0.230000,0.230000,0.230000,0,0.000000,0.000000,0.230000
2022-07-22 00:00:00+08:00,0.230000,0.230000,0.230000,0.230000,0,0.000000,0.000000,0.230000
2022-07-25 00:00:00+08:00,0.230000,0.230000,0.230000,0.230000,0,0.000000,0.000000,0.230000
2022-07-26 00:00:00+08:00,0.230000,0.230000,0.230000,0.230000,0,0.000000,0.000000,0.230000
2022-07-27 00:00:00+08:00,0.230000,0.230000,0.230000,0.230000,12000,0.000000,0.000000,0.230000
2022-07-28 00:00:00+08:00,0.230000,0.230000,0.230000,0.230000,0,0.000000,0.000000,0.230000
2022-07-29 00:00:00+08:00,0.230000,0.230000,0.230000,0.230000,18000,0.000000,0.000000,0.230000
2022-08-01 00:00:00+08:00,0.250000,0.250000,0.225000,0.225000,84000,0.000000,0.000000,0.225000
2022-08-02 00:00:00+08:00,0.225000,0.225000,0.225000,0.225000,0,0.000000,0.000000,0.225000
2022-08-03 00:00:00+08:00,0.235000,0.235000,0.235000,0.235000,24000,0.000000,0.000000,0.235000
2022-08-04 00:00:00+08:00,0.235000,0.235000,0.235000,0.235000,14100,0.000000,0.000000,0.235000
2022-08-05 00:00:00+08:00,0.235000,0.235000,0.235000,0.235000,3000,0.000000,0.000000,0.235000
2022-08-08 00:00:00+08:00,0.235000,0.235000,0.235000,0.235000,0,0.000000,0.000000,0.235000
2022-08-10 00:00:00+08:00,0.230000,0.230000,0.230000,0.230000,40000,0.000000,0.000000,0.230000
2022-08-11 00:00:00+08:00,0.230000,0.230000,0.230000,0.230000,0,0.000000,0.000000,0.230000
2022-08-12 00:00:00+08:00,0.230000,0.230000,0.230000,0.230000,0,0.000000,0.000000,0.230000
2022-08-15 00:00:00+08:00,0.230000,0.230000,0.230000,0.230000,90000,0.000000,0.000000,0.230000
2022-08-16 00:00:00+08:00,0.235000,0.235000,0.230000,0.230000,200200,0.000000,0.000000,0.230000
2022-08-17 00:00:00+08:00,0.230000,0.230000,0.230000,0.230000,0,0.000000,0.000000,0.230000
2022-08-18 00:00:00+08:00,0.230000,0.230000,0.230000,0.230000,20500,0.000000,0.000000,0.230000
2022-08-19 00:00:00+08:00,0.230000,0.230000,0.230000,0.230000,200000,0.000000,0.000000,0.230000
2022-08-22 00:00:00+08:00,0.230000,0.230000,0.230000,0.230000,10500,0.000000,0.000000,0.230000
2022-08-23 00:00:00+08:00,0.230000,0.230000,0.230000,0.230000,8000,0.000000,0.000000,0.230000
2022-08-24 00:00:00+08:00,0.235000,0.235000,0.235000,0.235000,20000,0.000000,0.000000,0.235000
2022-08-25 00:00:00+08:00,0.235000,0.235000,0.235000,0.235000,0,0.000000,0.000000,0.235000
2022-08-26 00:00:00+08:00,0.235000,0.235000,0.235000,0.235000,0,0.000000,0.000000,0.235000
2022-08-29 00:00:00+08:00,0.230000,0.230000,0.230000,0.230000,22000,0.000000,0.000000,0.230000
2022-08-30 00:00:00+08:00,0.230000,0.230000,0.230000,0.230000,0,0.000000,0.000000,0.230000
2022-08-31 00:00:00+08:00,0.230000,0.230000,0.230000,0.230000,0,0.000000,0.000000,0.230000
2022-09-01 00:00:00+08:00,0.230000,0.230000,0.230000,0.230000,0,0.000000,0.000000,0.230000
2022-09-02 00:00:00+08:00,0.230000,0.230000,0.230000,0.230000,1200,0.000000,0.000000,0.230000
2022-09-05 00:00:00+08:00,0.230000,0.230000,0.230000,0.230000,0,0.000000,0.000000,0.230000
2022-09-06 00:00:00+08:00,0.230000,0.230000,0.230000,0.230000,0,0.000000,0.000000,0.230000
2022-09-07 00:00:00+08:00,0.230000,0.230000,0.230000,0.230000,0,0.000000,0.000000,0.230000
2022-09-08 00:00:00+08:00,0.230000,0.230000,0.230000,0.230000,0,0.000000,0.000000,0.230000
2022-09-09 00:00:00+08:00,0.230000,0.230000,0.230000,0.230000,0,0.000000,0.000000,0.230000
2022-09-12 00:00:00+08:00,0.230000,0.230000,0.230000,0.230000,0,0.000000,0.000000,0.230000
2022-09-13 00:00:00+08:00,0.230000,0.230000,0.230000,0.230000,0,0.000000,0.000000,0.230000
2022-09-14 00:00:00+08:00,0.230000,0.230000,0.230000,0.230000,0,0.000000,0.000000,0.230000
2022-09-15 00:00:00+08:00,0.230000,0.230000,0.230000,0.230000,0,0.000000,0.000000,0.230000
2022-09-16 00:00:00+08:00,0.230000,0.230000,0.230000,0.230000,0,0.000000,0.000000,0.230000
2022-09-19 00:00:00+08:00,0.225000,0.225000,0.210000,0.210000,12600,0.000000,0.000000,0.210000
2022-09-20 00:00:00+08:00,0.210000,0.210000,0.210000,0.210000,0,0.000000,0.000000,0.210000
2022-09-21 00:00:00+08:00,0.210000,0.210000,0.210000,0.210000,0,0.000000,0.000000,0.210000
2022-09-22 00:00:00+08:00,0.210000,0.210000,0.210000,0.210000,0,0.000000,0.000000,0.210000
2022-09-23 00:00:00+08:00,0.220000,0.220000,0.220000,0.220000,200000,0.000000,0.000000,0.220000
2022-09-26 00:00:00+08:00,0.220000,0.220000,0.220000,0.220000,0,0.000000,0.000000,0.220000
2022-09-27 00:00:00+08:00,0.220000,0.220000,0.220000,0.220000,0,0.000000,0.000000,0.220000
2022-09-28 00:00:00+08:00,0.220000,0.220000,0.220000,0.220000,25000,0.000000,0.000000,0.220000
2022-09-29 00:00:00+08:00,0.220000,0.220000,0.220000,0.220000,0,0.000000,0.000000,0.220000
2022-09-30 00:00:00+08:00,0.220000,0.220000,0.220000,0.220000,0,0.000000,0.000000,0.220000
2022-10-03 00:00:00+08:00,0.220000,0.220000,0.220000,0.220000,0,0.000000,0.000000,0.220000
2022-10-04 00:00:00+08:00,0.220000,0.220000,0.220000,0.220000,0,0.000000,0.000000,0.220000
2022-10-05 00:00:00+08:00,0.220000,0.220000,0.220000,0.220000,0,0.000000,0.000000,0.220000
2022-10-06 00:00:00+08:00,0.220000,0.220000,0.220000,0.220000,0,0.000000,0.000000,0.220000
2022-10-07 00:00:00+08:00,0.215000,0.215000,0.210000,0.210000,900,0.000000,0.000000,0.210000
2022-10-10 00:00:00+08:00,0.210000,0.210000,0.210000,0.210000,0,0.000000,0.000000,0.210000
2022-10-11 00:00:00+08:00,0.210000,0.210000,0.210000,0.210000,0,0.000000,0.000000,0.210000
2022-10-12 00:00:00+08:00,0.210000,0.210000,0.210000,0.210000,0,0.000000,0.000000,0.210000
2022-10-13 00:00:00+08:00,0.210000,0.210000,0.210000,0.210000,0,0.000000,0.000000,0.210000
2022-10-14 00:00:00+08:00,0.210000,0.210000,0.210000,0.210000,0,0.000000,0.000000,0.210000
2022-10-17 00:00:00+08:00,0.210000,0.210000,0.210000,0.210000,0,0.000000,0.000000,0.210000
2022-10-18 00:00:00+08:00,0.210000,0.210000,0.210000,0.210000,0,0.000000,0.000000,0.210000
2022-10-19 00:00:00+08:00,0.215000,0.215000,0.215000,0.215000,100000,0.000000,0.000000,0.215000
2022-10-20 00:00:00+08:00,0.215000,0.215000,0.215000,0.215000,21000,0.000000,0.000000,0.215000
2022-10-21 00:00:00+08:00,0.215000,0.215000,0.215000,0.215000,79000,0.000000,0.000000,0.215000
2022-10-25 00:00:00+08:00,0.215000,0.215000,0.215000,0.215000,4500,0.000000,0.000000,0.215000
2022-10-26 00:00:00+08:00,0.215000,0.215000,0.215000,0.215000,0,0.000000,0.000000,0.215000
2022-10-27 00:00:00+08:00,0.215000,0.215000,0.215000,0.215000,0,0.000000,0.000000,0.215000
2022-10-28 00:00:00+08:00,0.215000,0.215000,0.215000,0.215000,0,0.000000,0.000000,0.215000
2022-10-31 00:00:00+08:00,0.215000,0.215000,0.215000,0.215000,15000,0.000000,0.000000,0.215000
2022-11-01 00:00:00+08:00,0.215000,0.215000,0.215000,0.215000,0,0.000000,0.000000,0.215000
2022-11-02 00:00:00+08:00,0.215000,0.215000,0.215000,0.215000,0,0.000000,0.000000,0.215000
2022-11-03 00:00:00+08:00,0.210000,0.215000,0.210000,0.215000,195400,0.000000,0.000000,0.215000
2022-11-04 00:00:00+08:00,0.215000,0.215000,0.215000,0.215000,0,0.000000,0.000000,0.215000
2022-11-07 00:00:00+08:00,0.215000,0.215000,0.215000,0.215000,0,0.000000,0.000000,0.215000
2022-11-08 00:00:00+08:00,0.215000,0.215000,0.215000,0.215000,0,0.000000,0.000000,0.215000
2022-11-09 00:00:00+08:00,0.215000,0.215000,0.215000,0.215000,0,0.000000,0.000000,0.215000
2022-11-10 00:00:00+08:00,0.215000,0.215000,0.215000,0.215000,13900,0.000000,0.000000,0.215000
2022-11-11 00:00:00+08:00,0.215000,0.215000,0.215000,0.215000,0,0.000000,0.000000,0.215000
2022-11-14 00:00:00+08:00,0.215000,0.215000,0.215000,0.215000,0,0.000000,0.000000,0.215000
2022-11-15 00:00:00+08:00,0.210000,0.210000,0.210000,0.210000,11900,0.000000,0.000000,0.210000
2022-11-16 00:00:00+08:00,0.210000,0.210000,0.210000,0.210000,0,0.000000,0.000000,0.210000
2022-11-17 00:00:00+08:00,0.210000,0.210000,0.210000,0.210000,0,0.000000,0.000000,0.210000
2022-11-18 00:00:00+08:00,0.210000,0.210000,0.210000,0.210000,0,0.000000,0.000000,0.210000
2022-11-21 00:00:00+08:00,0.210000,0.210000,0.210000,0.210000,0,0.000000,0.000000,0.210000
2022-11-22 00:00:00+08:00,0.210000,0.210000,0.210000,0.210000,0,0.000000,0.000000,0.210000
2022-11-23 00:00:00+08:00,0.210000,0.210000,0.210000,0.210000,0,0.000000,0.000000,0.210000
2022-11-24 00:00:00+08:00,0.210000,0.210000,0.210000,0.210000,1200,0.000000,0.000000,0.210000
2022-11-25 00:00:00+08:00,0.210000,0.210000,0.210000,0.210000,5900,0.000000,0.000000,0.210000
2022-11-28 00:00:00+08:00,0.210000,0.210000,0.210000,0.210000,0,0.000000,0.000000,0.210000
2022-11-29 00:00:00+08:00,0.210000,0.210000,0.210000,0.210000,0,0.000000,0.000000,0.210000
2022-11-30 00:00:00+08:00,0.210000,0.210000,0.210000,0.210000,0,0.000000,0.000000,0.210000
2022-12-01 00:00:00+08:00,0.210000,0.210000,0.210000,0.210000,0,0.000000,0.000000,0.210000
2022-12-02 00:00:00+08:00,0.210000,0.210000,0.210000,0.210000,0,0.000000,0.000000,0.210000
2022-12-05 00:00:00+08:00,0.210000,0.210000,0.210000,0.210000,0,0.000000,0.000000,0.210000
2022-12-06 00:00:00+08:00,0.210000,0.210000,0.210000,0.210000,0,0.000000,0.000000,0.210000
2022-12-07 00:00:00+08:00,0.210000,0.210000,0.210000,0.210000,0,0.000000,0.000000,0.210000
2022-12-08 00:00:00+08:00,0.210000,0.210000,0.210000,0.210000,0,0.000000,0.000000,0.210000
2022-12-09 00:00:00+08:00,0.210000,0.210000,0.210000,0.210000,0,0.000000,0.000000,0.210000
2022-12-12 00:00:00+08:00,0.210000,0.210000,0.210000,0.210000,0,0.000000,0.000000,0.210000
2022-12-13 00:00:00+08:00,0.210000,0.210000,0.210000,0.210000,0,0.000000,0.000000,0.210000
2022-12-14 00:00:00+08:00,0.210000,0.210000,0.210000,0.210000,0,0.000000,0.000000,0.210000
2022-12-15 00:00:00+08:00,0.220000,0.220000,0.220000,0.220000,30000,0.000000,0.000000,0.220000
2022-12-16 00:00:00+08:00,0.220000,0.220000,0.220000,0.220000,0,0.000000,0.000000,0.220000
2022-12-19 00:00:00+08:00,0.220000,0.220000,0.220000,0.220000,130000,0.000000,0.000000,0.220000
2022-12-20 00:00:00+08:00,0.220000,0.220000,0.220000,0.220000,0,0.000000,0.000000,0.220000
2022-12-21 00:00:00+08:00,0.220000,0.220000,0.220000,0.220000,0,0.000000,0.000000,0.220000
2022-12-22 00:00:00+08:00,0.215000,0.215000,0.215000,0.215000,59500,0.000000,0.000000,0.215000
2022-12-23 00:00:00+08:00,0.210000,0.210000,0.210000,0.210000,1900,0.000000,0.000000,0.210000
2022-12-27 00:00:00+08:00,0.215000,0.220000,0.215000,0.220000,1800,0.000000,0.000000,0.220000
2022-12-28 00:00:00+08:00,0.220000,0.220000,0.220000,0.220000,19000,0.000000,0.000000,0.220000
2022-12-29 00:00:00+08:00,0.220000,0.220000,0.220000,0.220000,200,0.000000,0.000000,0.220000
2022-12-30 00:00:00+08:00,0.220000,0.220000,0.220000,0.220000,0,0.000000,0.000000,0.220000
2023-01-03 00:00:00+08:00,0.220000,0.220000,0.220000,0.220000,120100,0.000000,0.000000,0.220000
2023-01-04 00:00:00+08:00,0.220000,0.220000,0.220000,0.220000,0,0.000000,0.000000,0.220000
2023-01-05 00:00:00+08:00,0.220000,0.220000,0.220000,0.220000,0,0.000000,0.000000,0.220000
2023-01-06 00:00:00+08:00,0.210000,0.210000,0.210000,0.210000,300,0.000000,0.000000,0.210000
2023-01-09 00:00:00+08:00,0.210000,0.210000,0.210000,0.210000,0,0.000000,0.000000,0.210000
2023-01-10 00:00:00+08:00,0.210000,0.210000,0.210000,0.210000,0,0.000000,0.000000,0.210000
2023-01-11 00:00:00+08:00,0.210000,0.210000,0.210000,0.210000,43500,0.000000,0.000000,0.210000
2023-01-12 00:00:00+08:00,0.210000,0.210000,0.210000,0.210000,0,0.000000,0.000000,0.210000
2023-01-13 00:00:00+08:00,0.210000,0.210000,0.210000,0.210000,0,0.000000,0.000000,0.210000
2023-01-16 00:00:00+08:00,0.210000,0.210000,0.210000,0.210000,0,0.000000,0.000000,0.210000
2023-01-17 00:00:00+08:00,0.210000,0.210000,0.210000,0.210000,0,0.000000,0.000000,0.210000
2023-01-18 00:00:00+08:00,0.210000,0.210000,0.210000,0.210000,5000,0.000000,0.000000,0.210000
2023-01-19 00:00:00+08:00,0.210000,0.210000,0.210000,0.210000,0,0.000000,0.000000,0.210000
2023-01-20 00:00:00+08:00,0.210000,0.210000,0.210000,0.210000,0,0.000000,0.000000,0.210000
2023-01-25 00:00:00+08:00,0.210000,0.210000,0.210000,0.210000,500,0.000000,0.000000,0.210000
2023-01-26 00:00:00+08:00,0.210000,0.210000,0.210000,0.210000,0,0.000000,0.000000,0.210000
2023-01-27 00:00:00+08:00,0.210000,0.210000,0.210000,0.210000,0,0.000000,0.000000,0.210000
2023-01-30 00:00:00+08:00,0.220000,0.220000,0.220000,0.220000,3500,0.000000,0.000000,0.220000
2023-01-31 00:00:00+08:00,0.220000,0.220000,0.220000,0.220000,0,0.000000,0.000000,0.220000
2023-02-01 00:00:00+08:00,0.210000,0.210000,0.210000,0.210000,700,0.000000,0.000000,0.210000
2023-02-02 00:00:00+08:00,0.220000,0.220000,0.220000,0.220000,600,0.000000,0.000000,0.220000
2023-02-03 00:00:00+08:00,0.220000,0.220000,0.220000,0.220000,0,0.000000,0.000000,0.220000
2023-02-06 00:00:00+08:00,0.220000,0.220000,0.220000,0.220000,0,0.000000,0.000000,0.220000
2023-02-07 00:00:00+08:00,0.220000,0.220000,0.220000,0.220000,0,0.000000,0.000000,0.220000
2023-02-08 00:00:00+08:00,0.220000,0.220000,0.220000,0.220000,0,0.000000,0.000000,0.220000
2023-02-09 00:00:00+08:00,0.220000,0.220000,0.220000,0.220000,0,0.000000,0.000000,0.220000
2023-02-10 00:00:00+08:00,0.220000,0.220000,0.220000,0.220000,0,0.000000,0.000000,0.220000
2023-02-13 00:00:00+08:00,0.210000,0.210000,0.210000,0.210000,100,0.000000,0.000000,0.210000
2023-02-14 00:00:00+08:00,0.210000,0.210000,0.210000,0.210000,0,0.000000,0.000000,0.210000
2023-02-15 00:00:00+08:00,0.210000,0.210000,0.210000,0.210000,0,0.000000,0.000000,0.210000
2023-02-16 00:00:00+08:00,0.210000,0.210000,0.210000,0.210000,0,0.000000,0.000000,0.210000
2023-02-17 00:00:00+08:00,0.210000,0.210000,0.210000,0.210000,0,0.000000,0.000000,0.210000
2023-02-20 00:00:00+08:00,0.210000,0.210000,0.210000,0.210000,0,0.000000,0.000000,0.210000
2023-02-21 00:00:00+08:00,0.210000,0.210000,0.210000,0.210000,0,0.000000,0.000000,0.210000
2023-02-22 00:00:00+08:00,0.210000,0.210000,0.210000,0.210000,0,0.000000,0.000000,0.210000
2023-02-23 00:00:00+08:00,0.210000,0.210000,0.210000,0.210000,0,0.000000,0.000000,0.210000
2023-02-24 00:00:00+08:00,0.210000,0.210000,0.210000,0.210000,0,0.000000,0.000000,0.210000
2023-02-27 00:00:00+08:00,0.210000,0.210000,0.210000,0.210000,0,0.000000,0.000000,0.210000
2023-02-28 00:00:00+08:00,0.210000,0.210000,0.210000,0.210000,0,0.000000,0.000000,0.210000
2023-03-01 00:00:00+08:00,0.210000,0.210000,0.210000,0.210000,0,0.000000,0.000000,0.210000
2023-03-02 00:00:00+08:00,0.210000,0.210000,0.210000,0.210000,0,0.000000,0.000000,0.210000
2023-03-03 00:00:00+08:00,0.210000,0.210000,0.210000,0.210000,0,0.000000,0.000000,0.210000
2023-03-06 00:00:00+08:00,0.200000,0.200000,0.200000,0.200000,20000,0.000000,0.000000,0.200000
2023-03-07 00:00:00+08:00,0.200000,0.200000,0.200000,0.200000,0,0.000000,0.000000,0.200000
2023-03-08 00:00:00+08:00,0.195000,0.195000,0.195000,0.195000,100,0.000000,0.000000,0.195000
2023-03-09 00:00:00+08:00,0.195000,0.195000,0.195000,0.195000,0,0.000000,0.000000,0.195000
2023-03-10 00:00:00+08:00,0.195000,0.195000,0.195000,0.195000,0,0.000000,0.000000,0.195000
2023-03-13 00:00:00+08:00,0.195000,0.195000,0.195000,0.195000,0,0.000000,0.000000,0.195000
2023-03-14 00:00:00+08:00,0.195000,0.195000,0.195000,0.195000,0,0.000000,0.000000,0.195000
2023-03-15 00:00:00+08:00,0.195000,0.195000,0.195000,0.195000,0,0.000000,0.000000,0.195000
2023-03-16 00:00:00+08:00,0.195000,0.195000,0.195000,0.195000,0,0.000000,0.000000,0.195000
2023-03-17 00:00:00+08:00,0.195000,0.195000,0.195000,0.195000,0,0.000000,0.000000,0.195000
2023-03-20 00:00:00+08:00,0.195000,0.195000,0.195000,0.195000,0,0.000000,0.000000,0.195000
2023-03-21 00:00:00+08:00,0.195000,0.195000,0.195000,0.195000,0,0.000000,0.000000,0.195000
2023-03-22 00:00:00+08:00,0.195000,0.195000,0.195000,0.195000,0,0.000000,0.000000,0.195000
2023-03-23 00:00:00+08:00,0.195000,0.195000,0.195000,0.195000,0,0.000000,0.000000,0.195000
2023-03-24 00:00:00+08:00,0.195000,0.195000,0.195000,0.195000,0,0.000000,0.000000,0.195000
2023-03-27 00:00:00+08:00,0.195000,0.195000,0.195000,0.195000,0,0.000000,0.000000,0.195000
2023-03-28 00:00:00+08:00,0.195000,0.195000,0.195000,0.195000,0,0.000000,0.000000,0.195000
2023-03-29 00:00:00+08:00,0.195000,0.195000,0.195000,0.195000,0,0.000000,0.000000,0.195000
2023-03-30 00:00:00+08:00,0.195000,0.195000,0.195000,0.195000,0,0.000000,0.000000,0.195000
2023-03-31 00:00:00+08:00,0.195000,0.195000,0.195000,0.195000,0,0.000000,0.000000,0.195000
2023-04-03 00:00:00+08:00,0.195000,0.195000,0.195000,0.195000,0,0.000000,0.000000,0.195000
2023-04-04 00:00:00+08:00,0.195000,0.195000,0.195000,0.195000,0,0.000000,0.000000,0.195000
2023-04-05 00:00:00+08:00,0.195000,0.195000,0.195000,0.195000,0,0.000000,0.000000,0.195000
2023-04-06 00:00:00+08:00,0.181000,0.195000,0.181000,0.195000,41000,0.000000,0.000000,0.195000
2023-04-10 00:00:00+08:00,0.195000,0.195000,0.195000,0.195000,0,0.000000,0.000000,0.195000
2023-04-11 00:00:00+08:00,0.205000,0.205000,0.205000,0.205000,200,0.000000,0.000000,0.205000
2023-04-12 00:00:00+08:00,0.205000,0.205000,0.205000,0.205000,0,0.000000,0.000000,0.205000
2023-04-13 00:00:00+08:00,0.205000,0.205000,0.205000,0.205000,0,0.000000,0.000000,0.205000
2023-04-14 00:00:00+08:00,0.205000,0.205000,0.205000,0.205000,0,0.000000,0.000000,0.205000
2023-04-17 00:00:00+08:00,0.205000,0.205000,0.205000,0.205000,0,0.000000,0.000000,0.205000
2023-04-18 00:00:00+08:00,0.195000,0.195000,0.195000,0.195000,3600,0.000000,0.000000,0.195000
2023-04-19 00:00:00+08:00,0.195000,0.195000,0.195000,0.195000,0,0.000000,0.000000,0.195000
2023-04-20 00:00:00+08:00,0.195000,0.195000,0.195000,0.195000,0,0.000000,0.000000,0.195000
2023-04-21 00:00:00+08:00,0.195000,0.195000,0.195000,0.195000,0,0.000000,0.000000,0.195000
2023-04-24 00:00:00+08:00,0.195000,0.195000,0.195000,0.195000,0,0.000000,0.000000,0.195000
2023-04-25 00:00:00+08:00,0.195000,0.195000,0.195000,0.195000,0,0.000000,0.000000,0.195000
2023-04-26 00:00:00+08:00,0.195000,0.195000,0.195000,0.195000,0,0.000000,0.000000,0.195000
2023-04-27 00:00:00+08:00,0.195000,0.195000,0.195000,0.195000,0,0.000000,0.000000,0.195000
2023-04-28 00:00:00+08:00,0.195000,0.195000,0.195000,0.195000,0,0.000000,0.000000,0.195000
2023-05-02 00:00:00+08:00,0.195000,0.195000,0.195000,0.195000,0,0.000000,0.000000,0.195000
2023-05-03 00:00:00+08:00,0.195000,0.195000,0.195000,0.195000,0,0.000000,0.000000,0.195000
2023-05-04 00:00:00+08:00,0.195000,0.195000,0.195000,0.195000,0,0.000000,0.000000,0.195000
2023-05-05 00:00:00+08:00,0.195000,0.195000,0.195000,0.195000,0,0.000000,0.000000,0.195000
2023-05-08 00:00:00+08:00,0.195000,0.195000,0.195000,0.195000,0,0.000000,0.000000,0.195000
2023-05-09 00:00:00+08:00,0.195000,0.195000,0.195000,0.195000,0,0.000000,0.000000,0.195000
2023-05-10 00:00:00+08:00,0.195000,0.195000,0.195000,0.195000,0,0.000000,0.000000,0.195000
2023-05-11 00:00:00+08:00,0.195000,0.195000,0.195000,0.195000,0,0.000000,0.000000,0.195000
2023-05-12 00:00:00+08:00,0.195000,0.195000,0.195000,0.195000,0,0.000000,0.000000,0.195000
2023-05-15 00:00:00+08:00,0.195000,0.195000,0.195000,0.195000,0,0.000000,0.000000,0.195000
2023-05-16 00:00:00+08:00,0.195000,0.195000,0.195000,0.195000,0,0.000000,0.000000,0.195000
2023-05-17 00:00:00+08:00,0.195000,0.195000,0.195000,0.195000,0,0.000000,0.000000,0.195000
2023-05-18 00:00:00+08:00,0.195000,0.195000,0.195000,0.195000,0,0.000000,0.000000,0.195000
2023-05-19 00:00:00+08:00,0.195000,0.195000,0.195000,0.195000,0,0.000000,0.000000,0.195000
2023-05-22 00:00:00+08:00,0.183000,0.183000,0.183000,0.183000,4000,0.000000,0.000000,0.183000
2023-05-23 00:00:00+08:00,0.183000,0.183000,0.183000,0.183000,0,0.000000,0.000000,0.183000
2023-05-24 00:00:00+08:00,0.183000,0.183000,0.183000,0.183000,0,0.000000,0.000000,0.183000
2023-05-25 00:00:00+08:00,0.183000,0.183000,0.183000,0.183000,0,0.000000,0.000000,0.183000
2023-05-26 00:00:00+08:00,0.183000,0.183000,0.183000,0.183000,0,0.000000,0.000000,0.183000
2023-05-29 00:00:00+08:00,0.183000,0.183000,0.183000,0.183000,0,0.000000,0.000000,0.183000
2023-05-30 00:00:00+08:00,0.185000,0.185000,0.185000,0.185000,114000,0.000000,0.000000,0.185000
2023-05-31 00:00:00+08:00,0.185000,0.185000,0.185000,0.185000,0,0.000000,0.000000,0.185000
2023-06-01 00:00:00+08:00,0.185000,0.185000,0.185000,0.185000,0,0.000000,0.000000,0.185000
2023-06-05 00:00:00+08:00,0.185000,0.185000,0.185000,0.185000,0,0.000000,0.000000,0.185000
2023-06-06 00:00:00+08:00,0.185000,0.185000,0.185000,0.185000,0,0.000000,0.000000,0.185000
2023-06-07 00:00:00+08:00,0.185000,0.185000,0.185000,0.185000,0,0.000000,0.000000,0.185000
2023-06-08 00:00:00+08:00,0.185000,0.185000,0.185000,0.185000,0,0.000000,0.000000,0.185000
2023-06-09 00:00:00+08:00,0.185000,0.185000,0.185000,0.185000,0,0.000000,0.000000,0.185000
2023-06-12 00:00:00+08:00,0.185000,0.185000,0.185000,0.185000,0,0.000000,0.000000,0.185000
2023-06-13 00:00:00+08:00,0.185000,0.185000,0.185000,0.185000,0,0.000000,0.000000,0.185000
2023-06-14 00:00:00+08:00,0.185000,0.185000,0.185000,0.185000,0,0.000000,0.000000,0.185000
2023-06-15 00:00:00+08:00,0.185000,0.185000,0.185000,0.185000,0,0.000000,0.000000,0.185000
2023-06-16 00:00:00+08:00,0.185000,0.185000,0.185000,0.185000,0,0.000000,0.000000,0.185000
2023-06-19 00:00:00+08:00,0.190000,0.190000,0.190000,0.190000,60000,0.000000,0.000000,0.190000
2023-06-20 00:00:00+08:00,0.190000,0.190000,0.190000,0.190000,5000,0.000000,0.000000,0.190000
2023-06-21 00:00:00+08:00,0.190000,0.190000,0.190000,0.190000,0,0.000000,0.000000,0.190000
2023-06-22 00:00:00+08:00,0.190000,0.190000,0.190000,0.190000,0,0.000000,0.000000,0.190000
2023-06-23 00:00:00+08:00,0.190000,0.190000,0.190000,0.190000,0,0.000000,0.000000,0.190000
2023-06-26 00:00:00+08:00,0.190000,0.190000,0.190000,0.190000,0,0.000000,0.000000,0.190000
2023-06-27 00:00:00+08:00,0.185000,0.185000,0.183000,0.183000,104200,0.000000,0.000000,0.183000
2023-06-28 00:00:00+08:00,0.183000,0.183000,0.183000,0.183000,0,0.000000,0.000000,0.183000
2023-06-30 00:00:00+08:00,0.183000,0.183000,0.183000,0.183000,0,0.000000,0.000000,0.183000
2023-07-03 00:00:00+08:00,0.190000,0.190000,0.190000,0.190000,20000,0.000000,0.000000,0.190000
2023-07-04 00:00:00+08:00,0.190000,0.190000,0.190000,0.190000,0,0.000000,0.000000,0.190000
2023-07-05 00:00:00+08:00,0.190000,0.190000,0.190000,0.190000,0,0.000000,0.000000,0.190000
2023-07-06 00:00:00+08:00,0.190000,0.190000,0.190000,0.190000,0,0.000000,0.000000,0.190000
2023-07-07 00:00:00+08:00,0.182000,0.190000,0.182000,0.190000,11000,0.000000,0.000000,0.190000
2023-07-10 00:00:00+08:00,0.190000,0.190000,0.190000,0.190000,0,0.000000,0.000000,0.190000
2023-07-11 00:00:00+08:00,0.190000,0.190000,0.190000,0.190000,0,0.000000,0.000000,0.190000
2023-07-12 00:00:00+08:00,0.190000,0.190000,0.190000,0.190000,0,0.000000,0.000000,0.190000
2023-07-13 00:00:00+08:00,0.193000,0.193000,0.184000,0.184000,10300,0.000000,0.000000,0.184000
2023-07-14 00:00:00+08:00,0.187000,0.210000,0.187000,0.210000,7200,0.000000,0.000000,0.210000
2023-07-17 00:00:00+08:00,0.205000,0.205000,0.205000,0.205000,1000,0.000000,0.000000,0.205000
2023-07-18 00:00:00+08:00,0.205000,0.205000,0.205000,0.205000,7000,0.000000,0.000000,0.205000
2023-07-19 00:00:00+08:00,0.205000,0.205000,0.205000,0.205000,0,0.000000,0.000000,0.205000
2023-07-20 00:00:00+08:00,0.210000,0.210000,0.205000,0.205000,101300,0.000000,0.000000,0.205000
2023-07-21 00:00:00+08:00,0.215000,0.215000,0.215000,0.215000,100,0.000000,0.000000,0.215000
2023-07-24 00:00:00+08:00,0.215000,0.215000,0.215000,0.215000,900,0.000000,0.000000,0.215000
2023-07-25 00:00:00+08:00,0.215000,0.215000,0.215000,0.215000,0,0.000000,0.000000,0.215000
2023-07-26 00:00:00+08:00,0.215000,0.215000,0.215000,0.215000,0,0.000000,0.000000,0.215000
2023-07-27 00:00:00+08:00,0.215000,0.215000,0.215000,0.215000,0,0.000000,0.000000,0.215000
2023-07-28 00:00:00+08:00,0.215000,0.215000,0.215000,0.215000,0,0.000000,0.000000,0.215000
2023-07-31 00:00:00+08:00,0.215000,0.215000,0.215000,0.215000,0,0.000000,0.000000,0.215000
2023-08-01 00:00:00+08:00,0.210000,0.210000,0.205000,0.205000,7100,0.000000,0.000000,0.205000
2023-08-02 00:00:00+08:00,0.205000,0.205000,0.205000,0.205000,0,0.000000,0.000000,0.205000
2023-08-03 00:00:00+08:00,0.205000,0.205000,0.205000,0.205000,0,0.000000,0.000000,0.205000
2023-08-04 00:00:00+08:00,0.205000,0.205000,0.205000,0.205000,0,0.000000,0.000000,0.205000
2023-08-07 00:00:00+08:00,0.205000,0.205000,0.205000,0.205000,0,0.000000,0.000000,0.205000
2023-08-08 00:00:00+08:00,0.205000,0.205000,0.205000,0.205000,0,0.000000,0.000000,0.205000
2023-08-10 00:00:00+08:00,0.205000,0.205000,0.205000,0.205000,0,0.000000,0.000000,0.205000
2023-08-11 00:00:00+08:00,0.205000,0.205000,0.205000,0.205000,0,0.000000,0.000000,0.205000
2023-08-14 00:00:00+08:00,0.205000,0.205000,0.205000,0.205000,0,0.000000,0.000000,0.205000
2023-08-15 00:00:00+08:00,0.205000,0.205000,0.205000,0.205000,0,0.000000,0.000000,0.205000
2023-08-16 00:00:00+08:00,0.205000,0.205000,0.205000,0.205000,0,0.000000,0.000000,0.205000
2023-08-17 00:00:00+08:00,0.205000,0.205000,0.205000,0.205000,0,0.000000,0.000000,0.205000
2023-08-18 00:00:00+08:00,0.205000,0.205000,0.205000,0.205000,0,0.000000,0.000000,0.205000
2023-08-21 00:00:00+08:00,0.205000,0.205000,0.205000,0.205000,0,0.000000,0.000000,0.205000
2023-08-22 00:00:00+08:00,0.210000,0.215000,0.210000,0.215000,10300,0.000000,0.000000,0.215000
2023-08-23 00:00:00+08:00,0.210000,0.210000,0.210000,0.210000,3000,0.000000,0.000000,0.210000
2023-08-24 00:00:00+08:00,0.210000,0.210000,0.210000,0.210000,69200,0.000000,0.000000,0.210000
2023-08-25 00:00:00+08:00,0.210000,0.210000,0.205000,0.210000,11900,0.000000,0.000000,0.210000
2023-08-28 00:00:00+08:00,0.210000,0.210000,0.210000,0.210000,4700,0.000000,0.000000,0.210000
2023-08-29 00:00:00+08:00,0.210000,0.210000,0.210000,0.210000,32000,0.000000,0.000000,0.210000
2023-08-30 00:00:00+08:00,0.210000,0.210000,0.210000,0.210000,0,0.000000,0.000000,0.210000
2023-08-31 00:00:00+08:00,0.210000,0.210000,0.210000,0.210000,500,0.000000,0.000000,0.210000
2023-09-04 00:00:00+08:00,0.210000,0.210000,0.210000,0.210000,10000,0.000000,0.000000,0.210000
2023-09-05 00:00:00+08:00,0.210000,0.210000,0.210000,0.210000,0,0.000000,0.000000,0.210000
2023-09-06 00:00:00+08:00,0.210000,0.210000,0.210000,0.210000,1000,0.000000,0.000000,0.210000
2023-09-07 00:00:00+08:00,0.210000,0.210000,0.210000,0.210000,10000,0.000000,0.000000,0.210000
2023-09-08 00:00:00+08:00,0.210000,0.210000,0.210000,0.210000,0,0.000000,0.000000,0.210000
2023-09-11 00:00:00+08:00,0.215000,0.215000,0.215000,0.215000,1500,0.000000,0.000000,0.215000
2023-09-12 00:00:00+08:00,0.215000,0.215000,0.215000,0.215000,0,0.000000,0.000000,0.215000
2023-09-13 00:00:00+08:00,0.215000,0.215000,0.215000,0.215000,80000,0.000000,0.000000,0.215000
2023-09-14 00:00:00+08:00,0.220000,0.220000,0.220000,0.220000,1000,0.000000,0.000000,0.220000
2023-09-15 00:00:00+08:00,0.220000,0.220000,0.220000,0.220000,0,0.000000,0.000000,0.220000
2023-09-18 00:00:00+08:00,0.220000,0.220000,0.220000,0.220000,0,0.000000,0.000000,0.220000
2023-09-19 00:00:00+08:00,0.220000,0.220000,0.220000,0.220000,0,0.000000,0.000000,0.220000
2023-09-20 00:00:00+08:00,0.220000,0.220000,0.220000,0.220000,0,0.000000,0.000000,0.220000
2023-09-21 00:00:00+08:00,0.195000,0.195000,0.195000,0.195000,50000,0.000000,0.000000,0.195000
2023-09-22 00:00:00+08:00,0.195000,0.195000,0.195000,0.195000,0,0.000000,0.000000,0.195000
2023-09-25 00:00:00+08:00,0.195000,0.195000,0.195000,0.195000,0,0.000000,0.000000,0.195000
2023-09-26 00:00:00+08:00,0.195000,0.195000,0.195000,0.195000,0,0.000000,0.000000,0.195000
2023-09-27 00:00:00+08:00,0.195000,0.195000,0.195000,0.195000,0,0.000000,0.000000,0.195000
2023-09-28 00:00:00+08:00,0.195000,0.195000,0.195000,0.195000,0,0.000000,0.000000,0.195000
2023-09-29 00:00:00+08:00,0.195000,0.195000,0.195000,0.195000,0,0.000000,0.000000,0.195000
2023-10-02 00:00:00+08:00,0.195000,0.195000,0.195000,0.195000,0,0.000000,0.000000,0.195000
2023-10-03 00:00:00+08:00,0.195000,0.195000,0.195000,0.195000,0,0.000000,0.000000,0.195000
2023-10-04 00:00:00+08:00,0.195000,0.195000,0.195000,0.195000,0,0.000000,0.000000,0.195000
2023-10-05 00:00:00+08:00,0.195000,0.195000,0.195000,0.195000,0,0.000000,0.000000,0.195000
2023-10-06 00:00:00+08:00,0.195000,0.195000,0.195000,0.195000,0,0.000000,0.000000,0.195000
2023-10-09 00:00:00+08:00,0.195000,0.195000,0.195000,0.195000,0,0.000000,0.000000,0.195000
2023-10-10 00:00:00+08:00,0.195000,0.195000,0.195000,0.195000,0,0.000000,0.000000,0.195000
2023-10-11 00:00:00+08:00,0.195000,0.195000,0.195000,0.195000,0,0.000000,0.000000,0.195000
2023-10-12 00:00:00+08:00,0.195000,0.195000,0.195000,0.195000,0,0.000000,0.000000,0.195000
2023-10-13 00:00:00+08:00,0.195000,0.195000,0.195000,0.195000,0,0.000000,0.000000,0.195000
2023-10-16 00:00:00+08:00,0.195000,0.195000,0.195000,0.195000,0,0.000000,0.000000,0.195000
2023-10-17 00:00:00+08:00,0.199000,0.199000,0.199000,0.199000,4000,0.000000,0.000000,0.199000
2023-10-18 00:00:00+08:00,0.199000,0.199000,0.199000,0.199000,0,0.000000,0.000000,0.199000
2023-10-19 00:00:00+08:00,0.199000,0.199000,0.199000,0.199000,0,0.000000,0.000000,0.199000
2023-10-20 00:00:00+08:00,0.199000,0.199000,0.199000,0.199000,0,0.000000,0.000000,0.199000
2023-10-23 00:00:00+08:00,0.199000,0.199000,0.199000,0.199000,0,0.000000,0.000000,0.199000
2023-10-24 00:00:00+08:00,0.199000,0.199000,0.199000,0.199000,0,0.000000,0.000000,0.199000
2023-10-25 00:00:00+08:00,0.199000,0.199000,0.199000,0.199000,0,0.000000,0.000000,0.199000
2023-10-26 00:00:00+08:00,0.199000,0.199000,0.199000,0.199000,0,0.000000,0.000000,0.199000
2023-10-27 00:00:00+08:00,0.199000,0.199000,0.199000,0.199000,0,0.000000,0.000000,0.199000
2023-10-30 00:00:00+08:00,0.199000,0.199000,0.199000,0.199000,0,0.000000,0.000000,0.199000
2023-10-31 00:00:00+08:00,0.199000,0.199000,0.199000,0.199000,0,0.000000,0.000000,0.199000
2023-11-01 00:00:00+08:00,0.199000,0.199000,0.199000,0.199000,0,0.000000,0.000000,0.199000
2023-11-02 00:00:00+08:00,0.199000,0.199000,0.199000,0.199000,0,0.000000,0.000000,0.199000
2023-11-03 00:00:00+08:00,0.199000,0.199000,0.199000,0.199000,0,0.000000,0.000000,0.199000
2023-11-06 00:00:00+08:00,0.199000,0.199000,0.199000,0.199000,0,0.000000,0.000000,0.199000
2023-11-07 00:00:00+08:00,0.199000,0.199000,0.199000,0.199000,0,0.000000,0.000000,0.199000
2023-11-08 00:00:00+08:00,0.199000,0.199000,0.199000,0.199000,0,0.000000,0.000000,0.199000
2023-11-09 00:00:00+08:00,0.199000,0.199000,0.199000,0.199000,0,0.000000,0.000000,0.199000
2023-11-10 00:00:00+08:00,0.199000,0.199000,0.199000,0.199000,0,0.000000,0.000000,0.199000
2023-11-14 00:00:00+08:00,0.199000,0.199000,0.199000,0.199000,0,0.000000,0.000000,0.199000
2023-11-15 00:00:00+08:00,0.199000,0.199000,0.199000,0.199000,0,0.000000,0.000000,0.199000
2023-11-16 00:00:00+08:00,0.215000,0.215000,0.215000,0.215000,8000,0.000000,0.000000,0.215000
2023-11-17 00:00:00+08:00,0.215000,0.215000,0.215000,0.215000,0,0.000000,0.000000,0.215000
2023-11-20 00:00:00+08:00,0.215000,0.215000,0.215000,0.215000,0,0.000000,0.000000,0.215000
2023-11-21 00:00:00+08:00,0.215000,0.215000,0.215000,0.215000,0,0.000000,0.000000,0.215000
2023-11-22 00:00:00+08:00,0.215000,0.215000,0.215000,0.215000,0,0.000000,0.000000,0.215000
2023-11-23 00:00:00+08:00,0.215000,0.215000,0.215000,0.215000,0,0.000000,0.000000,0.215000
2023-11-24 00:00:00+08:00,0.215000,0.215000,0.215000,0.215000,0,0.000000,0.000000,0.215000
2023-11-27 00:00:00+08:00,0.215000,0.215000,0.215000,0.215000,10000,0.000000,0.000000,0.215000
2023-11-28 00:00:00+08:00,0.215000,0.215000,0.215000,0.215000,0,0.000000,0.000000,0.215000
2023-11-29 00:00:00+08:00,0.215000,0.215000,0.215000,0.215000,900,0.000000,0.000000,0.215000
2023-11-30 00:00:00+08:00,0.215000,0.215000,0.215000,0.215000,0,0.000000,0.000000,0.215000
2023-12-01 00:00:00+08:00,0.215000,0.215000,0.215000,0.215000,0,0.000000,0.000000,0.215000
2023-12-04 00:00:00+08:00,0.215000,0.215000,0.215000,0.215000,0,0.000000,0.000000,0.215000
2023-12-05 00:00:00+08:00,0.215000,0.215000,0.215000,0.215000,0,0.000000,0.000000,0.215000
2023-12-06 00:00:00+08:00,0.215000,0.215000,0.215000,0.215000,0,0.000000,0.000000,0.215000
2023-12-07 00:00:00+08:00,0.215000,0.215000,0.215000,0.215000,0,0.000000,0.000000,0.215000
2023-12-08 00:00:00+08:00,0.215000,0.215000,0.215000,0.215000,7000,0.000000,0.000000,0.215000
2023-12-11 00:00:00+08:00,0.210000,0.210000,0.210000,0.210000,50000,0.000000,0.000000,0.210000
2023-12-12 00:00:00+08:00,0.210000,0.210000,0.210000,0.210000,0,0.000000,0.000000,0.210000
2023-12-13 00:00:00+08:00,0.210000,0.210000,0.210000,0.210000,0,0.000000,0.000000,0.210000
2023-12-14 00:00:00+08:00,0.210000,0.210000,0.210000,0.210000,7000,0.000000,0.000000,0.210000
2023-12-15 00:00:00+08:00,0.205000,0.210000,0.205000,0.210000,8000,0.000000,0.000000,0.210000
2023-12-18 00:00:00+08:00,0.210000,0.210000,0.210000,0.210000,6000,0.000000,0.000000,0.210000
2023-12-19 00:00:00+08:00,0.210000,0.210000,0.210000,0.210000,20000,0.000000,0.000000,0.210000
2023-12-20 00:00:00+08:00,0.210000,0.210000,0.210000,0.210000,2700,0.000000,0.000000,0.210000
2023-12-21 00:00:00+08:00,0.205000,0.205000,0.200000,0.200000,5000,0.000000,0.000000,0.200000
2023-12-22 00:00:00+08:00,0.200000,0.200000,0.200000,0.200000,0,0.000000,0.000000,0.200000
2023-12-26 00:00:00+08:00,0.200000,0.200000,0.200000,0.200000,0,0.000000,0.000000,0.200000
2023-12-27 00:00:00+08:00,0.200000,0.200000,0.200000,0.200000,0,0.000000,0.000000,0.200000
2023-12-28 00:00:00+08:00,0.200000,0.200000,0.200000,0.200000,0,0.000000,0.000000,0.200000
2023-12-29 00:00:00+08:00,0.200000,0.200000,0.200000,0.200000,20000,0.000000,0.000000,0.200000
2024-01-02 00:00:00+08:00,0.210000,0.210000,0.210000,0.210000,3900,0.000000,0.000000,0.210000
2024-01-03 00:00:00+08:00,0.210000,0.210000,0.200000,0.200000,75400,0.000000,0.000000,0.200000
2024-01-04 00:00:00+08:00,0.205000,0.205000,0.200000,0.200000,13200,0.000000,0.000000,0.200000
2024-01-05 00:00:00+08:00,0.200000,0.200000,0.199000,0.200000,30100,0.000000,0.000000,0.200000
2024-01-08 00:00:00+08:00,0.191000,0.191000,0.181000,0.181000,9000,0.000000,0.000000,0.181000
2024-01-09 00:00:00+08:00,0.181000,0.181000,0.181000,0.181000,0,0.000000,0.000000,0.181000
2024-01-10 00:00:00+08:00,0.181000,0.181000,0.181000,0.181000,0,0.000000,0.000000,0.181000
2024-01-11 00:00:00+08:00,0.181000,0.181000,0.181000,0.181000,0,0.000000,0.000000,0.181000
2024-01-12 00:00:00+08:00,0.181000,0.181000,0.181000,0.181000,0,0.000000,0.000000,0.181000
2024-01-15 00:00:00+08:00,0.182000,0.182000,0.182000,0.182000,1500,0.000000,0.000000,0.182000
2024-01-16 00:00:00+08:00,0.182000,0.182000,0.182000,0.182000,0,0.000000,0.000000,0.182000
2024-01-17 00:00:00+08:00,0.182000,0.182000,0.182000,0.182000,0,0.000000,0.000000,0.182000
2024-01-18 00:00:00+08:00,0.182000,0.182000,0.182000,0.182000,0,0.000000,0.000000,0.182000
2024-01-19 00:00:00+08:00,0.182000,0.182000,0.182000,0.182000,0,0.000000,0.000000,0.182000
2024-01-22 00:00:00+08:00,0.182000,0.182000,0.182000,0.182000,0,0.000000,0.000000,0.182000
2024-01-23 00:00:00+08:00,0.182000,0.182000,0.182000,0.182000,0,0.000000,0.000000,0.182000
2024-01-24 00:00:00+08:00,0.182000,0.182000,0.182000,0.182000,0,0.000000,0.000000,0.182000
2024-01-25 00:00:00+08:00,0.183000,0.183000,0.182000,0.182000,40000,0.000000,0.000000,0.182000
2024-01-26 00:00:00+08:00,0.182000,0.182000,0.182000,0.182000,0,0.000000,0.000000,0.182000
2024-01-29 00:00:00+08:00,0.182000,0.182000,0.182000,0.182000,0,0.000000,0.000000,0.182000
2024-01-30 00:00:00+08:00,0.180000,0.180000,0.180000,0.180000,110000,0.000000,0.000000,0.180000
